suite_id,year,district,stage,source_type,file_path,sha256,cache_hit,extraction_status,char_count,run_text_path,source_text_path,error
2024_unknown_district_unknown_stage,2024,,,paper,/Users/wanglifei/Desktop/2024模拟题/北京2024各区《经济与社会》考题-wlfwlf.docx,be4202246df34b0cb4949bc07dece974ad1895cf9b729c3ef5ed838c9debad26,no,raw-extracted,14751,/Users/wanglifei/Desktop/北京高考政治/reports/必修二三与必修四文化_题源分类准备_20260617_1301/02_text_cache/texts/be4202246df34b0c.txt,/Users/wanglifei/Desktop/2024模拟题/北京2024各区《经济与社会》考题-wlfwlf.docx,
2024_unknown_district_unknown_stage,2024,,,paper,/Users/wanglifei/Desktop/2024模拟题/北京及2024各区《经济与社会》考题-wlf.pdf,9a3f865ff2f0fabe473781a26ada28a934a996b2268a5fb30a8f44803e6926a5,no,raw-extracted,16010,/Users/wanglifei/Desktop/北京高考政治/reports/必修二三与必修四文化_题源分类准备_20260617_1301/02_text_cache/texts/9a3f865ff2f0fabe.txt,/Users/wanglifei/Desktop/2024模拟题/北京及2024各区《经济与社会》考题-wlf.pdf,
2024_unknown_district_一模,2024,,一模,module-classification,/Users/wanglifei/Desktop/2024模拟题/202404各区一模试题分类（按模块）/2024届各区一模试题分类汇编必修1.docx,14501f7fbb96e038af1fe21b95440a26ed02eb944856cc9815ca1e5b867d6a90,yes,cache-hit,3727,/Users/wanglifei/Desktop/北京高考政治/reports/必修二三与必修四文化_题源分类准备_20260617_1301/02_text_cache/texts/14501f7fbb96e038.txt,/Users/wanglifei/GaokaoPolitics/beijing-politics-sync/data/preprocessed_corpus/texts/14501f7fbb96e038_2024届各区一模试题分类汇编必修1.txt,
2024_unknown_district_一模,2024,,一模,module-classification,/Users/wanglifei/Desktop/2024模拟题/202404各区一模试题分类（按模块）/2024届各区一模试题分类汇编必修2 .docx,3965bc306d35c89f6ed5fb4cecb7b71379c7f669fd63ab423ed0cfe9f9174b3b,yes,cache-hit,10096,/Users/wanglifei/Desktop/北京高考政治/reports/必修二三与必修四文化_题源分类准备_20260617_1301/02_text_cache/texts/3965bc306d35c89f.txt,/Users/wanglifei/GaokaoPolitics/beijing-politics-sync/data/preprocessed_corpus/texts/3965bc306d35c89f_2024届各区一模试题分类汇编必修2.txt,
2024_unknown_district_一模,2024,,一模,module-classification,/Users/wanglifei/Desktop/2024模拟题/202404各区一模试题分类（按模块）/2024届各区一模试题分类汇编必修3.docx,b2adb9acbea551522631e403a779ff7ac1afdd1e47127b987f5e13f4a6e2ae9d,yes,cache-hit,11761,/Users/wanglifei/Desktop/北京高考政治/reports/必修二三与必修四文化_题源分类准备_20260617_1301/02_text_cache/texts/b2adb9acbea55152.txt,/Users/wanglifei/GaokaoPolitics/beijing-politics-sync/data/preprocessed_corpus/texts/b2adb9acbea55152_2024届各区一模试题分类汇编必修3.txt,
2024_unknown_district_一模,2024,,一模,module-classification,/Users/wanglifei/Desktop/2024模拟题/202404各区一模试题分类（按模块）/2024届各区一模试题分类汇编必修4.docx,3423b62eb032b5df1dd18b865bb05d7b34056cae623407b593e36d437bf4b510,yes,cache-hit,10920,/Users/wanglifei/Desktop/北京高考政治/reports/必修二三与必修四文化_题源分类准备_20260617_1301/02_text_cache/texts/3423b62eb032b5df.txt,/Users/wanglifei/GaokaoPolitics/beijing-politics-sync/data/preprocessed_corpus/texts/3423b62eb032b5df_2024届各区一模试题分类汇编必修4.txt,
2024_unknown_district_一模,2024,,一模,module-classification,/Users/wanglifei/Desktop/2024模拟题/202404各区一模试题分类（按模块）/2024届各区一模试题分类汇编选必1.docx,0f4414a153ba94c0b74d4eb708a13665083b340508ddbc103ff4d9f775620f1d,yes,cache-hit,11362,/Users/wanglifei/Desktop/北京高考政治/reports/必修二三与必修四文化_题源分类准备_20260617_1301/02_text_cache/texts/0f4414a153ba94c0.txt,/Users/wanglifei/GaokaoPolitics/beijing-politics-sync/data/preprocessed_corpus/texts/0f4414a153ba94c0_2024届各区一模试题分类汇编选必1.txt,
2024_unknown_district_一模,2024,,一模,module-classification,/Users/wanglifei/Desktop/2024模拟题/202404各区一模试题分类（按模块）/2024届各区一模试题分类汇编选必2.docx,c22ac0d594c5a7bb0cbb23196f15e2e7fbcfdbbf89dcc221ce9cc83c235269e1,yes,cache-hit,12300,/Users/wanglifei/Desktop/北京高考政治/reports/必修二三与必修四文化_题源分类准备_20260617_1301/02_text_cache/texts/c22ac0d594c5a7bb.txt,/Users/wanglifei/GaokaoPolitics/beijing-politics-sync/data/preprocessed_corpus/texts/c22ac0d594c5a7bb_2024届各区一模试题分类汇编选必2.txt,
2024_unknown_district_一模,2024,,一模,module-classification,/Users/wanglifei/Desktop/2024模拟题/202404各区一模试题分类（按模块）/2024届各区一模试题分类汇编选必3.doc,4b25cddd4dc2992de1001f813db329ed483a2c3c3c8d5197bb13f59e61b5218f,yes,cache-hit,9010,/Users/wanglifei/Desktop/北京高考政治/reports/必修二三与必修四文化_题源分类准备_20260617_1301/02_text_cache/texts/4b25cddd4dc2992d.txt,/Users/wanglifei/GaokaoPolitics/beijing-politics-sync/data/preprocessed_corpus/texts/4b25cddd4dc2992d_2024届各区一模试题分类汇编选必3.txt,
2024_东城_一模,2024,东城,一模,paper,/Users/wanglifei/Desktop/2024模拟题/2024东城一模/试卷/试卷.pdf,74cdfac9253763bf12c9443d036ebbeab12693ba7015a2f335d19ccfcab6d96b,yes,cache-hit,832,/Users/wanglifei/Desktop/北京高考政治/reports/必修二三与必修四文化_题源分类准备_20260617_1301/02_text_cache/texts/74cdfac9253763bf.txt,/Users/wanglifei/GaokaoPolitics/beijing-politics-sync/data/preprocessed_corpus/gpt_sources/74cdfac9253763bf_北京市东城区2023-2024学年度第二学期高三综合练习_一_思想政治试卷_1.md,
2024_东城_一模,2024,东城,一模,rubric,/Users/wanglifei/Desktop/2024模拟题/2024东城一模/细则/细则.pptx,4b2073bcc9e26f626b49b66dd6e0c64ec93650292d50719806830d7aea9fa3ce,yes,cache-hit,9089,/Users/wanglifei/Desktop/北京高考政治/reports/必修二三与必修四文化_题源分类准备_20260617_1301/02_text_cache/texts/4b2073bcc9e26f62.txt,/Users/wanglifei/GaokaoPolitics/beijing-politics-sync/data/preprocessed_corpus/texts/4b2073bcc9e26f62_2024东城一模细则.txt,
2024_东城_一模,2024,东城,一模,rubric,/Users/wanglifei/Desktop/2024模拟题/2024东城一模/细则/补充材料/北京市东城区2023-2024学年度第二学期高三综合练习（一）思想政治答案(1).pdf,7b4eece2963205d8ac02ef13063307a3dad70cf6542b6169f3ed34276f16e115,yes,cache-hit,834,/Users/wanglifei/Desktop/北京高考政治/reports/必修二三与必修四文化_题源分类准备_20260617_1301/02_text_cache/texts/7b4eece2963205d8.txt,/Users/wanglifei/GaokaoPolitics/beijing-politics-sync/data/preprocessed_corpus/gpt_sources/7b4eece2963205d8_北京市东城区2023-2024学年度第二学期高三综合练习_一_思想政治答案_1.md,
2024_东城_二模,2024,东城,二模,paper,/Users/wanglifei/Desktop/2024模拟题/东城二模/试卷/试卷.pdf,da9fdcae666d34128190db5418c8c6730e7f002442ec3953c614cc2f568ccb0f,yes,cache-hit,826,/Users/wanglifei/Desktop/北京高考政治/reports/必修二三与必修四文化_题源分类准备_20260617_1301/02_text_cache/texts/da9fdcae666d3412.txt,/Users/wanglifei/GaokaoPolitics/beijing-politics-sync/data/preprocessed_corpus/gpt_sources/da9fdcae666d3412_001北京市东城区2023-2024学年度第二学期高三综合练习_二_思想政治.md,
2024_东城_二模,2024,东城,二模,rubric,/Users/wanglifei/Desktop/2024模拟题/东城二模/细则/分题细则/阅卷总结/16题/16题二模阅卷总结.docx,3fe06deac367805d39bc33669269116e42be7e0e03a8f09f14961f5b37532691,yes,cache-hit,1603,/Users/wanglifei/Desktop/北京高考政治/reports/必修二三与必修四文化_题源分类准备_20260617_1301/02_text_cache/texts/3fe06deac367805d.txt,/Users/wanglifei/GaokaoPolitics/beijing-politics-sync/data/preprocessed_corpus/texts/3fe06deac367805d_16题二模阅卷总结.txt,
2024_东城_二模,2024,东城,二模,rubric,/Users/wanglifei/Desktop/2024模拟题/东城二模/细则/分题细则/阅卷总结/16题/16题评分细则.pptx,896b0f378cbdeb1f970df2a3b24e3cd6fdcb261cfd3ad4cd94b167d6d0a98e08,yes,cache-hit,1389,/Users/wanglifei/Desktop/北京高考政治/reports/必修二三与必修四文化_题源分类准备_20260617_1301/02_text_cache/texts/896b0f378cbdeb1f.txt,/Users/wanglifei/GaokaoPolitics/beijing-politics-sync/data/preprocessed_corpus/texts/896b0f378cbdeb1f_16题评分细则.txt,
2024_东城_二模,2024,东城,二模,rubric,/Users/wanglifei/Desktop/2024模拟题/东城二模/细则/分题细则/阅卷总结/17题/17(1).docx,47c34e3af056b334dd996f812b5d42727be3702de4feafbae10f229544f7bd08,yes,cache-hit,797,/Users/wanglifei/Desktop/北京高考政治/reports/必修二三与必修四文化_题源分类准备_20260617_1301/02_text_cache/texts/47c34e3af056b334.txt,/Users/wanglifei/GaokaoPolitics/beijing-politics-sync/data/preprocessed_corpus/texts/47c34e3af056b334_17_1.txt,
2024_东城_二模,2024,东城,二模,rubric,/Users/wanglifei/Desktop/2024模拟题/东城二模/细则/分题细则/阅卷总结/17题/17-2.docx,72fd64a3dddd2c89bbd06e5e6328db85aeec5424a2831210e2a8e9bc114c1530,yes,cache-hit,1123,/Users/wanglifei/Desktop/北京高考政治/reports/必修二三与必修四文化_题源分类准备_20260617_1301/02_text_cache/texts/72fd64a3dddd2c89.txt,/Users/wanglifei/GaokaoPolitics/beijing-politics-sync/data/preprocessed_corpus/texts/72fd64a3dddd2c89_17-2.txt,
2024_东城_二模,2024,东城,二模,rubric,/Users/wanglifei/Desktop/2024模拟题/东城二模/细则/分题细则/阅卷总结/18题/18(1).docx,4238b9f0bc92fe5b3f58323b74891534a8d8f75090bde8bdfbe250ad6eb8b270,yes,cache-hit,1128,/Users/wanglifei/Desktop/北京高考政治/reports/必修二三与必修四文化_题源分类准备_20260617_1301/02_text_cache/texts/4238b9f0bc92fe5b.txt,/Users/wanglifei/GaokaoPolitics/beijing-politics-sync/data/preprocessed_corpus/texts/4238b9f0bc92fe5b_18_1.txt,
2024_东城_二模,2024,东城,二模,rubric,/Users/wanglifei/Desktop/2024模拟题/东城二模/细则/分题细则/阅卷总结/18题/18（2）.docx,6c445538df98876c8f6403311e9861f6eb6e197842299ee1eaa4b6e128e47774,yes,cache-hit,1927,/Users/wanglifei/Desktop/北京高考政治/reports/必修二三与必修四文化_题源分类准备_20260617_1301/02_text_cache/texts/6c445538df98876c.txt,/Users/wanglifei/GaokaoPolitics/beijing-politics-sync/data/preprocessed_corpus/texts/6c445538df98876c_18_2.txt,
2024_东城_二模,2024,东城,二模,rubric,/Users/wanglifei/Desktop/2024模拟题/东城二模/细则/分题细则/阅卷总结/19题/19（1）.docx,d682ecb2695e5e33707dce0cdd1b130fe562eee0beb49bd6a6062cb1e8565394,yes,cache-hit,1523,/Users/wanglifei/Desktop/北京高考政治/reports/必修二三与必修四文化_题源分类准备_20260617_1301/02_text_cache/texts/d682ecb2695e5e33.txt,/Users/wanglifei/GaokaoPolitics/beijing-politics-sync/data/preprocessed_corpus/texts/d682ecb2695e5e33_19_1.txt,
2024_东城_二模,2024,东城,二模,rubric,/Users/wanglifei/Desktop/2024模拟题/东城二模/细则/分题细则/阅卷总结/19题/19（2）.docx,5c18cbecb82d97a6baea3a713f8752aa6b823aac2abaa987d8f4667a7dd3e6c8,yes,cache-hit,556,/Users/wanglifei/Desktop/北京高考政治/reports/必修二三与必修四文化_题源分类准备_20260617_1301/02_text_cache/texts/5c18cbecb82d97a6.txt,/Users/wanglifei/GaokaoPolitics/beijing-politics-sync/data/preprocessed_corpus/texts/5c18cbecb82d97a6_19_2.txt,
2024_东城_二模,2024,东城,二模,rubric,/Users/wanglifei/Desktop/2024模拟题/东城二模/细则/分题细则/阅卷总结/21题/20小题二模阅卷总结.docx,4c98484a2246ecdd9e1f7c2d58679a3fe54dbb2e95ea6d588c3220e6ea00bf13,yes,cache-hit,716,/Users/wanglifei/Desktop/北京高考政治/reports/必修二三与必修四文化_题源分类准备_20260617_1301/02_text_cache/texts/4c98484a2246ecdd.txt,/Users/wanglifei/GaokaoPolitics/beijing-politics-sync/data/preprocessed_corpus/texts/4c98484a2246ecdd_20小题二模阅卷总结.txt,
2024_东城_二模,2024,东城,二模,rubric,/Users/wanglifei/Desktop/2024模拟题/东城二模/细则/分题细则/阅卷总结/21题/21.docx,9019906692e8a1e9fc0c653ac39c94544d0e02c717790f7fad5e84f79b68cd11,yes,cache-hit,1241,/Users/wanglifei/Desktop/北京高考政治/reports/必修二三与必修四文化_题源分类准备_20260617_1301/02_text_cache/texts/9019906692e8a1e9.txt,/Users/wanglifei/GaokaoPolitics/beijing-politics-sync/data/preprocessed_corpus/texts/9019906692e8a1e9_21.txt,
2024_东城_二模,2024,东城,二模,rubric,/Users/wanglifei/Desktop/2024模拟题/东城二模/细则/分题细则/阅卷总结/21题/21题(1).pptx,bdc183dc9541edf3ec26e517b9b69ed5e59bc4ae2bb558bf66b766e5842e835d,yes,cache-hit,1877,/Users/wanglifei/Desktop/北京高考政治/reports/必修二三与必修四文化_题源分类准备_20260617_1301/02_text_cache/texts/bdc183dc9541edf3.txt,/Users/wanglifei/GaokaoPolitics/beijing-politics-sync/data/preprocessed_corpus/texts/bdc183dc9541edf3_21题_1.txt,
2024_东城_二模,2024,东城,二模,rubric,/Users/wanglifei/Desktop/2024模拟题/东城二模/细则/补充材料/细则.pdf,8db78abe18de23092b76d0e9c9e32751026a31b07b1c3fad790b52daa3dbf842,yes,cache-hit,834,/Users/wanglifei/Desktop/北京高考政治/reports/必修二三与必修四文化_题源分类准备_20260617_1301/02_text_cache/texts/8db78abe18de2309.txt,/Users/wanglifei/GaokaoPolitics/beijing-politics-sync/data/preprocessed_corpus/gpt_sources/8db78abe18de2309_002北京市东城区2023-2024学年度第二学期高三综合练习_二_思想政治答案.md,
2024_丰台_一模,2024,丰台,一模,paper,/Users/wanglifei/Desktop/2024模拟题/丰台一模/试卷/试卷.pdf,4800d0b858f0ede60439e12a5beb3bc2fc32754fa602054f5f6fd74ce4bb6bc4,yes,cache-hit,992,/Users/wanglifei/Desktop/北京高考政治/reports/必修二三与必修四文化_题源分类准备_20260617_1301/02_text_cache/texts/4800d0b858f0ede6.txt,/Users/wanglifei/GaokaoPolitics/beijing-politics-sync/data/preprocessed_corpus/texts/4800d0b858f0ede6_丰台高三一模政治试卷终版.txt,
2024_丰台_一模,2024,丰台,一模,reference-answer,/Users/wanglifei/Desktop/2024模拟题/丰台一模/试卷/补充材料/2024北京丰台高三一模政治试题及答案.pdf,5f5486bfc3baab2bc1a8e43b06b8aac6377e1402d4402e5d0bb90ad292755521,yes,cache-hit,8588,/Users/wanglifei/Desktop/北京高考政治/reports/必修二三与必修四文化_题源分类准备_20260617_1301/02_text_cache/texts/5f5486bfc3baab2b.txt,/Users/wanglifei/GaokaoPolitics/beijing-politics-sync/data/preprocessed_corpus/texts/5f5486bfc3baab2b_2024北京丰台高三一模政治试题及答案.txt,
2024_丰台_一模,2024,丰台,一模,rubric,/Users/wanglifei/Desktop/2024模拟题/丰台一模/细则/细则.docx,950d6b2d3cdda441625d9b2a0c2329d7ae34212d804c3fe005a66b23fb369a49,yes,cache-hit,4572,/Users/wanglifei/Desktop/北京高考政治/reports/必修二三与必修四文化_题源分类准备_20260617_1301/02_text_cache/texts/950d6b2d3cdda441.txt,/Users/wanglifei/GaokaoPolitics/beijing-politics-sync/data/preprocessed_corpus/texts/950d6b2d3cdda441_2024丰台一模细则.txt,
2024_丰台_二模,2024,丰台,二模,paper,/Users/wanglifei/Desktop/2024模拟题/丰台二模/试卷/试卷.pdf,57ddd500c48eeec9f821b74e2b9676696c1b1ea8f727fb39e33e2e46626f36fc,yes,cache-hit,740,/Users/wanglifei/Desktop/北京高考政治/reports/必修二三与必修四文化_题源分类准备_20260617_1301/02_text_cache/texts/57ddd500c48eeec9.txt,/Users/wanglifei/GaokaoPolitics/beijing-politics-sync/data/preprocessed_corpus/gpt_sources/57ddd500c48eeec9_丰台高三二模政治试卷.md,
2024_丰台_二模,2024,丰台,二模,rubric,/Users/wanglifei/Desktop/2024模拟题/丰台二模/细则/细则.docx,71fcaa9e66afc5db6c6622c198276a430335b4df2029694dba5100727f1652c6,yes,cache-hit,3777,/Users/wanglifei/Desktop/北京高考政治/reports/必修二三与必修四文化_题源分类准备_20260617_1301/02_text_cache/texts/71fcaa9e66afc5db.txt,/Users/wanglifei/GaokaoPolitics/beijing-politics-sync/data/preprocessed_corpus/texts/71fcaa9e66afc5db_2024丰台二模细则.txt,
2024_朝阳_一模,2024,朝阳,一模,paper,/Users/wanglifei/Desktop/2024模拟题/2024朝阳一模/试卷/试卷.pdf,25b655e73b7424e7aa7bb467e71553461c8133b8e7e161e6d9de575176b949cc,yes,cache-hit,6836,/Users/wanglifei/Desktop/北京高考政治/reports/必修二三与必修四文化_题源分类准备_20260617_1301/02_text_cache/texts/25b655e73b7424e7.txt,/Users/wanglifei/GaokaoPolitics/beijing-politics-sync/data/preprocessed_corpus/texts/25b655e73b7424e7_202404朝阳高三一模试题.txt,
2024_朝阳_一模,2024,朝阳,一模,rubric,/Users/wanglifei/Desktop/2024模拟题/2024朝阳一模/细则/细则.pptx,d64506799887753ee409ebc7e63cf977de6843f62f7ebb327b6cca74477a8272,yes,cache-hit,10647,/Users/wanglifei/Desktop/北京高考政治/reports/必修二三与必修四文化_题源分类准备_20260617_1301/02_text_cache/texts/d64506799887753e.txt,/Users/wanglifei/GaokaoPolitics/beijing-politics-sync/data/preprocessed_corpus/texts/d64506799887753e_2024朝阳一模细则.txt,
2024_朝阳_一模,2024,朝阳,一模,rubric,/Users/wanglifei/Desktop/2024模拟题/2024朝阳一模/细则/补充材料/细则.docx,f6013d54b52c02dcf40a2ff1f845c124598281324f98545a577914b901e7688c,yes,cache-hit,1859,/Users/wanglifei/Desktop/北京高考政治/reports/必修二三与必修四文化_题源分类准备_20260617_1301/02_text_cache/texts/f6013d54b52c02dc.txt,/Users/wanglifei/GaokaoPolitics/beijing-politics-sync/data/preprocessed_corpus/texts/f6013d54b52c02dc_202404朝阳高三政治质量检测一参考答案_上交版.txt,
2024_朝阳_二模,2024,朝阳,二模,paper,/Users/wanglifei/Desktop/2024模拟题/2024朝阳二模/试卷/试卷.pdf,9223488a4b5e6f80ad8c2b56a1eb09e4c2f5bfed13ce12ac2f0a2cccc7d46dce,yes,cache-hit,8752,/Users/wanglifei/Desktop/北京高考政治/reports/必修二三与必修四文化_题源分类准备_20260617_1301/02_text_cache/texts/9223488a4b5e6f80.txt,/Users/wanglifei/GaokaoPolitics/beijing-politics-sync/data/preprocessed_corpus/texts/9223488a4b5e6f80_003202405朝阳高三二模政治试题.txt,
2024_朝阳_二模,2024,朝阳,二模,rubric,/Users/wanglifei/Desktop/2024模拟题/2024朝阳二模/细则/细则.pdf,84218459671af8ac66324584cd608c778703ef44e2eda745694745b53e3de302,yes,cache-hit,5865,/Users/wanglifei/Desktop/北京高考政治/reports/必修二三与必修四文化_题源分类准备_20260617_1301/02_text_cache/texts/84218459671af8ac.txt,/Users/wanglifei/GaokaoPolitics/beijing-politics-sync/data/preprocessed_corpus/texts/84218459671af8ac_2024朝阳二模细则.txt,
2024_朝阳_二模,2024,朝阳,二模,rubric,/Users/wanglifei/Desktop/2024模拟题/2024朝阳二模/细则/补充材料/细则.docx,f7c4cc4ac52ecefd124cb890fb4f0e117c7a9312d2f51a97d6e2d102e3ef4cf1,yes,cache-hit,1747,/Users/wanglifei/Desktop/北京高考政治/reports/必修二三与必修四文化_题源分类准备_20260617_1301/02_text_cache/texts/f7c4cc4ac52ecefd.txt,/Users/wanglifei/GaokaoPolitics/beijing-politics-sync/data/preprocessed_corpus/texts/f7c4cc4ac52ecefd_004202405朝阳高三政治质量检测二参考答案_以PDF为准.txt,
2024_朝阳_期中,2024,朝阳,期中,paper,/Users/wanglifei/Desktop/2024模拟题/2024朝阳期中/试卷/试卷.pdf,0a50f76fd1e1c50fc92b340a7d9f874bab34cd33def4aae1c4bb4ad9681a405e,yes,cache-hit,7806,/Users/wanglifei/Desktop/北京高考政治/reports/必修二三与必修四文化_题源分类准备_20260617_1301/02_text_cache/texts/0a50f76fd1e1c50f.txt,/Users/wanglifei/GaokaoPolitics/beijing-politics-sync/data/preprocessed_corpus/texts/0a50f76fd1e1c50f_202411朝阳高三政治_期中1试题.txt,
2024_朝阳_期中,2024,朝阳,期中,rubric,/Users/wanglifei/Desktop/2024模拟题/2024朝阳期中/细则/细则.docx,0f8ea3bbe2629d2f6b750e3d95a3505f2d664078ff4b03f2ca7845c70fb057d3,yes,cache-hit,4977,/Users/wanglifei/Desktop/北京高考政治/reports/必修二三与必修四文化_题源分类准备_20260617_1301/02_text_cache/texts/0f8ea3bbe2629d2f.txt,/Users/wanglifei/GaokaoPolitics/beijing-politics-sync/data/preprocessed_corpus/texts/0f8ea3bbe2629d2f_2024.11期中政治朝阳评标docx.txt,
2024_朝阳_期中,2024,朝阳,期中,rubric,/Users/wanglifei/Desktop/2024模拟题/2024朝阳期中/细则/补充材料/2024.11期中政治朝阳评标2.docx,92a268ce852f69446644c8427066cccff0fd143bdc9ff70a4d813f1c3b82d261,yes,cache-hit,14604,/Users/wanglifei/Desktop/北京高考政治/reports/必修二三与必修四文化_题源分类准备_20260617_1301/02_text_cache/texts/92a268ce852f6944.txt,/Users/wanglifei/GaokaoPolitics/beijing-politics-sync/data/preprocessed_corpus/texts/92a268ce852f6944_2024.11期中政治朝阳评标2.txt,
2024_海淀_一模,2024,海淀,一模,paper,/Users/wanglifei/Desktop/2024模拟题/2024海淀一模/试卷/试卷.pdf,4bc0edec2a08a90ef83b813fd06a431d5ee7a1fc68cf77bd65b2c98d553d2eaa,yes,cache-hit,8195,/Users/wanglifei/Desktop/北京高考政治/reports/必修二三与必修四文化_题源分类准备_20260617_1301/02_text_cache/texts/4bc0edec2a08a90e.txt,/Users/wanglifei/GaokaoPolitics/beijing-politics-sync/data/preprocessed_corpus/texts/4bc0edec2a08a90e_高三政治_一模试题.txt,
2024_海淀_一模,2024,海淀,一模,rubric,/Users/wanglifei/Desktop/2024模拟题/2024海淀一模/细则/细则.docx,b692254ceb1b81747ef1b03d5e5f42daeb261dab7b8951bcbb992980e56ad378,yes,cache-hit,2976,/Users/wanglifei/Desktop/北京高考政治/reports/必修二三与必修四文化_题源分类准备_20260617_1301/02_text_cache/texts/b692254ceb1b8174.txt,/Users/wanglifei/GaokaoPolitics/beijing-politics-sync/data/preprocessed_corpus/texts/b692254ceb1b8174_2024海淀一模细则.txt,
2024_海淀_一模,2024,海淀,一模,rubric,/Users/wanglifei/Desktop/2024模拟题/2024海淀一模/细则/补充材料/一模政治-答案.docx,98d1d762f302004f8166a9f61d972313912724efef27025c64f909cc1b585c65,yes,cache-hit,1497,/Users/wanglifei/Desktop/北京高考政治/reports/必修二三与必修四文化_题源分类准备_20260617_1301/02_text_cache/texts/98d1d762f302004f.txt,/Users/wanglifei/GaokaoPolitics/beijing-politics-sync/data/preprocessed_corpus/texts/98d1d762f302004f_一模政治-答案.txt,
2024_海淀_二模,2024,海淀,二模,paper,/Users/wanglifei/Desktop/2024模拟题/海淀二模/试卷/补充材料/高三二模：政治试题（以PDF为准）(1).docx,13d454fdd813a0391d5dae21dbec99376ac2068d752173587130d5f266037572,yes,cache-hit,7717,/Users/wanglifei/Desktop/北京高考政治/reports/必修二三与必修四文化_题源分类准备_20260617_1301/02_text_cache/texts/13d454fdd813a039.txt,/Users/wanglifei/GaokaoPolitics/beijing-politics-sync/data/preprocessed_corpus/texts/13d454fdd813a039_高三二模_政治试题_以PDF为准_1.txt,
2024_海淀_二模,2024,海淀,二模,paper,/Users/wanglifei/Desktop/2024模拟题/海淀二模/试卷/试卷.pdf,5355283f436e322953d1c6cb1f07663915a738594d8733a379aaf1109b31385c,yes,cache-hit,7627,/Users/wanglifei/Desktop/北京高考政治/reports/必修二三与必修四文化_题源分类准备_20260617_1301/02_text_cache/texts/5355283f436e3229.txt,/Users/wanglifei/GaokaoPolitics/beijing-politics-sync/data/preprocessed_corpus/texts/5355283f436e3229_高三政治_二模试题_海_1.txt,
2024_海淀_二模,2024,海淀,二模,rubric,/Users/wanglifei/Desktop/2024模拟题/海淀二模/细则/细则.docx,227192d22e10241b73c445e7ab168c6f7317999c99d908aa84621a38b0b544e7,yes,cache-hit,2654,/Users/wanglifei/Desktop/北京高考政治/reports/必修二三与必修四文化_题源分类准备_20260617_1301/02_text_cache/texts/227192d22e10241b.txt,/Users/wanglifei/GaokaoPolitics/beijing-politics-sync/data/preprocessed_corpus/texts/227192d22e10241b_2024海淀二模细则.txt,
2024_海淀_二模,2024,海淀,二模,rubric,/Users/wanglifei/Desktop/2024模拟题/海淀二模/细则/补充材料/高三二模：政治答案(2).docx,8f109fb09efc0c6ae1ffbad76a5ad99bf071a766b0e8c512247d468dc37fc6b3,yes,cache-hit,1574,/Users/wanglifei/Desktop/北京高考政治/reports/必修二三与必修四文化_题源分类准备_20260617_1301/02_text_cache/texts/8f109fb09efc0c6a.txt,/Users/wanglifei/GaokaoPolitics/beijing-politics-sync/data/preprocessed_corpus/texts/8f109fb09efc0c6a_高三二模_政治答案_2.txt,
2024_海淀_期中,2024,海淀,期中,paper,/Users/wanglifei/Desktop/2024模拟题/2024海淀期中/试卷/试卷.pdf,16c75dff224a222c0e7ba19eb0e6a147560e92549376e7859b830b2f1449f512,yes,cache-hit,470,/Users/wanglifei/Desktop/北京高考政治/reports/必修二三与必修四文化_题源分类准备_20260617_1301/02_text_cache/texts/16c75dff224a222c.txt,/Users/wanglifei/GaokaoPolitics/beijing-politics-sync/data/preprocessed_corpus/texts/16c75dff224a222c_海淀区2024_2025学年第一学期期中练习政治试题.txt,
2024_海淀_期中,2024,海淀,期中,rubric,/Users/wanglifei/Desktop/2024模拟题/2024海淀期中/细则/细则.pdf,fee5258a9b7359d59a4bc6ed5cd3524d055ca156768bc04de81227f6397c3cee,yes,cache-hit,14272,/Users/wanglifei/Desktop/北京高考政治/reports/必修二三与必修四文化_题源分类准备_20260617_1301/02_text_cache/texts/fee5258a9b7359d5.txt,/Users/wanglifei/GaokaoPolitics/beijing-politics-sync/data/preprocessed_corpus/texts/fee5258a9b7359d5_2024海淀期中细则.txt,
2024_石景山_一模,2024,石景山,一模,paper,/Users/wanglifei/Desktop/2024模拟题/石景山一模/试卷/试卷.docx,f581620be44a4c2cae69e737697ee15d754603627ddd385dd6be1c207c5e43f6,yes,cache-hit,8656,/Users/wanglifei/Desktop/北京高考政治/reports/必修二三与必修四文化_题源分类准备_20260617_1301/02_text_cache/texts/f581620be44a4c2c.txt,/Users/wanglifei/GaokaoPolitics/beijing-politics-sync/data/preprocessed_corpus/texts/f581620be44a4c2c_2024北京石景山高三一模政治_教师版带答案.txt,
2024_石景山_一模,2024,石景山,一模,rubric,/Users/wanglifei/Desktop/2024模拟题/石景山一模/细则/细则.pptx,935b8ea1e01b3ba5839af0dcf7680952bcfce7b3d5f389c487f2d4c2b5581e83,yes,cache-hit,11875,/Users/wanglifei/Desktop/北京高考政治/reports/必修二三与必修四文化_题源分类准备_20260617_1301/02_text_cache/texts/935b8ea1e01b3ba5.txt,/Users/wanglifei/GaokaoPolitics/beijing-politics-sync/data/preprocessed_corpus/texts/935b8ea1e01b3ba5_2024年石景山一模.txt,
2024_西城_一模,2024,西城,一模,paper,/Users/wanglifei/Desktop/2024模拟题/西城一模/试卷/试卷.docx,2aa2ee045f75ecd86ef7f244b034451ef8d587c96ea3805c41189bcb09b43e74,yes,cache-hit,7099,/Users/wanglifei/Desktop/北京高考政治/reports/必修二三与必修四文化_题源分类准备_20260617_1301/02_text_cache/texts/2aa2ee045f75ecd8.txt,/Users/wanglifei/GaokaoPolitics/beijing-politics-sync/data/preprocessed_corpus/texts/2aa2ee045f75ecd8_2024.4高三统一测试思想政治试卷.txt,
2024_西城_一模,2024,西城,一模,rubric,/Users/wanglifei/Desktop/2024模拟题/西城一模/细则/细则.docx,f7bcf000f212cc694cabd0e1acf8ba29e5aa99810d2d5d25e839024388f97271,yes,cache-hit,3081,/Users/wanglifei/Desktop/北京高考政治/reports/必修二三与必修四文化_题源分类准备_20260617_1301/02_text_cache/texts/f7bcf000f212cc69.txt,/Users/wanglifei/GaokaoPolitics/beijing-politics-sync/data/preprocessed_corpus/texts/f7bcf000f212cc69_2024西城一模细则.txt,
2024_西城_一模,2024,西城,一模,rubric,/Users/wanglifei/Desktop/2024模拟题/西城一模/细则/补充材料/2024.4高三统一测试思想政治答案.docx,91e28443e7a1bb0e34bca296c1123a8f31b6e7ed15bdb682f73f9dd8f5a8a0a2,yes,cache-hit,1695,/Users/wanglifei/Desktop/北京高考政治/reports/必修二三与必修四文化_题源分类准备_20260617_1301/02_text_cache/texts/91e28443e7a1bb0e.txt,/Users/wanglifei/GaokaoPolitics/beijing-politics-sync/data/preprocessed_corpus/texts/91e28443e7a1bb0e_2024.4高三统一测试思想政治答案.txt,
2024_西城_二模,2024,西城,二模,marking-report,/Users/wanglifei/Desktop/2024模拟题/西城二模/其他材料/西城东城二模选择题讲评.pdf,0699487fb81048378f398686c741991c5716a610de8c25fb0da487e45cf9856b,yes,cache-hit,357,/Users/wanglifei/Desktop/北京高考政治/reports/必修二三与必修四文化_题源分类准备_20260617_1301/02_text_cache/texts/0699487fb8104837.txt,/Users/wanglifei/GaokaoPolitics/beijing-politics-sync/data/preprocessed_corpus/texts/0699487fb8104837_西城东城二模选择题讲评.txt,
2024_西城_二模,2024,西城,二模,marking-report,/Users/wanglifei/Desktop/2024模拟题/西城二模/其他材料/西城东城二模选择题讲评.pptx,5253381d5b61a9ecb068a7d70c91a358c07a3a368ba142ffc1bc20e44be07bfd,yes,cache-hit,370,/Users/wanglifei/Desktop/北京高考政治/reports/必修二三与必修四文化_题源分类准备_20260617_1301/02_text_cache/texts/5253381d5b61a9ec.txt,/Users/wanglifei/GaokaoPolitics/beijing-politics-sync/data/preprocessed_corpus/texts/5253381d5b61a9ec_西城东城二模选择题讲评.txt,
2024_西城_二模,2024,西城,二模,paper,/Users/wanglifei/Desktop/2024模拟题/西城二模/试卷/试卷.docx,0dbd7271f7bf108d41417b2ffdd3f36dcd86ac93c99fe18a42b1bfee5565c0fc,yes,cache-hit,7204,/Users/wanglifei/Desktop/北京高考政治/reports/必修二三与必修四文化_题源分类准备_20260617_1301/02_text_cache/texts/0dbd7271f7bf108d.txt,/Users/wanglifei/GaokaoPolitics/beijing-politics-sync/data/preprocessed_corpus/texts/0dbd7271f7bf108d_高三模拟测试思想政治试卷.txt,
2024_西城_二模,2024,西城,二模,rubric,/Users/wanglifei/Desktop/2024模拟题/西城二模/细则/细则.docx,f2e1772f20ed20857c70e184b124244b55717f04354f46c8f6d2ec91206a2f50,yes,cache-hit,3568,/Users/wanglifei/Desktop/北京高考政治/reports/必修二三与必修四文化_题源分类准备_20260617_1301/02_text_cache/texts/f2e1772f20ed2085.txt,/Users/wanglifei/GaokaoPolitics/beijing-politics-sync/data/preprocessed_corpus/texts/f2e1772f20ed2085_2024西城二模细则.txt,
2024_西城_二模,2024,西城,二模,rubric,/Users/wanglifei/Desktop/2024模拟题/西城二模/细则/补充材料/高三模拟测试思想政治答案.docx,85ebe0578ce81b181f9de0a1de0850bdd12c651609b8c9f8232c9aead56d3fd8,yes,cache-hit,1924,/Users/wanglifei/Desktop/北京高考政治/reports/必修二三与必修四文化_题源分类准备_20260617_1301/02_text_cache/texts/85ebe0578ce81b18.txt,/Users/wanglifei/GaokaoPolitics/beijing-politics-sync/data/preprocessed_corpus/texts/85ebe0578ce81b18_高三模拟测试思想政治答案.txt,
2024_顺义_二模,2024,顺义,二模,paper,/Users/wanglifei/Desktop/2024模拟题/顺义思政二模/试卷/试卷.docx,33010f3bed39e2759cf1ca3d22d4526f77e22833c208efb1aaf3611a8dd67df7,yes,cache-hit,7738,/Users/wanglifei/Desktop/北京高考政治/reports/必修二三与必修四文化_题源分类准备_20260617_1301/02_text_cache/texts/33010f3bed39e275.txt,/Users/wanglifei/GaokaoPolitics/beijing-politics-sync/data/preprocessed_corpus/texts/33010f3bed39e275_20240318顺义思政二模试题_定.txt,
2024_顺义_二模,2024,顺义,二模,rubric,/Users/wanglifei/Desktop/2024模拟题/顺义思政二模/细则/细则.docx,f986728ea555a6edc1669835ceef949b8129895ba54cc64f0de67968ea29527f,yes,cache-hit,2084,/Users/wanglifei/Desktop/北京高考政治/reports/必修二三与必修四文化_题源分类准备_20260617_1301/02_text_cache/texts/f986728ea555a6ed.txt,/Users/wanglifei/GaokaoPolitics/beijing-politics-sync/data/preprocessed_corpus/texts/f986728ea555a6ed_2024顺义思政二模细则.txt,
2025_东城_一模,2025,东城,一模,paper,/Users/wanglifei/Desktop/2025模拟题/2025各区一模/2025东城一模/试卷/试卷.pdf,46c444a91d491a4fc02f2497e24eb79f6639652c8b8f962b60a562f89c25a9d0,yes,cache-hit,7638,/Users/wanglifei/Desktop/北京高考政治/reports/必修二三与必修四文化_题源分类准备_20260617_1301/02_text_cache/texts/46c444a91d491a4f.txt,/Users/wanglifei/GaokaoPolitics/beijing-politics-sync/data/preprocessed_corpus/texts/46c444a91d491a4f_2025北京东城高三一模政治_教师版.txt,
2025_东城_一模,2025,东城,一模,rubric,/Users/wanglifei/Desktop/2025模拟题/2025各区一模/2025东城一模/细则/细则.pdf,c254bbee61da4abda65388bd2bd144b0e7efc781e9890208535e7882fbf278da,yes,cache-hit,5571,/Users/wanglifei/Desktop/北京高考政治/reports/必修二三与必修四文化_题源分类准备_20260617_1301/02_text_cache/texts/c254bbee61da4abd.txt,/Users/wanglifei/GaokaoPolitics/beijing-politics-sync/data/preprocessed_corpus/texts/c254bbee61da4abd_2025东城一模细则.txt,
2025_东城_二模,2025,东城,二模,paper,/Users/wanglifei/Desktop/2025模拟题/2025各区二模/2025东城二模/试卷/试卷.pdf,9b287871f660f23de9593be4c16952103c1c6873d6bd52d25ddd57ddd1a8d268,yes,cache-hit,7725,/Users/wanglifei/Desktop/北京高考政治/reports/必修二三与必修四文化_题源分类准备_20260617_1301/02_text_cache/texts/9b287871f660f23d.txt,/Users/wanglifei/GaokaoPolitics/beijing-politics-sync/data/preprocessed_corpus/texts/9b287871f660f23d_2025北京东城高三二模政治_教师版.txt,
2025_东城_二模,2025,东城,二模,rubric,/Users/wanglifei/Desktop/2025模拟题/2025各区二模/2025东城二模/细则/细则.pdf,606dbae1d5ce3e59c8daef227c8b797cfbda2b7f90b8c9e07f47654af13e1cc2,yes,cache-hit,5389,/Users/wanglifei/Desktop/北京高考政治/reports/必修二三与必修四文化_题源分类准备_20260617_1301/02_text_cache/texts/606dbae1d5ce3e59.txt,/Users/wanglifei/GaokaoPolitics/beijing-politics-sync/data/preprocessed_corpus/texts/606dbae1d5ce3e59_2025东城二模细则.txt,
2025_东城_期末,2025,东城,期末,paper,/Users/wanglifei/Desktop/2025模拟题/2025各区期末/2025东城期末/试卷/试卷.pdf,8eda36bd87dba1947b49352c5f2451852bf9c57a58f896f907c8adfd35c12fa9,yes,cache-hit,21283,/Users/wanglifei/Desktop/北京高考政治/reports/必修二三与必修四文化_题源分类准备_20260617_1301/02_text_cache/texts/8eda36bd87dba194.txt,/Users/wanglifei/GaokaoPolitics/beijing-politics-sync/data/preprocessed_corpus/texts/8eda36bd87dba194_2025北京东城高三_上_期末政治_教师版.txt,
2025_东城_期末,2025,东城,期末,rubric,/Users/wanglifei/Desktop/2025模拟题/2025各区期末/2025东城期末/细则/细则.pdf,5b78436dd863858bc3d3d587daf89ed6bcef61f9a5796608fc598bd2931b0029,yes,cache-hit,3215,/Users/wanglifei/Desktop/北京高考政治/reports/必修二三与必修四文化_题源分类准备_20260617_1301/02_text_cache/texts/5b78436dd863858b.txt,/Users/wanglifei/GaokaoPolitics/beijing-politics-sync/data/preprocessed_corpus/texts/5b78436dd863858b_2025_1东城讲评_修改.txt,
2025_东城_期末,2025,东城,期末,rubric,/Users/wanglifei/Desktop/2025模拟题/2025各区期末/2025东城期末/细则/补充材料/东城期末.pptx,26b1173765262a2f34fc48932fa71fb8f6c77085cdc57aa27a5b597eb3caa2ec,yes,cache-hit,3598,/Users/wanglifei/Desktop/北京高考政治/reports/必修二三与必修四文化_题源分类准备_20260617_1301/02_text_cache/texts/26b1173765262a2f.txt,/Users/wanglifei/GaokaoPolitics/beijing-politics-sync/data/preprocessed_corpus/texts/26b1173765262a2f_2025东城期末细则.txt,
2025_丰台_一模,2025,丰台,一模,paper,/Users/wanglifei/Desktop/2025模拟题/2025各区一模/2025丰台一模/试卷/试卷.pdf,e8823e6dc1a71cac6fefaa93e8ec2ab6e91459e0ff590a0d5b6c253428f790be,yes,cache-hit,8507,/Users/wanglifei/Desktop/北京高考政治/reports/必修二三与必修四文化_题源分类准备_20260617_1301/02_text_cache/texts/e8823e6dc1a71cac.txt,/Users/wanglifei/GaokaoPolitics/beijing-politics-sync/data/preprocessed_corpus/texts/e8823e6dc1a71cac_2025北京丰台高三一模政治_教师版.txt,
2025_丰台_一模,2025,丰台,一模,rubric,/Users/wanglifei/Desktop/2025模拟题/2025各区一模/2025丰台一模/细则/细则.docx,c143f0d3215c3417f3d92a9257422f5507ed541c417298f7d25b9e92986b4390,yes,cache-hit,6046,/Users/wanglifei/Desktop/北京高考政治/reports/必修二三与必修四文化_题源分类准备_20260617_1301/02_text_cache/texts/c143f0d3215c3417.txt,/Users/wanglifei/GaokaoPolitics/beijing-politics-sync/data/preprocessed_corpus/texts/c143f0d3215c3417_2025丰台一模细则.txt,
2025_丰台_二模,2025,丰台,二模,paper,/Users/wanglifei/Desktop/2025模拟题/2025各区二模/2025丰台二模/试卷/试卷.pdf,9f3b486088840b526e13f216898462df05e33de9567fe75145c7491cd5a0e11b,yes,cache-hit,8985,/Users/wanglifei/Desktop/北京高考政治/reports/必修二三与必修四文化_题源分类准备_20260617_1301/02_text_cache/texts/9f3b486088840b52.txt,/Users/wanglifei/GaokaoPolitics/beijing-politics-sync/data/preprocessed_corpus/texts/9f3b486088840b52_2025北京丰台高三二模政治_教师版.txt,
2025_丰台_二模,2025,丰台,二模,rubric,/Users/wanglifei/Desktop/2025模拟题/2025各区二模/2025丰台二模/细则/分题细则/2025丰台二模评标细则/2025丰台二模评标细则/16.(1).doc,2f596046ed6d0ce5594043cdd14f103d0a758e43bd82cf79133ce456734a09b3,yes,cache-hit,5514,/Users/wanglifei/Desktop/北京高考政治/reports/必修二三与必修四文化_题源分类准备_20260617_1301/02_text_cache/texts/2f596046ed6d0ce5.txt,/Users/wanglifei/GaokaoPolitics/beijing-politics-sync/data/preprocessed_corpus/texts/2f596046ed6d0ce5_16._1.txt,
2025_丰台_二模,2025,丰台,二模,rubric,/Users/wanglifei/Desktop/2025模拟题/2025各区二模/2025丰台二模/细则/分题细则/2025丰台二模评标细则/2025丰台二模评标细则/16.(2).docx,e3e9942211ec52f96c2c74e685e28ec811bfe87ccd9d97b08fde3864f6c2bf0a,yes,cache-hit,864,/Users/wanglifei/Desktop/北京高考政治/reports/必修二三与必修四文化_题源分类准备_20260617_1301/02_text_cache/texts/e3e9942211ec52f9.txt,/Users/wanglifei/GaokaoPolitics/beijing-politics-sync/data/preprocessed_corpus/texts/e3e9942211ec52f9_16._2.txt,
2025_丰台_二模,2025,丰台,二模,rubric,/Users/wanglifei/Desktop/2025模拟题/2025各区二模/2025丰台二模/细则/分题细则/2025丰台二模评标细则/2025丰台二模评标细则/17题.docx,71d970ada83cbd28a7efb16aa888c15ee8396de35b1e47f2bc08825b4b98aadb,yes,cache-hit,2017,/Users/wanglifei/Desktop/北京高考政治/reports/必修二三与必修四文化_题源分类准备_20260617_1301/02_text_cache/texts/71d970ada83cbd28.txt,/Users/wanglifei/GaokaoPolitics/beijing-politics-sync/data/preprocessed_corpus/texts/71d970ada83cbd28_17题.txt,
2025_丰台_二模,2025,丰台,二模,rubric,/Users/wanglifei/Desktop/2025模拟题/2025各区二模/2025丰台二模/细则/分题细则/2025丰台二模评标细则/2025丰台二模评标细则/18题 .docx,56b5533477c242dc3b3a476869ddb64b4d3714c82fb86f6bae6e70dbf9444d66,yes,cache-hit,7569,/Users/wanglifei/Desktop/北京高考政治/reports/必修二三与必修四文化_题源分类准备_20260617_1301/02_text_cache/texts/56b5533477c242dc.txt,/Users/wanglifei/GaokaoPolitics/beijing-politics-sync/data/preprocessed_corpus/texts/56b5533477c242dc_18题.txt,
2025_丰台_二模,2025,丰台,二模,rubric,/Users/wanglifei/Desktop/2025模拟题/2025各区二模/2025丰台二模/细则/分题细则/2025丰台二模评标细则/2025丰台二模评标细则/19.(1).docx,0e0ec077bf92033604024f22d3de9236ae281cf070249362feb41ea8254e29fc,yes,cache-hit,1381,/Users/wanglifei/Desktop/北京高考政治/reports/必修二三与必修四文化_题源分类准备_20260617_1301/02_text_cache/texts/0e0ec077bf920336.txt,/Users/wanglifei/GaokaoPolitics/beijing-politics-sync/data/preprocessed_corpus/texts/0e0ec077bf920336_19._1.txt,
2025_丰台_二模,2025,丰台,二模,rubric,/Users/wanglifei/Desktop/2025模拟题/2025各区二模/2025丰台二模/细则/分题细则/2025丰台二模评标细则/2025丰台二模评标细则/19.(2).docx,a85076fc73d8e53eaa3013c21f6968715c0af0df7aace713e41c1b6c89b25683,yes,cache-hit,2404,/Users/wanglifei/Desktop/北京高考政治/reports/必修二三与必修四文化_题源分类准备_20260617_1301/02_text_cache/texts/a85076fc73d8e53e.txt,/Users/wanglifei/GaokaoPolitics/beijing-politics-sync/data/preprocessed_corpus/texts/a85076fc73d8e53e_19._2.txt,
2025_丰台_二模,2025,丰台,二模,rubric,/Users/wanglifei/Desktop/2025模拟题/2025各区二模/2025丰台二模/细则/分题细则/2025丰台二模评标细则/2025丰台二模评标细则/20题.docx,17616554d57330bb3b0b4858d658c94d4a95f840bd83916e5695d63bf82f548d,yes,cache-hit,2508,/Users/wanglifei/Desktop/北京高考政治/reports/必修二三与必修四文化_题源分类准备_20260617_1301/02_text_cache/texts/17616554d57330bb.txt,/Users/wanglifei/GaokaoPolitics/beijing-politics-sync/data/preprocessed_corpus/texts/17616554d57330bb_20题.txt,
2025_丰台_二模,2025,丰台,二模,rubric,/Users/wanglifei/Desktop/2025模拟题/2025各区二模/2025丰台二模/细则/分题细则/2025丰台二模评标细则/2025丰台二模评标细则/21题.docx,11303432404cb656cc27829621d2b3531ecabcadf74eb04d9736cf5a117adb3a,yes,cache-hit,1298,/Users/wanglifei/Desktop/北京高考政治/reports/必修二三与必修四文化_题源分类准备_20260617_1301/02_text_cache/texts/11303432404cb656.txt,/Users/wanglifei/GaokaoPolitics/beijing-politics-sync/data/preprocessed_corpus/texts/11303432404cb656_21题.txt,
2025_丰台_期末,2025,丰台,期末,paper,/Users/wanglifei/Desktop/2025模拟题/2025各区期末/2025丰台期末/试卷/试卷.pdf,89765092a6f26242da94c2aca30992e3b2a42cf803733f8b63641227d1780e70,yes,cache-hit,17186,/Users/wanglifei/Desktop/北京高考政治/reports/必修二三与必修四文化_题源分类准备_20260617_1301/02_text_cache/texts/89765092a6f26242.txt,/Users/wanglifei/GaokaoPolitics/beijing-politics-sync/data/preprocessed_corpus/texts/89765092a6f26242_2025北京丰台高三_上_期末政治_教师版.txt,
2025_丰台_期末,2025,丰台,期末,rubric,/Users/wanglifei/Desktop/2025模拟题/2025各区期末/2025丰台期末/细则/细则.pptx,360d57a4b250de8126e5f775fae9d9a024b4d8b284c6450e9532daf50fffb691,yes,cache-hit,9679,/Users/wanglifei/Desktop/北京高考政治/reports/必修二三与必修四文化_题源分类准备_20260617_1301/02_text_cache/texts/360d57a4b250de81.txt,/Users/wanglifei/GaokaoPolitics/beijing-politics-sync/data/preprocessed_corpus/texts/360d57a4b250de81_2025丰台期末细则.txt,
2025_延庆_一模,2025,延庆,一模,paper,/Users/wanglifei/Desktop/2025模拟题/2025各区一模/2025延庆一模/试卷/试卷.pdf,94785525e6452e6fd5e8d4ca2abd0f858cc1e7dfdf02bdd97a1a7b90bee3bdc5,yes,cache-hit,9362,/Users/wanglifei/Desktop/北京高考政治/reports/必修二三与必修四文化_题源分类准备_20260617_1301/02_text_cache/texts/94785525e6452e6f.txt,/Users/wanglifei/GaokaoPolitics/beijing-politics-sync/data/preprocessed_corpus/texts/94785525e6452e6f_2025北京延庆高三一模政治_教师版.txt,
2025_延庆_一模,2025,延庆,一模,rubric,/Users/wanglifei/Desktop/2025模拟题/2025各区一模/2025延庆一模/细则/细则.docx,c0a3990e95796ddd4cd3b26a92bc9b30a041d503605e53322d2f26528c51bb4c,yes,cache-hit,2585,/Users/wanglifei/Desktop/北京高考政治/reports/必修二三与必修四文化_题源分类准备_20260617_1301/02_text_cache/texts/c0a3990e95796ddd.txt,/Users/wanglifei/GaokaoPolitics/beijing-politics-sync/data/preprocessed_corpus/texts/c0a3990e95796ddd_2025延庆一模细则.txt,
2025_房山_一模,2025,房山,一模,paper,/Users/wanglifei/Desktop/2025模拟题/2025各区一模/2025房山一模/试卷/试卷.pdf,3227fd51f2020c047e93984cd14d604177ce97094364e17f2dac099fabac1d69,yes,cache-hit,15864,/Users/wanglifei/Desktop/北京高考政治/reports/必修二三与必修四文化_题源分类准备_20260617_1301/02_text_cache/texts/3227fd51f2020c04.txt,/Users/wanglifei/GaokaoPolitics/beijing-politics-sync/data/preprocessed_corpus/texts/3227fd51f2020c04_2025北京房山高三一模政治_教师版.txt,
2025_房山_一模,2025,房山,一模,rubric,/Users/wanglifei/Desktop/2025模拟题/2025各区一模/2025房山一模/细则/细则.pdf,17cdecfbd774ee7902feb4494c59cdd2f944a217046b51205283bcf1c9ed0ca3,yes,cache-hit,3353,/Users/wanglifei/Desktop/北京高考政治/reports/必修二三与必修四文化_题源分类准备_20260617_1301/02_text_cache/texts/17cdecfbd774ee79.txt,/Users/wanglifei/GaokaoPolitics/beijing-politics-sync/data/preprocessed_corpus/texts/17cdecfbd774ee79_2025房山一模细则.txt,
2025_昌平_二模,2025,昌平,二模,paper,/Users/wanglifei/Desktop/2025模拟题/2025各区二模/2025昌平二模/试卷/试卷.pdf,6e5080fb116ab8fc4c0672da05e0a326e7f5b012c0f0a283d5f05a5155a7352d,yes,cache-hit,9229,/Users/wanglifei/Desktop/北京高考政治/reports/必修二三与必修四文化_题源分类准备_20260617_1301/02_text_cache/texts/6e5080fb116ab8fc.txt,/Users/wanglifei/GaokaoPolitics/beijing-politics-sync/data/preprocessed_corpus/texts/6e5080fb116ab8fc_2025北京昌平高三二模政治_教师版.txt,
2025_昌平_二模,2025,昌平,二模,rubric,/Users/wanglifei/Desktop/2025模拟题/2025各区二模/2025昌平二模/细则/细则.pptx,af3875177855a6115e7e1ce0c5ff702139c737a7995b08fd56d1878f2dd208af,yes,cache-hit,7777,/Users/wanglifei/Desktop/北京高考政治/reports/必修二三与必修四文化_题源分类准备_20260617_1301/02_text_cache/texts/af3875177855a611.txt,/Users/wanglifei/GaokaoPolitics/beijing-politics-sync/data/preprocessed_corpus/texts/af3875177855a611_2025昌平二模细则.txt,
2025_朝阳_一模,2025,朝阳,一模,marking-report,/Users/wanglifei/Desktop/2025模拟题/2025各区一模/2025朝阳一模/其他材料/高三政治一模试卷讲评.pptx,ba64c66630749a52d240668723d17f45f94c7aa3627c86bfa38e3fca843babfc,yes,cache-hit,12424,/Users/wanglifei/Desktop/北京高考政治/reports/必修二三与必修四文化_题源分类准备_20260617_1301/02_text_cache/texts/ba64c66630749a52.txt,/Users/wanglifei/GaokaoPolitics/beijing-politics-sync/data/preprocessed_corpus/texts/ba64c66630749a52_高三政治一模试卷讲评.txt,
2025_朝阳_一模,2025,朝阳,一模,paper,/Users/wanglifei/Desktop/2025模拟题/2025各区一模/2025朝阳一模/试卷/试卷.pdf,e051761a7fc68fef22be094a9ea823b1ed1e2b56fc4b9cfd6a382f7c7c00011b,yes,cache-hit,9500,/Users/wanglifei/Desktop/北京高考政治/reports/必修二三与必修四文化_题源分类准备_20260617_1301/02_text_cache/texts/e051761a7fc68fef.txt,/Users/wanglifei/GaokaoPolitics/beijing-politics-sync/data/preprocessed_corpus/texts/e051761a7fc68fef_2025北京朝阳高三一模政治_教师版.txt,
2025_朝阳_一模,2025,朝阳,一模,rubric,/Users/wanglifei/Desktop/2025模拟题/2025各区一模/2025朝阳一模/细则/细则.pdf,f5f683a900508fd228d6591418f9ef75d8a95ae09cf1b16d3b0427017234468b,yes,cache-hit,740,/Users/wanglifei/Desktop/北京高考政治/reports/必修二三与必修四文化_题源分类准备_20260617_1301/02_text_cache/texts/f5f683a900508fd2.txt,/Users/wanglifei/GaokaoPolitics/beijing-politics-sync/data/preprocessed_corpus/gpt_sources/f5f683a900508fd2_2025朝阳一模细则.md,
2025_朝阳_一模,2025,朝阳,一模,rubric,/Users/wanglifei/Desktop/2025模拟题/2025各区一模/2025朝阳一模/细则/补充材料/20250329高3阅卷总结17 1题 具身智能 任会波组 阐释论证.doc,f0b3ab889aa0b17b72b6627f65ee642a1808be1522ce2a0be585dffb67a320f6,yes,cache-hit,1504,/Users/wanglifei/Desktop/北京高考政治/reports/必修二三与必修四文化_题源分类准备_20260617_1301/02_text_cache/texts/f0b3ab889aa0b17b.txt,/Users/wanglifei/GaokaoPolitics/beijing-politics-sync/data/preprocessed_corpus/texts/f0b3ab889aa0b17b_20250329高3阅卷总结17_1题_具身智能_任会波组_阐释论证.txt,
2025_朝阳_一模,2025,朝阳,一模,rubric,/Users/wanglifei/Desktop/2025模拟题/2025各区一模/2025朝阳一模/细则/补充材料/20250329高3阅卷总结18题 社区治理 汤桃玲组 探究建构.doc,f7bfc3e53261b659a664e7213813d7d0e34535e0a397d6421b873a5b81c509c5,yes,cache-hit,3064,/Users/wanglifei/Desktop/北京高考政治/reports/必修二三与必修四文化_题源分类准备_20260617_1301/02_text_cache/texts/f7bfc3e53261b659.txt,/Users/wanglifei/GaokaoPolitics/beijing-politics-sync/data/preprocessed_corpus/texts/f7bfc3e53261b659_20250329高3阅卷总结18题_社区治理_汤桃玲组_探究建构.txt,
2025_朝阳_一模,2025,朝阳,一模,rubric,/Users/wanglifei/Desktop/2025模拟题/2025各区一模/2025朝阳一模/细则/补充材料/20250329高3阅卷总结19题 合同欺诈  阐释论证.doc,b51916fe7b59403aa767088ddd506ce037140c2be45dd55106efd9e8e4686ecc,yes,cache-hit,2675,/Users/wanglifei/Desktop/北京高考政治/reports/必修二三与必修四文化_题源分类准备_20260617_1301/02_text_cache/texts/b51916fe7b59403a.txt,/Users/wanglifei/GaokaoPolitics/beijing-politics-sync/data/preprocessed_corpus/texts/b51916fe7b59403a_20250329高3阅卷总结19题_合同欺诈_阐释论证.txt,
2025_朝阳_二模,2025,朝阳,二模,paper,/Users/wanglifei/Desktop/2025模拟题/2025各区二模/2025朝阳二模/试卷/补充材料/扫描全能王 2025-05-13 21.42.pdf,613f35ecb7c41e670656f980cc718cc30ef26ea1733cf32e523b9cb7b59bad04,yes,cache-hit,780,/Users/wanglifei/Desktop/北京高考政治/reports/必修二三与必修四文化_题源分类准备_20260617_1301/02_text_cache/texts/613f35ecb7c41e67.txt,/Users/wanglifei/GaokaoPolitics/beijing-politics-sync/data/preprocessed_corpus/gpt_sources/613f35ecb7c41e67_扫描全能王_2025-05-13_21.42.md,
2025_朝阳_二模,2025,朝阳,二模,paper,/Users/wanglifei/Desktop/2025模拟题/2025各区二模/2025朝阳二模/试卷/试卷.pdf,6009b3f19a33a729602d7a5bc5b6c8ca2b59ed1392c6c753df7d14695ce84d5e,yes,cache-hit,9495,/Users/wanglifei/Desktop/北京高考政治/reports/必修二三与必修四文化_题源分类准备_20260617_1301/02_text_cache/texts/6009b3f19a33a729.txt,/Users/wanglifei/GaokaoPolitics/beijing-politics-sync/data/preprocessed_corpus/texts/6009b3f19a33a729_2025北京朝阳高三二模政治_教师版.txt,
2025_朝阳_二模,2025,朝阳,二模,rubric,/Users/wanglifei/Desktop/2025模拟题/2025各区二模/2025朝阳二模/细则/细则.docx,73c36c3077dced724eb48b81aec7492e8e5ac59a7f72d7fb729d3581ea3fb5e8,yes,cache-hit,7881,/Users/wanglifei/Desktop/北京高考政治/reports/必修二三与必修四文化_题源分类准备_20260617_1301/02_text_cache/texts/73c36c3077dced72.txt,/Users/wanglifei/GaokaoPolitics/beijing-politics-sync/data/preprocessed_corpus/texts/73c36c3077dced72_2025朝阳二模细则.txt,
2025_朝阳_期末,2025,朝阳,期末,paper,/Users/wanglifei/Desktop/2025模拟题/2025各区期末/2025朝阳期末/其他材料/朝阳高三期末2025.pptx,195324f05d7e2feaa6b932a640fc6fd4c28d2b5b2a7e0e07630096369af21bc6,yes,cache-hit,12388,/Users/wanglifei/Desktop/北京高考政治/reports/必修二三与必修四文化_题源分类准备_20260617_1301/02_text_cache/texts/195324f05d7e2fea.txt,/Users/wanglifei/GaokaoPolitics/beijing-politics-sync/data/preprocessed_corpus/texts/195324f05d7e2fea_朝阳高三期末2025.txt,
2025_朝阳_期末,2025,朝阳,期末,paper,/Users/wanglifei/Desktop/2025模拟题/2025各区期末/2025朝阳期末/试卷/试卷.pdf,ec82917288aa877415f3102533002f8eb7e891afee82b498d3df253e01833bbe,yes,cache-hit,9400,/Users/wanglifei/Desktop/北京高考政治/reports/必修二三与必修四文化_题源分类准备_20260617_1301/02_text_cache/texts/ec82917288aa8774.txt,/Users/wanglifei/GaokaoPolitics/beijing-politics-sync/data/preprocessed_corpus/texts/ec82917288aa8774_2025北京朝阳高三_上_期末政治_教师版.txt,
2025_朝阳_期末,2025,朝阳,期末,rubric,/Users/wanglifei/Desktop/2025模拟题/2025各区期末/2025朝阳期末/细则/细则.pdf,953eaee3f98d8598c4fb28ddc0c3a2196d78fb03b0f83b5682ab995ada697ab1,yes,cache-hit,740,/Users/wanglifei/Desktop/北京高考政治/reports/必修二三与必修四文化_题源分类准备_20260617_1301/02_text_cache/texts/953eaee3f98d8598.txt,/Users/wanglifei/GaokaoPolitics/beijing-politics-sync/data/preprocessed_corpus/gpt_sources/953eaee3f98d8598_2025朝阳期末细则.md,
2025_海淀_一模,2025,海淀,一模,paper,/Users/wanglifei/Desktop/2025模拟题/2025各区一模/2025海淀一模/试卷/补充材料/EDU_1500334100000021014_61af1789-0742-472d-86cd-e6cb420b0ecb.pdf,be30611f2f07a1374caa94169907a379ab23b6d6ef390647ca58b64e577b833a,yes,cache-hit,2640,/Users/wanglifei/Desktop/北京高考政治/reports/必修二三与必修四文化_题源分类准备_20260617_1301/02_text_cache/texts/be30611f2f07a137.txt,/Users/wanglifei/GaokaoPolitics/beijing-politics-sync/data/preprocessed_corpus/texts/be30611f2f07a137_EDU_1500334100000021014_61af1789-0742-472d-86cd-e6cb420b0ecb.txt,
2025_海淀_一模,2025,海淀,一模,paper,/Users/wanglifei/Desktop/2025模拟题/2025各区一模/2025海淀一模/试卷/试卷.pdf,7ebce670784d805ee092db689d2bca675ca5ef4f7394a3229530a1423341fbd9,yes,cache-hit,8982,/Users/wanglifei/Desktop/北京高考政治/reports/必修二三与必修四文化_题源分类准备_20260617_1301/02_text_cache/texts/7ebce670784d805e.txt,/Users/wanglifei/GaokaoPolitics/beijing-politics-sync/data/preprocessed_corpus/texts/7ebce670784d805e_2025北京海淀高三一模政治_教师版.txt,
2025_海淀_一模,2025,海淀,一模,rubric,/Users/wanglifei/Desktop/2025模拟题/2025各区一模/2025海淀一模/细则/细则.docx,506347bd4a7061dd62d9c39a7d0a86036d7beb2e3bd6bdabfb69482595771036,yes,cache-hit,1757,/Users/wanglifei/Desktop/北京高考政治/reports/必修二三与必修四文化_题源分类准备_20260617_1301/02_text_cache/texts/506347bd4a7061dd.txt,/Users/wanglifei/GaokaoPolitics/beijing-politics-sync/data/preprocessed_corpus/texts/506347bd4a7061dd_2025海淀一模细则.txt,
2025_海淀_二模,2025,海淀,二模,marking-report,/Users/wanglifei/Desktop/2025模拟题/2025各区二模/2025海淀二模/其他材料/2025届二模考试讲评0510.pdf,086cafc0d843cdfd93b0cbd53734ccbf74326a488ee0fb678af270ed4961625e,yes,cache-hit,11693,/Users/wanglifei/Desktop/北京高考政治/reports/必修二三与必修四文化_题源分类准备_20260617_1301/02_text_cache/texts/086cafc0d843cdfd.txt,/Users/wanglifei/GaokaoPolitics/beijing-politics-sync/data/preprocessed_corpus/texts/086cafc0d843cdfd_2025届二模考试讲评0510.txt,
2025_海淀_二模,2025,海淀,二模,paper,/Users/wanglifei/Desktop/2025模拟题/2025各区二模/2025海淀二模/试卷/试卷.pdf,7ff16fecb25f793fecbf8e37570a1cf8e2b281b61696a6cc3e27a9ee6c03da1c,yes,cache-hit,752,/Users/wanglifei/Desktop/北京高考政治/reports/必修二三与必修四文化_题源分类准备_20260617_1301/02_text_cache/texts/7ff16fecb25f793f.txt,/Users/wanglifei/GaokaoPolitics/beijing-politics-sync/data/preprocessed_corpus/gpt_sources/7ff16fecb25f793f_2025北京海淀高三二模政治.md,
2025_海淀_二模,2025,海淀,二模,rubric,/Users/wanglifei/Desktop/2025模拟题/2025各区二模/2025海淀二模/细则/细则.docx,fc56fdd304fde11818aaa71317163fea8de97571d25365dc322452ca95db0b43,yes,cache-hit,2512,/Users/wanglifei/Desktop/北京高考政治/reports/必修二三与必修四文化_题源分类准备_20260617_1301/02_text_cache/texts/fc56fdd304fde118.txt,/Users/wanglifei/GaokaoPolitics/beijing-politics-sync/data/preprocessed_corpus/texts/fc56fdd304fde118_2025海淀二模细则.txt,
2025_海淀_二模,2025,海淀,二模,rubric,/Users/wanglifei/Desktop/2025模拟题/2025各区二模/2025海淀二模/细则/补充材料/2025年海淀二模评标实录.docx,10b5fafe8824526452c8653a8ed509c30d50060286161282e41753bc05d8728d,yes,cache-hit,2126,/Users/wanglifei/Desktop/北京高考政治/reports/必修二三与必修四文化_题源分类准备_20260617_1301/02_text_cache/texts/10b5fafe88245264.txt,/Users/wanglifei/GaokaoPolitics/beijing-politics-sync/data/preprocessed_corpus/texts/10b5fafe88245264_2025年海淀二模评标实录.txt,
2025_海淀_期中,2025,海淀,期中,paper,/Users/wanglifei/Desktop/2025模拟题/2025各区期末/2025海淀期中/试卷/试卷.pdf,b452d8b4e21b94beafb2a30a187501771e1c2df3f00495b7b613f90ecc409012,yes,cache-hit,9510,/Users/wanglifei/Desktop/北京高考政治/reports/必修二三与必修四文化_题源分类准备_20260617_1301/02_text_cache/texts/b452d8b4e21b94be.txt,/Users/wanglifei/GaokaoPolitics/beijing-politics-sync/data/preprocessed_corpus/texts/b452d8b4e21b94be_2024北京海淀高三_上_期中政治_教师版.txt,
2025_海淀_期末,2025,海淀,期末,paper,/Users/wanglifei/Desktop/2025模拟题/2025各区期末/2025海淀期末/试卷/试卷.docx,b960993a71bd93cae7549bc5ccb0b114fdaee6675e64a1d1934b2b9ed5a83542,yes,cache-hit,9987,/Users/wanglifei/Desktop/北京高考政治/reports/必修二三与必修四文化_题源分类准备_20260617_1301/02_text_cache/texts/b960993a71bd93ca.txt,/Users/wanglifei/GaokaoPolitics/beijing-politics-sync/data/preprocessed_corpus/texts/b960993a71bd93ca_2025北京海淀高三_上_期末政治_教师版.txt,
2025_海淀_期中,2025,海淀,期中,rubric,/Users/wanglifei/Desktop/2025模拟题/2025各区期末/2025海淀期中/细则/细则.docx,7bbd92bd3b93e5312173bf19e5608398a262811d7ccd866583a72a8ff2c9f999,yes,cache-hit,1459,/Users/wanglifei/Desktop/北京高考政治/reports/必修二三与必修四文化_题源分类准备_20260617_1301/02_text_cache/texts/7bbd92bd3b93e531.txt,/Users/wanglifei/GaokaoPolitics/beijing-politics-sync/data/preprocessed_corpus/texts/7bbd92bd3b93e531_2025海淀期中细则.txt,
2025_海淀_期末,2025,海淀,期末,rubric,/Users/wanglifei/Desktop/2025模拟题/2025各区期末/2025海淀期末/细则/细则.pptx,4b22b6c78aaddb3eee446f8030c05abd52c67ca1ba6172e0075474206444e532,yes,cache-hit,12368,/Users/wanglifei/Desktop/北京高考政治/reports/必修二三与必修四文化_题源分类准备_20260617_1301/02_text_cache/texts/4b22b6c78aaddb3e.txt,/Users/wanglifei/GaokaoPolitics/beijing-politics-sync/data/preprocessed_corpus/texts/4b22b6c78aaddb3e_2025海淀期末细则.txt,
2025_石景山_一模,2025,石景山,一模,paper,/Users/wanglifei/Desktop/2025模拟题/2025各区一模/2025石景山一模/试卷/试卷.pdf,fb8717be46dabe77b9b92db5b9fac854bee5c11c7cac53704bcdd1abca2676f5,yes,cache-hit,9772,/Users/wanglifei/Desktop/北京高考政治/reports/必修二三与必修四文化_题源分类准备_20260617_1301/02_text_cache/texts/fb8717be46dabe77.txt,/Users/wanglifei/GaokaoPolitics/beijing-politics-sync/data/preprocessed_corpus/texts/fb8717be46dabe77_2025北京石景山高三一模政治_教师版.txt,
2025_石景山_一模,2025,石景山,一模,rubric,/Users/wanglifei/Desktop/2025模拟题/2025各区一模/2025石景山一模/细则/细则.doc,0b97375f2f69e53d9d17a16ce32d06d76fc069edba4884aae8d0750ec88e1288,yes,cache-hit,2822,/Users/wanglifei/Desktop/北京高考政治/reports/必修二三与必修四文化_题源分类准备_20260617_1301/02_text_cache/texts/0b97375f2f69e53d.txt,/Users/wanglifei/GaokaoPolitics/beijing-politics-sync/data/preprocessed_corpus/texts/0b97375f2f69e53d_2025石景山一模细则.txt,
2025_西城_一模,2025,西城,一模,paper,/Users/wanglifei/Desktop/2025模拟题/2025各区一模/2025西城一模/试卷/试卷.pdf,2542f29bb04e2ae014d6d61f553b812926c2a998785ce44cb815ef347d5deca5,yes,cache-hit,9232,/Users/wanglifei/Desktop/北京高考政治/reports/必修二三与必修四文化_题源分类准备_20260617_1301/02_text_cache/texts/2542f29bb04e2ae0.txt,/Users/wanglifei/GaokaoPolitics/beijing-politics-sync/data/preprocessed_corpus/texts/2542f29bb04e2ae0_2025北京西城高三一模政治_教师版.txt,
2025_西城_一模,2025,西城,一模,rubric,/Users/wanglifei/Desktop/2025模拟题/2025各区一模/2025西城一模/细则/细则.docx,af675a5d751f41db34d996ea71aeb9dfcb9ac0e86ef2acf40e2f7fd03ca99939,yes,cache-hit,4087,/Users/wanglifei/Desktop/北京高考政治/reports/必修二三与必修四文化_题源分类准备_20260617_1301/02_text_cache/texts/af675a5d751f41db.txt,/Users/wanglifei/GaokaoPolitics/beijing-politics-sync/data/preprocessed_corpus/texts/af675a5d751f41db_2025西城一模细则.txt,
2025_西城_二模,2025,西城,二模,paper,/Users/wanglifei/Desktop/2025模拟题/2025各区二模/2025西城二模/试卷/试卷.pdf,06c08602a2f5c20b87d80e19d16f44954ffac7f4c0442ae03fcb35d5153064f3,yes,cache-hit,8793,/Users/wanglifei/Desktop/北京高考政治/reports/必修二三与必修四文化_题源分类准备_20260617_1301/02_text_cache/texts/06c08602a2f5c20b.txt,/Users/wanglifei/GaokaoPolitics/beijing-politics-sync/data/preprocessed_corpus/texts/06c08602a2f5c20b_2025北京西城高三二模政治_教师版.txt,
2025_西城_二模,2025,西城,二模,rubric,/Users/wanglifei/Desktop/2025模拟题/2025各区二模/2025西城二模/细则/细则.docx,cfb0f19ef38aafd7b6376a003734f11398ff25ed6be60e6a22ffc145d4aad78e,yes,cache-hit,4305,/Users/wanglifei/Desktop/北京高考政治/reports/必修二三与必修四文化_题源分类准备_20260617_1301/02_text_cache/texts/cfb0f19ef38aafd7.txt,/Users/wanglifei/GaokaoPolitics/beijing-politics-sync/data/preprocessed_corpus/texts/cfb0f19ef38aafd7_2025西城二模细则.txt,
2025_西城_期末,2025,西城,期末,paper,/Users/wanglifei/Desktop/2025模拟题/2025各区期末/2025西城期末/试卷/试卷.pdf,6662da1c2772cc380bf8a297d9a8a6e179867e78344a4263fc97eb1c3b609f9d,yes,cache-hit,7951,/Users/wanglifei/Desktop/北京高考政治/reports/必修二三与必修四文化_题源分类准备_20260617_1301/02_text_cache/texts/6662da1c2772cc38.txt,/Users/wanglifei/GaokaoPolitics/beijing-politics-sync/data/preprocessed_corpus/texts/6662da1c2772cc38_2025北京西城高三_上_期末政治_教师版.txt,
2025_西城_期末,2025,西城,期末,rubric,/Users/wanglifei/Desktop/2025模拟题/2025各区期末/2025西城期末/细则/细则.pdf,89d264a31e348be6b411fcef6c8c5dd3979dc666dfc1f2c95c244cebdae6d0cd,yes,cache-hit,3862,/Users/wanglifei/Desktop/北京高考政治/reports/必修二三与必修四文化_题源分类准备_20260617_1301/02_text_cache/texts/89d264a31e348be6.txt,/Users/wanglifei/GaokaoPolitics/beijing-politics-sync/data/preprocessed_corpus/texts/89d264a31e348be6_2025西城期末细则.txt,
2025_门头沟_一模,2025,门头沟,一模,paper,/Users/wanglifei/Desktop/2025模拟题/2025各区一模/2025门头沟一模/试卷/试卷.pdf,1d8a23fe11f59810bcbe7bb7bfd3ecdd9ff89e3bfd5e422559ca6200e18cc009,yes,cache-hit,9990,/Users/wanglifei/Desktop/北京高考政治/reports/必修二三与必修四文化_题源分类准备_20260617_1301/02_text_cache/texts/1d8a23fe11f59810.txt,/Users/wanglifei/GaokaoPolitics/beijing-politics-sync/data/preprocessed_corpus/texts/1d8a23fe11f59810_2025北京门头沟高三一模政治_教师版.txt,
2025_门头沟_一模,2025,门头沟,一模,rubric,/Users/wanglifei/Desktop/2025模拟题/2025各区一模/2025门头沟一模/细则/细则.doc,26d9b228064053c19109fc9d3462d2e4cc561009b2d2229d4ec60055a2229973,yes,cache-hit,3426,/Users/wanglifei/Desktop/北京高考政治/reports/必修二三与必修四文化_题源分类准备_20260617_1301/02_text_cache/texts/26d9b228064053c1.txt,/Users/wanglifei/GaokaoPolitics/beijing-politics-sync/data/preprocessed_corpus/texts/26d9b228064053c1_2025门头沟一模细则.txt,
2025_顺义_一模,2025,顺义,一模,paper,/Users/wanglifei/Desktop/2025模拟题/2025各区一模/2025顺义一模/试卷/试卷.pdf,9dd43cae443f853c0799034210e45b3e1040c48facb2cdf3d42dbba195ee4b16,yes,cache-hit,18478,/Users/wanglifei/Desktop/北京高考政治/reports/必修二三与必修四文化_题源分类准备_20260617_1301/02_text_cache/texts/9dd43cae443f853c.txt,/Users/wanglifei/GaokaoPolitics/beijing-politics-sync/data/preprocessed_corpus/texts/9dd43cae443f853c_2025北京顺义高三一模政治_教师版.txt,
2025_顺义_一模,2025,顺义,一模,rubric,/Users/wanglifei/Desktop/2025模拟题/2025各区一模/2025顺义一模/细则/细则.docx,bef8332e23ce30ac4e04eef21ff030c777eb4088111eb581c4b5257ae37a8fcc,yes,cache-hit,3812,/Users/wanglifei/Desktop/北京高考政治/reports/必修二三与必修四文化_题源分类准备_20260617_1301/02_text_cache/texts/bef8332e23ce30ac.txt,/Users/wanglifei/GaokaoPolitics/beijing-politics-sync/data/preprocessed_corpus/texts/bef8332e23ce30ac_2025顺义一模细则.txt,
2026_东城_一模,2026,东城,一模,paper,/Users/wanglifei/Desktop/2026模拟题/2026各区一模/2026东城一模/试卷/补充材料/2026东城一模 原卷扫描版.pdf,34b21a3a804e567c86b3805158e9209c44bd9b8b4ee891f79145f19e889de472,yes,cache-hit,754,/Users/wanglifei/Desktop/北京高考政治/reports/必修二三与必修四文化_题源分类准备_20260617_1301/02_text_cache/texts/34b21a3a804e567c.txt,/Users/wanglifei/GaokaoPolitics/beijing-politics-sync/data/preprocessed_corpus/gpt_sources/34b21a3a804e567c_2026东城一模_原卷扫描版.md,
2026_东城_一模,2026,东城,一模,paper,/Users/wanglifei/Desktop/2026模拟题/2026各区一模/2026东城一模/试卷/试卷.pdf,0dafc181e82eb031dae6bc668d9e0f91cb614dfbc09cb48711d5c97a93b7a195,yes,cache-hit,7940,/Users/wanglifei/Desktop/北京高考政治/reports/必修二三与必修四文化_题源分类准备_20260617_1301/02_text_cache/texts/0dafc181e82eb031.txt,/Users/wanglifei/GaokaoPolitics/beijing-politics-sync/data/preprocessed_corpus/texts/0dafc181e82eb031_2026北京东城高三一模政治_教师版.txt,
2026_东城_一模,2026,东城,一模,rubric,/Users/wanglifei/Desktop/2026模拟题/2026各区一模/2026东城一模/细则/分题细则/东城一模评标细则（勿传）/16.pptx,bbcb45c7197fffbb20ac6b8343a9a44ffd05f04d3b7d37965d11892a35b63ed5,yes,cache-hit,1734,/Users/wanglifei/Desktop/北京高考政治/reports/必修二三与必修四文化_题源分类准备_20260617_1301/02_text_cache/texts/bbcb45c7197fffbb.txt,/Users/wanglifei/GaokaoPolitics/beijing-politics-sync/data/preprocessed_corpus/texts/bbcb45c7197fffbb_16.txt,
2026_东城_一模,2026,东城,一模,rubric,/Users/wanglifei/Desktop/2026模拟题/2026各区一模/2026东城一模/细则/分题细则/东城一模评标细则（勿传）/17.pptx,3566266405cdbdddbf6a4aaf2d96630aaee0eb8884a608e6c49f86a15b66e08d,yes,cache-hit,1081,/Users/wanglifei/Desktop/北京高考政治/reports/必修二三与必修四文化_题源分类准备_20260617_1301/02_text_cache/texts/3566266405cdbddd.txt,/Users/wanglifei/GaokaoPolitics/beijing-politics-sync/data/preprocessed_corpus/texts/3566266405cdbddd_17.txt,
2026_东城_一模,2026,东城,一模,rubric,/Users/wanglifei/Desktop/2026模拟题/2026各区一模/2026东城一模/细则/分题细则/东城一模评标细则（勿传）/18+选择7、13.pptx,5a07157a05d12bcf3b87917c8c398ade6ae7c38718f386de1ec25a6a7ed62b49,yes,cache-hit,1106,/Users/wanglifei/Desktop/北京高考政治/reports/必修二三与必修四文化_题源分类准备_20260617_1301/02_text_cache/texts/5a07157a05d12bcf.txt,/Users/wanglifei/GaokaoPolitics/beijing-politics-sync/data/preprocessed_corpus/texts/5a07157a05d12bcf_18_选择7_13.txt,
2026_东城_一模,2026,东城,一模,rubric,/Users/wanglifei/Desktop/2026模拟题/2026各区一模/2026东城一模/细则/分题细则/东城一模评标细则（勿传）/19（1）.pptx,88c00449e9f02504757db9cab62d5956f249e4a336475b1efaea5f7860bad042,yes,cache-hit,118,/Users/wanglifei/Desktop/北京高考政治/reports/必修二三与必修四文化_题源分类准备_20260617_1301/02_text_cache/texts/88c00449e9f02504.txt,/Users/wanglifei/GaokaoPolitics/beijing-politics-sync/data/preprocessed_corpus/texts/88c00449e9f02504_19_1.txt,
2026_东城_一模,2026,东城,一模,rubric,/Users/wanglifei/Desktop/2026模拟题/2026各区一模/2026东城一模/细则/分题细则/东城一模评标细则（勿传）/19（2）.pptx,4e0ae5b46ae638b90102f9875d5b9de13d8495695693bf8e080e4732d8ecb006,yes,cache-hit,1208,/Users/wanglifei/Desktop/北京高考政治/reports/必修二三与必修四文化_题源分类准备_20260617_1301/02_text_cache/texts/4e0ae5b46ae638b9.txt,/Users/wanglifei/GaokaoPolitics/beijing-politics-sync/data/preprocessed_corpus/texts/4e0ae5b46ae638b9_19_2.txt,
2026_东城_一模,2026,东城,一模,rubric,/Users/wanglifei/Desktop/2026模拟题/2026各区一模/2026东城一模/细则/分题细则/东城一模评标细则（勿传）/19（3）.pptx,aa63045ae37602583ef2bf7afc1560f16cef636850303c9db9d8b92e35a7c4f6,yes,cache-hit,1126,/Users/wanglifei/Desktop/北京高考政治/reports/必修二三与必修四文化_题源分类准备_20260617_1301/02_text_cache/texts/aa63045ae3760258.txt,/Users/wanglifei/GaokaoPolitics/beijing-politics-sync/data/preprocessed_corpus/texts/aa63045ae3760258_19_3.txt,
2026_东城_一模,2026,东城,一模,rubric,/Users/wanglifei/Desktop/2026模拟题/2026各区一模/2026东城一模/细则/分题细则/东城一模评标细则（勿传）/19（4）.pptx,04de6654b5f867015500adb7e573ee9868caf213c7bb6180d5b4c8458271ef3f,yes,cache-hit,1044,/Users/wanglifei/Desktop/北京高考政治/reports/必修二三与必修四文化_题源分类准备_20260617_1301/02_text_cache/texts/04de6654b5f86701.txt,/Users/wanglifei/GaokaoPolitics/beijing-politics-sync/data/preprocessed_corpus/texts/04de6654b5f86701_19_4.txt,
2026_东城_一模,2026,东城,一模,rubric,/Users/wanglifei/Desktop/2026模拟题/2026各区一模/2026东城一模/细则/分题细则/东城一模评标细则（勿传）/20.pptx,16fa597a98fe48b9ede4725233a6971ce13b172dafc4b4997201dd4d1293b299,yes,cache-hit,831,/Users/wanglifei/Desktop/北京高考政治/reports/必修二三与必修四文化_题源分类准备_20260617_1301/02_text_cache/texts/16fa597a98fe48b9.txt,/Users/wanglifei/GaokaoPolitics/beijing-politics-sync/data/preprocessed_corpus/texts/16fa597a98fe48b9_20.txt,
2026_东城_一模,2026,东城,一模,rubric,/Users/wanglifei/Desktop/2026模拟题/2026各区一模/2026东城一模/细则/细则.pdf,eaae525d6ec9cabbbfc2786669579e5cd251178accc5ed4432223c6196d28929,yes,cache-hit,734,/Users/wanglifei/Desktop/北京高考政治/reports/必修二三与必修四文化_题源分类准备_20260617_1301/02_text_cache/texts/eaae525d6ec9cabb.txt,/Users/wanglifei/GaokaoPolitics/beijing-politics-sync/data/preprocessed_corpus/gpt_sources/eaae525d6ec9cabb_东城一模细则.md,
2026_东城_一模,2026,东城,一模,rubric,/Users/wanglifei/Desktop/2026模拟题/2026各区一模/2026东城一模/细则/补充材料/26东城一模细则.pdf,99e851c9338f0983927c8f90551e5d7f7a5b6a1806599448ab4e8fd12fe9251f,yes,cache-hit,5281,/Users/wanglifei/Desktop/北京高考政治/reports/必修二三与必修四文化_题源分类准备_20260617_1301/02_text_cache/texts/99e851c9338f0983.txt,/Users/wanglifei/GaokaoPolitics/beijing-politics-sync/data/preprocessed_corpus/texts/99e851c9338f0983_26东城一模细则.txt,
2026_东城_二模,2026,东城,二模,paper,/Users/wanglifei/Desktop/2026模拟题/2026各区二模/2026东城二模/试卷/2026北京东城高三二模政治（教师版）.docx,c751cfa77650b9c3456aa333252513108d352756ad8426974305963145e62647,no,raw-extracted,7303,/Users/wanglifei/Desktop/北京高考政治/reports/必修二三与必修四文化_题源分类准备_20260617_1301/02_text_cache/texts/c751cfa77650b9c3.txt,/Users/wanglifei/Desktop/2026模拟题/2026各区二模/2026东城二模/试卷/2026北京东城高三二模政治（教师版）.docx,
2026_东城_二模,2026,东城,二模,rubric,/Users/wanglifei/Desktop/2026模拟题/2026各区二模/2026东城二模/细则/16.pdf,c4b3300418aef3c016660d764b9ce2daec79d5626840f534a44adb2433717738,no,raw-extracted,1454,/Users/wanglifei/Desktop/北京高考政治/reports/必修二三与必修四文化_题源分类准备_20260617_1301/02_text_cache/texts/c4b3300418aef3c0.txt,/Users/wanglifei/Desktop/2026模拟题/2026各区二模/2026东城二模/细则/16.pdf,
2026_东城_二模,2026,东城,二模,rubric,/Users/wanglifei/Desktop/2026模拟题/2026各区二模/2026东城二模/细则/17题评标.pdf,e90ac6d5f3ee246fd74870d44cfe1b2a12cb2fd261a8ab236418cf60fca30a20,no,raw-extracted,1119,/Users/wanglifei/Desktop/北京高考政治/reports/必修二三与必修四文化_题源分类准备_20260617_1301/02_text_cache/texts/e90ac6d5f3ee246f.txt,/Users/wanglifei/Desktop/2026模拟题/2026各区二模/2026东城二模/细则/17题评标.pdf,
2026_东城_二模,2026,东城,二模,rubric,/Users/wanglifei/Desktop/2026模拟题/2026各区二模/2026东城二模/细则/18题阅卷细则(5.9).pdf,d007267f6e1c8f6225cba4547e5ccbd8108f1f15a0505dd3d8edb304aeb1ceda,no,raw-extracted,990,/Users/wanglifei/Desktop/北京高考政治/reports/必修二三与必修四文化_题源分类准备_20260617_1301/02_text_cache/texts/d007267f6e1c8f62.txt,/Users/wanglifei/Desktop/2026模拟题/2026各区二模/2026东城二模/细则/18题阅卷细则(5.9).pdf,
2026_东城_二模,2026,东城,二模,rubric,/Users/wanglifei/Desktop/2026模拟题/2026各区二模/2026东城二模/细则/20题（1+2）.pdf,db4b22917a3fd5dfa271e59795a7f3ddefa7870930903cb834163a297f75980e,no,raw-extracted,606,/Users/wanglifei/Desktop/北京高考政治/reports/必修二三与必修四文化_题源分类准备_20260617_1301/02_text_cache/texts/db4b22917a3fd5df.txt,/Users/wanglifei/Desktop/2026模拟题/2026各区二模/2026东城二模/细则/20题（1+2）.pdf,
2026_东城_二模,2026,东城,二模,rubric,/Users/wanglifei/Desktop/2026模拟题/2026各区二模/2026东城二模/细则/26年东城二模20（3）.pdf,34f69bdaf40f8c5372ccd2cad7a68574f2e3395463492739cf3518a69817d87e,no,raw-extracted,1174,/Users/wanglifei/Desktop/北京高考政治/reports/必修二三与必修四文化_题源分类准备_20260617_1301/02_text_cache/texts/34f69bdaf40f8c53.txt,/Users/wanglifei/Desktop/2026模拟题/2026各区二模/2026东城二模/细则/26年东城二模20（3）.pdf,
2026_东城_二模,2026,东城,二模,rubric,/Users/wanglifei/Desktop/2026模拟题/2026各区二模/2026东城二模/细则/东城二模 19题阅卷细则.pdf,c6d95d8dc9451bf8eeba2bf4830da0fc364de00b80a36337cc4d34e4ecdb8ed6,no,raw-extracted,537,/Users/wanglifei/Desktop/北京高考政治/reports/必修二三与必修四文化_题源分类准备_20260617_1301/02_text_cache/texts/c6d95d8dc9451bf8.txt,/Users/wanglifei/Desktop/2026模拟题/2026各区二模/2026东城二模/细则/东城二模 19题阅卷细则.pdf,
2026_东城_二模,2026,东城,二模,rubric,/Users/wanglifei/Desktop/2026模拟题/2026各区二模/2026东城二模/细则/二模21题细则模版.pdf,05524582484d814f84d34e2e0984504bcb436251968af9485901c3d7cc4870bc,no,raw-extracted,1266,/Users/wanglifei/Desktop/北京高考政治/reports/必修二三与必修四文化_题源分类准备_20260617_1301/02_text_cache/texts/05524582484d814f.txt,/Users/wanglifei/Desktop/2026模拟题/2026各区二模/2026东城二模/细则/二模21题细则模版.pdf,
2026_东城_期末,2026,东城,期末,paper,/Users/wanglifei/Desktop/2026模拟题/2026各区期末和期中/2026东城期末/试卷/试卷.pdf,15664381470d8300c72773a332ddb60167ba1ee9511ba96df0f5e3f703c1731f,yes,cache-hit,7656,/Users/wanglifei/Desktop/北京高考政治/reports/必修二三与必修四文化_题源分类准备_20260617_1301/02_text_cache/texts/15664381470d8300.txt,/Users/wanglifei/GaokaoPolitics/beijing-politics-sync/data/preprocessed_corpus/texts/15664381470d8300_2026北京东城高三_上_期末政治_教师版.txt,
2026_东城_期末,2026,东城,期末,rubric,/Users/wanglifei/Desktop/2026模拟题/2026各区期末和期中/2026东城期末/细则/细则.pptx,e4d67789c91d1b92bfe400927f2ea389a7b4fb3a0ce70f4bc162aac6f7c9e832,yes,cache-hit,17401,/Users/wanglifei/Desktop/北京高考政治/reports/必修二三与必修四文化_题源分类准备_20260617_1301/02_text_cache/texts/e4d67789c91d1b92.txt,/Users/wanglifei/GaokaoPolitics/beijing-politics-sync/data/preprocessed_corpus/texts/e4d67789c91d1b92_2026东城期末细则.txt,
2026_丰台_一模,2026,丰台,一模,paper,/Users/wanglifei/Desktop/2026模拟题/2026各区一模/2026丰台一模/试卷/试卷.pdf,6e8f2df5ef86ff9e362187a1d36fce5a516ea1729d49807243da9a9b0fa73847,yes,cache-hit,724,/Users/wanglifei/Desktop/北京高考政治/reports/必修二三与必修四文化_题源分类准备_20260617_1301/02_text_cache/texts/6e8f2df5ef86ff9e.txt,/Users/wanglifei/GaokaoPolitics/beijing-politics-sync/data/preprocessed_corpus/gpt_sources/6e8f2df5ef86ff9e_丰台一模.md,
2026_丰台_一模,2026,丰台,一模,rubric,/Users/wanglifei/Desktop/2026模拟题/2026各区一模/2026丰台一模/细则/细则.pptx,26649804f1de31f52829752b234da32ee8eb8e383501b558ab6c598dd3f9155d,yes,cache-hit,9036,/Users/wanglifei/Desktop/北京高考政治/reports/必修二三与必修四文化_题源分类准备_20260617_1301/02_text_cache/texts/26649804f1de31f5.txt,/Users/wanglifei/GaokaoPolitics/beijing-politics-sync/data/preprocessed_corpus/texts/26649804f1de31f5_2026丰台一模细则.txt,
2026_丰台_二模,2026,丰台,二模,paper,/Users/wanglifei/Desktop/2026模拟题/2026各区二模/2026丰台二模/试卷/2026北京丰台高三二模政治（教师版）.pdf,f7b3a73c9296b17889cada79c5a5256bda639d2bec8a2f0091d21a15541253b0,no,raw-extracted,9987,/Users/wanglifei/Desktop/北京高考政治/reports/必修二三与必修四文化_题源分类准备_20260617_1301/02_text_cache/texts/f7b3a73c9296b178.txt,/Users/wanglifei/Desktop/2026模拟题/2026各区二模/2026丰台二模/试卷/2026北京丰台高三二模政治（教师版）.pdf,
2026_丰台_二模,2026,丰台,二模,rubric,/Users/wanglifei/Desktop/2026模拟题/2026各区二模/2026丰台二模/细则/2026丰台区二模主观题阅卷细则(1).pptx,10275a1dafa3a824edbd50b523b8ef31dca9b7d6c2f34964b4740f4f45cbf044,no,raw-extracted,14489,/Users/wanglifei/Desktop/北京高考政治/reports/必修二三与必修四文化_题源分类准备_20260617_1301/02_text_cache/texts/10275a1dafa3a824.txt,/Users/wanglifei/Desktop/2026模拟题/2026各区二模/2026丰台二模/细则/2026丰台区二模主观题阅卷细则(1).pptx,
2026_丰台_期末,2026,丰台,期末,paper,/Users/wanglifei/Desktop/2026模拟题/2026各区期末和期中/2026丰台期末/试卷/试卷.pdf,6553ff85e09d299a059ed4720fe324d83ec1da37418ea11f7d4a2d8beeec37b0,yes,cache-hit,767,/Users/wanglifei/Desktop/北京高考政治/reports/必修二三与必修四文化_题源分类准备_20260617_1301/02_text_cache/texts/6553ff85e09d299a.txt,/Users/wanglifei/GaokaoPolitics/beijing-politics-sync/data/preprocessed_corpus/gpt_sources/6553ff85e09d299a_2026北京丰台高三_上_期末政治.md,
2026_丰台_期末,2026,丰台,期末,rubric,/Users/wanglifei/Desktop/2026模拟题/2026各区期末和期中/2026丰台期末/细则/细则.pdf,dbc93cbfd3a93eff18a74e571039c91200fc062aa0d4465449a94a8a469d09fa,yes,cache-hit,8916,/Users/wanglifei/Desktop/北京高考政治/reports/必修二三与必修四文化_题源分类准备_20260617_1301/02_text_cache/texts/dbc93cbfd3a93eff.txt,/Users/wanglifei/GaokaoPolitics/beijing-politics-sync/data/preprocessed_corpus/texts/dbc93cbfd3a93eff_2026丰台期末细则.txt,
2026_延庆_一模,2026,延庆,一模,paper,/Users/wanglifei/Desktop/2026模拟题/2026各区一模/2026延庆一模/试卷/试卷.pdf,cc91930411716013bd6f2388cdd62ec95ccd6409a6328abd732df10553726e41,yes,cache-hit,9307,/Users/wanglifei/Desktop/北京高考政治/reports/必修二三与必修四文化_题源分类准备_20260617_1301/02_text_cache/texts/cc91930411716013.txt,/Users/wanglifei/GaokaoPolitics/beijing-politics-sync/data/preprocessed_corpus/texts/cc91930411716013_2026北京延庆高三一模政治_教师版.txt,
2026_延庆_一模,2026,延庆,一模,rubric,/Users/wanglifei/Desktop/2026模拟题/2026各区一模/2026延庆一模/细则/细则.docx,2e0f67df1ab78a60dccde6bec64faee10f32e14f8feed1c53959d700e5c8afcb,yes,cache-hit,2336,/Users/wanglifei/Desktop/北京高考政治/reports/必修二三与必修四文化_题源分类准备_20260617_1301/02_text_cache/texts/2e0f67df1ab78a60.txt,/Users/wanglifei/GaokaoPolitics/beijing-politics-sync/data/preprocessed_corpus/texts/2e0f67df1ab78a60_2026延庆一模细则.txt,
2026_房山_一模,2026,房山,一模,paper,/Users/wanglifei/Desktop/2026模拟题/2026各区一模/2026房山一模/试卷/试卷.pdf,e37482eff39f36180903a44c78d4f80464c817cd0ceeca5c35c51f5c4a7b5bf9,yes,cache-hit,754,/Users/wanglifei/Desktop/北京高考政治/reports/必修二三与必修四文化_题源分类准备_20260617_1301/02_text_cache/texts/e37482eff39f3618.txt,/Users/wanglifei/GaokaoPolitics/beijing-politics-sync/data/preprocessed_corpus/gpt_sources/e37482eff39f3618_2026北京房山高三一模政治.md,
2026_房山_一模,2026,房山,一模,rubric,/Users/wanglifei/Desktop/2026模拟题/2026各区一模/2026房山一模/细则/细则.docx,0ca482adfc64b0d7023d9f1012005aa3ebd02abee75eb9451c97ad8d281c0d96,yes,cache-hit,3712,/Users/wanglifei/Desktop/北京高考政治/reports/必修二三与必修四文化_题源分类准备_20260617_1301/02_text_cache/texts/0ca482adfc64b0d7.txt,/Users/wanglifei/GaokaoPolitics/beijing-politics-sync/data/preprocessed_corpus/texts/0ca482adfc64b0d7_2026房山一模细则.txt,
2026_房山_二模,2026,房山,二模,paper,/Users/wanglifei/Desktop/2026模拟题/2026各区二模/2026房山二模/试卷/2026北京房山高三二模政治（教师版）.pdf,ffe050fd8f7eb7b0cd6c43cd9c1724c3defbbc45509204254aee80060b42e82b,no,raw-extracted,3388,/Users/wanglifei/Desktop/北京高考政治/reports/必修二三与必修四文化_题源分类准备_20260617_1301/02_text_cache/texts/ffe050fd8f7eb7b0.txt,/Users/wanglifei/Desktop/2026模拟题/2026各区二模/2026房山二模/试卷/2026北京房山高三二模政治（教师版）.pdf,
2026_房山_二模,2026,房山,二模,rubric,/Users/wanglifei/Desktop/2026模拟题/2026各区二模/2026房山二模/细则/26房山评标.docx,51621a4abaad70789a89e04e7096655e76cd19620a4086762db4d45f5c407876,no,raw-extracted,4041,/Users/wanglifei/Desktop/北京高考政治/reports/必修二三与必修四文化_题源分类准备_20260617_1301/02_text_cache/texts/51621a4abaad7078.txt,/Users/wanglifei/Desktop/2026模拟题/2026各区二模/2026房山二模/细则/26房山评标.docx,
2026_朝阳_一模,2026,朝阳,一模,paper,/Users/wanglifei/Desktop/2026模拟题/2026各区一模/2026朝阳一模/试卷/试卷.pdf,585b15124610aff7afffd93a3c4753f4b89eb9cd2dc1060a17022cecb4d8a8d9,yes,cache-hit,13852,/Users/wanglifei/Desktop/北京高考政治/reports/必修二三与必修四文化_题源分类准备_20260617_1301/02_text_cache/texts/585b15124610aff7.txt,/Users/wanglifei/GaokaoPolitics/beijing-politics-sync/data/preprocessed_corpus/texts/585b15124610aff7_2026北京朝阳高三一模政治_教师版.txt,
2026_朝阳_一模,2026,朝阳,一模,rubric,/Users/wanglifei/Desktop/2026模拟题/2026各区一模/2026朝阳一模/细则/细则.docx,3a11db4bade216d1f174fab8e1b27f29e9b12e1a6b309296103b20e7c67c230d,yes,cache-hit,4507,/Users/wanglifei/Desktop/北京高考政治/reports/必修二三与必修四文化_题源分类准备_20260617_1301/02_text_cache/texts/3a11db4bade216d1.txt,/Users/wanglifei/GaokaoPolitics/beijing-politics-sync/data/preprocessed_corpus/texts/3a11db4bade216d1_2026朝阳一模细则.txt,
2026_朝阳_二模,2026,朝阳,二模,paper,/Users/wanglifei/Desktop/2026模拟题/2026各区二模/2026朝阳二模/试卷/2026北京朝阳高三二模政治（教师版）.docx,c8856680a9a67b604d7939c72dd0b3b0d749a80f7d9ee4c5d35d6cdc98b4c396,no,raw-extracted,14840,/Users/wanglifei/Desktop/北京高考政治/reports/必修二三与必修四文化_题源分类准备_20260617_1301/02_text_cache/texts/c8856680a9a67b60.txt,/Users/wanglifei/Desktop/2026模拟题/2026各区二模/2026朝阳二模/试卷/2026北京朝阳高三二模政治（教师版）.docx,
2026_朝阳_二模,2026,朝阳,二模,rubric,/Users/wanglifei/Desktop/2026模拟题/2026各区二模/2026朝阳二模/细则/202605朝阳高三政治二模阅卷细则(1).docx,8cb07a7f650e041c062b0f1a96ee53c20964ebc71c1a30af8697809adc4bb62c,no,raw-extracted,5277,/Users/wanglifei/Desktop/北京高考政治/reports/必修二三与必修四文化_题源分类准备_20260617_1301/02_text_cache/texts/8cb07a7f650e041c.txt,/Users/wanglifei/Desktop/2026模拟题/2026各区二模/2026朝阳二模/细则/202605朝阳高三政治二模阅卷细则(1).docx,
2026_朝阳_期中,2026,朝阳,期中,paper,/Users/wanglifei/Desktop/2026模拟题/2026各区期末和期中/2026朝阳期中/试卷/试卷.pdf,5a53b5c6863d7f952d732bef6b21013438957929a6748c575ed46331be9cd5a0,yes,cache-hit,8027,/Users/wanglifei/Desktop/北京高考政治/reports/必修二三与必修四文化_题源分类准备_20260617_1301/02_text_cache/texts/5a53b5c6863d7f95.txt,/Users/wanglifei/GaokaoPolitics/beijing-politics-sync/data/preprocessed_corpus/texts/5a53b5c6863d7f95_2025北京朝阳高三_上_期中政治_教师版.txt,
2026_朝阳_期末,2026,朝阳,期末,paper,/Users/wanglifei/Desktop/2026模拟题/2026各区期末和期中/2026朝阳期末/试卷/试卷.pdf,e1a49527cb4c175f3de69c5cb429216b35938f336f1417fd9df9d955c3e98399,no,raw-extracted,22821,/Users/wanglifei/Desktop/北京高考政治/reports/必修二三与必修四文化_题源分类准备_20260617_1301/02_text_cache/texts/e1a49527cb4c175f.txt,/Users/wanglifei/Desktop/北京高考政治/reports/必修二三与必修四文化_题源分类准备_20260617_1301/02_text_cache/ocr_cache/2026_朝阳_期末_试卷/试卷.ocr.txt,repaired_full_ocr_for_chaoyang_2026_final_identity_patch
2026_朝阳_期中,2026,朝阳,期中,rubric,/Users/wanglifei/Desktop/2026模拟题/2026各区期末和期中/2026朝阳期中/细则/细则.docx,885e694cf464c22b3e899be93e422de46ccefd2efe8d66fd03fefc93d186f965,yes,cache-hit,4785,/Users/wanglifei/Desktop/北京高考政治/reports/必修二三与必修四文化_题源分类准备_20260617_1301/02_text_cache/texts/885e694cf464c22b.txt,/Users/wanglifei/GaokaoPolitics/beijing-politics-sync/data/preprocessed_corpus/texts/885e694cf464c22b_2026朝阳期中细则.txt,
2026_朝阳_期末,2026,朝阳,期末,rubric,/Users/wanglifei/Desktop/2026模拟题/2026各区期末和期中/2026朝阳期末/细则/细则.pdf,487b2d15b3a3ac2b14567989edfb4195dd3f776437ec0853a7bd39a5a700859a,no,raw-extracted,12883,/Users/wanglifei/Desktop/北京高考政治/reports/必修二三与必修四文化_题源分类准备_20260617_1301/02_text_cache/texts/487b2d15b3a3ac2b.txt,/Users/wanglifei/Desktop/北京高考政治/reports/必修二三与必修四文化_题源分类准备_20260617_1301/02_text_cache/ocr_cache/2026_朝阳_期末_细则/细则.ocr.txt,repaired_full_ocr_for_chaoyang_2026_final_rubric_identity_patch
2026_海淀_一模,2026,海淀,一模,paper,/Users/wanglifei/Desktop/2026模拟题/2026各区一模/2026海淀一模/试卷/试卷.pdf,03e0412bb80579d817c36d81a80cbe3caaf6ba114b5ff7272a9ec5582696b547,yes,cache-hit,764,/Users/wanglifei/Desktop/北京高考政治/reports/必修二三与必修四文化_题源分类准备_20260617_1301/02_text_cache/texts/03e0412bb80579d8.txt,/Users/wanglifei/GaokaoPolitics/beijing-politics-sync/data/preprocessed_corpus/gpt_sources/03e0412bb80579d8_2026海淀一模_试卷扫描版_去水印.md,
2026_海淀_一模,2026,海淀,一模,rubric,/Users/wanglifei/Desktop/2026模拟题/2026各区一模/2026海淀一模/细则/细则.pdf,9b5ac8fd0cfe59cb5dd47ea200078c3342a8cfc212be1cbe8a8f13044a540111,yes,cache-hit,2143,/Users/wanglifei/Desktop/北京高考政治/reports/必修二三与必修四文化_题源分类准备_20260617_1301/02_text_cache/texts/9b5ac8fd0cfe59cb.txt,/Users/wanglifei/GaokaoPolitics/beijing-politics-sync/data/preprocessed_corpus/texts/9b5ac8fd0cfe59cb_2026海淀一模细则.txt,
2026_海淀_二模,2026,海淀,二模,paper,/Users/wanglifei/Desktop/2026模拟题/2026各区二模/2026海淀二模/试卷/2026北京海淀高三二模政治（教师版）.docx,e7b70a05645843b69ea049c64c2e691591a489107d1c2b67992112035ee0b862,no,raw-extracted,10162,/Users/wanglifei/Desktop/北京高考政治/reports/必修二三与必修四文化_题源分类准备_20260617_1301/02_text_cache/texts/e7b70a05645843b6.txt,/Users/wanglifei/Desktop/2026模拟题/2026各区二模/2026海淀二模/试卷/2026北京海淀高三二模政治（教师版）.docx,
2026_海淀_二模,2026,海淀,二模,rubric,/Users/wanglifei/Desktop/2026模拟题/2026各区二模/2026海淀二模/细则/26海淀高三政治二模讲评.pdf,c2f6013f0e13fcbe848bf114d1df7e06c12b48542597cd6a357840137638daa3,no,raw-extracted,18682,/Users/wanglifei/Desktop/北京高考政治/reports/必修二三与必修四文化_题源分类准备_20260617_1301/02_text_cache/texts/c2f6013f0e13fcbe.txt,/Users/wanglifei/Desktop/2026模拟题/2026各区二模/2026海淀二模/细则/26海淀高三政治二模讲评.pdf,
2026_海淀_期中,2026,海淀,期中,marking-report,/Users/wanglifei/Desktop/2026模拟题/2026各区期末和期中/2026海淀期中/其他材料/期中讲评20251106.pdf,e65381bd22912637421c0d9922f3617428c82204555954e7b760cea9c7fe6cb9,yes,cache-hit,750,/Users/wanglifei/Desktop/北京高考政治/reports/必修二三与必修四文化_题源分类准备_20260617_1301/02_text_cache/texts/e65381bd22912637.txt,/Users/wanglifei/GaokaoPolitics/beijing-politics-sync/data/preprocessed_corpus/gpt_sources/e65381bd22912637_2026海淀期中细则.md,
2026_海淀_期中,2026,海淀,期中,paper,/Users/wanglifei/Desktop/2026模拟题/2026各区期末和期中/2026海淀期中/试卷/试卷.docx,11cac42f979196cd879bb2d88efd7984e64cc0c19cdb57cbe1b0a6121ae13e3c,yes,cache-hit,8945,/Users/wanglifei/Desktop/北京高考政治/reports/必修二三与必修四文化_题源分类准备_20260617_1301/02_text_cache/texts/11cac42f979196cd.txt,/Users/wanglifei/GaokaoPolitics/beijing-politics-sync/data/preprocessed_corpus/texts/11cac42f979196cd_2025北京海淀高三_上_期中政治_教师版.txt,
2026_海淀_期末,2026,海淀,期末,paper,/Users/wanglifei/Desktop/2026模拟题/2026各区期末和期中/2026海淀期末/试卷/试卷.pdf,ac3124113aec7062dd70042a1dbd88724d31175c797b380025c53b1fe1ff25e8,no,raw-extracted,24756,/Users/wanglifei/Desktop/北京高考政治/reports/必修二三与必修四文化_题源分类准备_20260617_1301/02_text_cache/texts/ac3124113aec7062.txt,/Users/wanglifei/Desktop/北京高考政治/reports/必修二三与必修四文化_题源分类准备_20260617_1301/02_text_cache/ocr_cache/2026_海淀_期末_试卷/试卷.ocr.txt,added_missing_cache_manifest_row; repaired_full_ocr_for_haidian_2026_final_identity_patch
2026_海淀_期末,2026,海淀,期末,rubric,/Users/wanglifei/Desktop/2026模拟题/2026各区期末和期中/2026海淀期末/细则/细则.pdf,7832041a93d37e1f1c235dd25d2204090a8616c93d855e2e3a1b1f266f96d1ca,no,raw-extracted,4342,/Users/wanglifei/Desktop/北京高考政治/reports/必修二三与必修四文化_题源分类准备_20260617_1301/02_text_cache/texts/7832041a93d37e1f.txt,/Users/wanglifei/Desktop/2026模拟题/2026各区期末和期中/2026海淀期末/细则/细则.pdf,added_missing_cache_manifest_row_for_haidian_2026_final_rubric
2026_石景山_二模,2026,石景山,二模,paper,/Users/wanglifei/Desktop/2026模拟题/2026各区二模/2026石景山二模/试卷/2026北京石景山高三二模政治（教师版）.docx,00b61bbb2c75b4bed90f34f4d93bcc91168d2b05a597a20a0fc3964bacbe5c6c,no,raw-extracted,8477,/Users/wanglifei/Desktop/北京高考政治/reports/必修二三与必修四文化_题源分类准备_20260617_1301/02_text_cache/texts/00b61bbb2c75b4be.txt,/Users/wanglifei/Desktop/2026模拟题/2026各区二模/2026石景山二模/试卷/2026北京石景山高三二模政治（教师版）.docx,added_missing_source_for_fable5_cache_completion; method=existing_run_text
2026_石景山_一模,2026,石景山,一模,paper,/Users/wanglifei/Desktop/2026模拟题/2026各区一模/2026石景山一模/试卷/试卷.pdf,0d4a5cd29c2e69615b523f3c9a7d0170dcc7a1e3362e8e1e1f68ab6c2cd7a2de,no,raw-extracted,9555,/Users/wanglifei/Desktop/北京高考政治/reports/必修二三与必修四文化_题源分类准备_20260617_1301/02_text_cache/texts/0d4a5cd29c2e6961.txt,/Users/wanglifei/Desktop/2026模拟题/2026各区一模/2026石景山一模/试卷/试卷.pdf,added_missing_source_for_fable5_cache_completion; method=existing_run_text
2026_西城_二模,2026,西城,二模,paper,/Users/wanglifei/Desktop/2026模拟题/2026各区二模/2026西城二模/试卷/2026北京西城高三二模政治（教师版）.docx,21ae4c2f7aee5465aaab52ff719c252f035ce39bbf34927bcacb1d15e0e695d5,no,raw-extracted,8103,/Users/wanglifei/Desktop/北京高考政治/reports/必修二三与必修四文化_题源分类准备_20260617_1301/02_text_cache/texts/21ae4c2f7aee5465.txt,/Users/wanglifei/Desktop/2026模拟题/2026各区二模/2026西城二模/试卷/2026北京西城高三二模政治（教师版）.docx,added_missing_source_for_fable5_cache_completion; method=existing_run_text
2026_西城_一模,2026,西城,一模,rubric,/Users/wanglifei/Desktop/2026模拟题/2026各区一模/2026西城一模/细则/细则.docx,22206a780a1503a6d8a61a86f8f18a8c5cfac2d7cb1851a84e668d8dd356eae0,no,raw-extracted,2551,/Users/wanglifei/Desktop/北京高考政治/reports/必修二三与必修四文化_题源分类准备_20260617_1301/02_text_cache/texts/22206a780a1503a6.txt,/Users/wanglifei/Desktop/2026模拟题/2026各区一模/2026西城一模/细则/细则.docx,added_missing_source_for_fable5_cache_completion; method=existing_run_text
2026_石景山_期末,2026,石景山,期末,paper,/Users/wanglifei/GaokaoPolitics/2026各区模拟题/2026各区期末和期中/2026石景山期末/2026北京石景山高三（上）期末政治.pdf,22c2a9a9dc00eb284d39bc932bcdffe8565f0511c856c6deb1bdf422c77c38a8,no,skipped-excluded,0,,,excluded_by_hard_rule_not_required_for_b2_b3_b4_culture_handoff
2026_石景山_二模,2026,石景山,二模,rubric,/Users/wanglifei/Desktop/2026模拟题/2026各区二模/2026石景山二模/细则/石景山区高三政治第二次模拟考试答案评分细则(1).doc,404f493eede90c04cb04d90cdfa97d468d7df5885b1848699d3d24c53cd32173,no,raw-extracted,2734,/Users/wanglifei/Desktop/北京高考政治/reports/必修二三与必修四文化_题源分类准备_20260617_1301/02_text_cache/texts/404f493eede90c04.txt,/Users/wanglifei/Desktop/2026模拟题/2026各区二模/2026石景山二模/细则/石景山区高三政治第二次模拟考试答案评分细则(1).doc,added_missing_source_for_fable5_cache_completion; method=existing_run_text
2026_通州_期末,2026,通州,期末,rubric,/Users/wanglifei/Desktop/2026模拟题/2026各区期末和期中/2026通州期末/细则/细则.pptx,44537714bd68a7c15d4311b1317c0cc0c321158c93eae8092ae7f8db161b5317,no,raw-extracted,6709,/Users/wanglifei/Desktop/北京高考政治/reports/必修二三与必修四文化_题源分类准备_20260617_1301/02_text_cache/texts/44537714bd68a7c1.txt,/Users/wanglifei/Desktop/2026模拟题/2026各区期末和期中/2026通州期末/细则/细则.pptx,added_missing_source_for_fable5_cache_completion; method=existing_run_text
2026_西城_期末,2026,西城,期末,rubric,/Users/wanglifei/Desktop/2026模拟题/2026各区期末和期中/2026西城期末/细则/细则.pdf,54715a1e650d940e1470d8348f9c4cfaaa4a92cb983965a022b2fae5049ca1a4,no,raw-extracted,4731,/Users/wanglifei/Desktop/北京高考政治/reports/必修二三与必修四文化_题源分类准备_20260617_1301/02_text_cache/texts/54715a1e650d940e.txt,/Users/wanglifei/Desktop/北京高考政治/reports/必修二三与必修四文化_题源分类准备_20260617_1301/02_text_cache/ocr_cache/2026_西城_期末_细则_pdf/细则.ocr.txt,added_missing_source_for_fable5_cache_completion; method=apple_vision_ocr
2026_西城_一模,2026,西城,一模,paper,/Users/wanglifei/Desktop/2026模拟题/2026各区一模/2026西城一模/试卷/补充材料/2026北京西城高三一模政治.pdf,5581e0237e861511efb8400525d43aa042ca59a4fa0878e1e249617f4397ecc2,no,raw-extracted,9800,/Users/wanglifei/Desktop/北京高考政治/reports/必修二三与必修四文化_题源分类准备_20260617_1301/02_text_cache/texts/5581e0237e861511.txt,/Users/wanglifei/Desktop/北京高考政治/reports/必修二三与必修四文化_题源分类准备_20260617_1301/02_text_cache/ocr_cache/2026_西城_一模_pdf_paper/2026北京西城高三一模政治.ocr.txt,added_missing_source_for_fable5_cache_completion; method=apple_vision_ocr
2026_顺义_二模,2026,顺义,二模,rubric,/Users/wanglifei/Desktop/2026模拟题/2026各区二模/2026顺义二模/细则/26顺义二模评标.doc,643322688930483cce2aebff33fca339c45d22d7a0f6b9f98970c353fe8ee961,no,raw-extracted,6431,/Users/wanglifei/Desktop/北京高考政治/reports/必修二三与必修四文化_题源分类准备_20260617_1301/02_text_cache/texts/643322688930483c.txt,/Users/wanglifei/Desktop/2026模拟题/2026各区二模/2026顺义二模/细则/26顺义二模评标.doc,added_missing_source_for_fable5_cache_completion; method=existing_run_text
2026_通州_一模,2026,通州,一模,rubric,/Users/wanglifei/Desktop/2026模拟题/2026各区一模/2026通州一模/细则/26 通州一模评标.pdf,7100a8d418c6747d2d80d4cc83813f8622589640882ebd92f5e09fbb29fb3e5e,no,raw-extracted,4718,/Users/wanglifei/Desktop/北京高考政治/reports/必修二三与必修四文化_题源分类准备_20260617_1301/02_text_cache/texts/7100a8d418c6747d.txt,/Users/wanglifei/Desktop/2026模拟题/2026各区一模/2026通州一模/细则/26 通州一模评标.pdf,added_missing_source_for_fable5_cache_completion; method=existing_run_text
2026_石景山_一模,2026,石景山,一模,rubric,/Users/wanglifei/Desktop/2026模拟题/2026各区一模/2026石景山一模/细则/细则.doc,78d97b669465d8a5bf5290a80e0c500f202c2ee8aa2e7bf6ed082a1be6a57ef3,no,raw-extracted,2922,/Users/wanglifei/Desktop/北京高考政治/reports/必修二三与必修四文化_题源分类准备_20260617_1301/02_text_cache/texts/78d97b669465d8a5.txt,/Users/wanglifei/Desktop/2026模拟题/2026各区一模/2026石景山一模/细则/细则.doc,added_missing_source_for_fable5_cache_completion; method=existing_run_text
2026_西城_一模,2026,西城,一模,paper,/Users/wanglifei/Desktop/2026模拟题/2026各区一模/2026西城一模/试卷/试卷.docx,795b221243cdf7b62b7199bf41649f11c1e749c2c9199b3afbe13b6489e1dc61,no,raw-extracted,7756,/Users/wanglifei/Desktop/北京高考政治/reports/必修二三与必修四文化_题源分类准备_20260617_1301/02_text_cache/texts/795b221243cdf7b6.txt,/Users/wanglifei/Desktop/2026模拟题/2026各区一模/2026西城一模/试卷/试卷.docx,added_missing_source_for_fable5_cache_completion; method=existing_run_text
2026_通州_期末,2026,通州,期末,paper,/Users/wanglifei/Desktop/2026模拟题/2026各区期末和期中/2026通州期末/试卷/试卷.pdf,7f3083ea306ea1e92b3d368942a6bbd22124af6563a3bca0886f800b2b1af857,no,raw-extracted,8246,/Users/wanglifei/Desktop/北京高考政治/reports/必修二三与必修四文化_题源分类准备_20260617_1301/02_text_cache/texts/7f3083ea306ea1e9.txt,/Users/wanglifei/Desktop/2026模拟题/2026各区期末和期中/2026通州期末/试卷/试卷.pdf,added_missing_source_for_fable5_cache_completion; method=existing_run_text
2026_门头沟_一模,2026,门头沟,一模,rubric,/Users/wanglifei/Desktop/2026模拟题/2026各区一模/2026门头沟一模/细则/细则.docx,89313bd871502cf49c53f220152183ae2ba55a2dd906afe5e8553f1a91d1f155,no,raw-extracted,4760,/Users/wanglifei/Desktop/北京高考政治/reports/必修二三与必修四文化_题源分类准备_20260617_1301/02_text_cache/texts/89313bd871502cf4.txt,/Users/wanglifei/Desktop/2026模拟题/2026各区一模/2026门头沟一模/细则/细则.docx,added_missing_source_for_fable5_cache_completion; method=existing_run_text
2026_顺义_一模,2026,顺义,一模,paper,/Users/wanglifei/Desktop/2026模拟题/2026各区一模/2026顺义一模/试卷/试卷.pdf,8d19592ca0679f21b03f2934dabb0ae46fae9c5b58dbb8e8b79607e35bd9fa06,no,raw-extracted,9462,/Users/wanglifei/Desktop/北京高考政治/reports/必修二三与必修四文化_题源分类准备_20260617_1301/02_text_cache/texts/8d19592ca0679f21.txt,/Users/wanglifei/Desktop/2026模拟题/2026各区一模/2026顺义一模/试卷/试卷.pdf,added_missing_source_for_fable5_cache_completion; method=existing_run_text
2026_西城_期末,2026,西城,期末,rubric,/Users/wanglifei/Desktop/2026模拟题/2026各区期末和期中/2026西城期末/细则/补充材料/西城高三期末评标.pptx,9aecfff2e370dc980e0ceb4805b28f66ebfbbeffa7ccdbd4b909dc96b01a3cbe,no,raw-extracted,798,/Users/wanglifei/Desktop/北京高考政治/reports/必修二三与必修四文化_题源分类准备_20260617_1301/02_text_cache/texts/9aecfff2e370dc98.txt,/Users/wanglifei/Desktop/2026模拟题/2026各区期末和期中/2026西城期末/细则/补充材料/西城高三期末评标.pptx,added_missing_source_for_fable5_cache_completion; method=existing_run_text
2026_通州_一模,2026,通州,一模,paper,/Users/wanglifei/Desktop/2026模拟题/2026各区一模/2026通州一模/试卷/2026北京通州高三一模政治.pdf,dced3f3054457ebcf15b8217e10703e359761f0c131ea57678cfea5dbada1c34,no,raw-extracted,9401,/Users/wanglifei/Desktop/北京高考政治/reports/必修二三与必修四文化_题源分类准备_20260617_1301/02_text_cache/texts/dced3f3054457ebc.txt,/Users/wanglifei/Desktop/2026模拟题/2026各区一模/2026通州一模/试卷/2026北京通州高三一模政治.pdf,repaired_for_fable5_cache_handoff; method=apple_vision_ocr_absorbed
2026_顺义_一模,2026,顺义,一模,rubric,/Users/wanglifei/Desktop/2026模拟题/2026各区一模/2026顺义一模/细则/细则.pptx,de758e5e79500dd06e08fd5c9bb4ddc1a7dfcd46546912d0b3a0c989fda7e724,no,raw-extracted,4025,/Users/wanglifei/Desktop/北京高考政治/reports/必修二三与必修四文化_题源分类准备_20260617_1301/02_text_cache/texts/de758e5e79500dd0.txt,/Users/wanglifei/Desktop/2026模拟题/2026各区一模/2026顺义一模/细则/细则.pptx,added_missing_source_for_fable5_cache_completion; method=existing_run_text
2026_门头沟_一模,2026,门头沟,一模,paper,/Users/wanglifei/Desktop/2026模拟题/2026各区一模/2026门头沟一模/试卷/试卷.pdf,e84e6bbdd89889788d65b9e10336673c02fbe30f450617204af1a41d5136b711,no,raw-extracted,8129,/Users/wanglifei/Desktop/北京高考政治/reports/必修二三与必修四文化_题源分类准备_20260617_1301/02_text_cache/texts/e84e6bbdd8988978.txt,/Users/wanglifei/Desktop/2026模拟题/2026各区一模/2026门头沟一模/试卷/试卷.pdf,added_missing_source_for_fable5_cache_completion; method=existing_run_text
2026_西城_期末,2026,西城,期末,rubric,/Users/wanglifei/Desktop/2026模拟题/2026各区期末和期中/2026西城期末/细则/补充材料/高三思想政治参考答案.pdf,efbc5507a38dbd4f41a57acd1dfe4877df191813555b2318d451a1b3a855f230,no,raw-extracted,2842,/Users/wanglifei/Desktop/北京高考政治/reports/必修二三与必修四文化_题源分类准备_20260617_1301/02_text_cache/texts/efbc5507a38dbd4f.txt,/Users/wanglifei/Desktop/2026模拟题/2026各区期末和期中/2026西城期末/细则/补充材料/高三思想政治参考答案.pdf,added_missing_source_for_fable5_cache_completion; method=existing_run_text
2026_西城_二模,2026,西城,二模,rubric,/Users/wanglifei/Desktop/2026模拟题/2026各区二模/2026西城二模/细则/西城二模评标.pdf,f414cf7940ad820265da0a6b31d1a822b0fbe5f21a89bfea71b42be598f32cdc,no,raw-extracted,6228,/Users/wanglifei/Desktop/北京高考政治/reports/必修二三与必修四文化_题源分类准备_20260617_1301/02_text_cache/texts/f414cf7940ad8202.txt,/Users/wanglifei/Desktop/2026模拟题/2026各区二模/2026西城二模/细则/西城二模评标.pdf,repaired_for_fable5_cache_handoff; method=apple_vision_ocr
2026_顺义_二模,2026,顺义,二模,paper,/Users/wanglifei/Desktop/2026模拟题/2026各区二模/2026顺义二模/试卷/26顺义二模(1).pdf,fb15943f37f694ac19837e8c5e75fb0272b38eae27ec5529bb037fa163c2a403,no,raw-extracted,9103,/Users/wanglifei/Desktop/北京高考政治/reports/必修二三与必修四文化_题源分类准备_20260617_1301/02_text_cache/texts/fb15943f37f694ac.txt,/Users/wanglifei/Desktop/2026模拟题/2026各区二模/2026顺义二模/试卷/26顺义二模(1).pdf,repaired_for_fable5_cache_handoff; method=apple_vision_ocr_absorbed
