source_id,path,sha256,size_bytes,mtime_epoch,type,status,text_extract
SRC_RUBRIC_2026_HAIDIAN_ERMO_Q20_COMMENTARY,/Users/wanglifei/Desktop/2026模拟题/2026各区二模/2026海淀二模/细则/26海淀高三政治二模讲评.pdf,c2f6013f0e13fcbe848bf114d1df7e06c12b48542597cd6a357840137638daa3,90283098,1779110587.0,pdf,EXTRACTED,/Users/wanglifei/Desktop/北京高考政治/reports/选必一宝典_桌面原文件逐字逐题复核_20260617_151852/05_source_backcheck/SRC_RUBRIC_2026_HAIDIAN_ERMO_Q20_COMMENTARY.txt
SRC_RUBRIC_2025_FANGSHAN_YIMO_Q18,/Users/wanglifei/Desktop/2025模拟题/2025各区一模/2025房山一模/细则/细则.pdf,17cdecfbd774ee7902feb4494c59cdd2f944a217046b51205283bcf1c9ed0ca3,245221,1776935158.0,pdf,EXTRACTED,/Users/wanglifei/Desktop/北京高考政治/reports/选必一宝典_桌面原文件逐字逐题复核_20260617_151852/05_source_backcheck/SRC_RUBRIC_2025_FANGSHAN_YIMO_Q18.txt
SRC_RUBRIC_2026_SHUNYI_YIMO_Q21,/Users/wanglifei/Desktop/2026模拟题/2026各区一模/2026顺义一模/细则/细则.pptx,de758e5e79500dd06e08fd5c9bb4ddc1a7dfcd46546912d0b3a0c989fda7e724,119656,1776934801.0,pptx,EXTRACTED,/Users/wanglifei/Desktop/北京高考政治/reports/选必一宝典_桌面原文件逐字逐题复核_20260617_151852/05_source_backcheck/SRC_RUBRIC_2026_SHUNYI_YIMO_Q21.txt
SRC_RUBRIC_2026_FENGTAI_QIMO_Q21,/Users/wanglifei/Desktop/2026模拟题/2026各区期末和期中/2026丰台期末/细则/细则.pdf,dbc93cbfd3a93eff18a74e571039c91200fc062aa0d4465449a94a8a469d09fa,10715348,1776934967.0,pdf,EXTRACTED,/Users/wanglifei/Desktop/北京高考政治/reports/选必一宝典_桌面原文件逐字逐题复核_20260617_151852/05_source_backcheck/SRC_RUBRIC_2026_FENGTAI_QIMO_Q21.txt
SRC_COMMENTARY_2026_HAIDIAN_QIZHONG_Q22,/Users/wanglifei/Desktop/2026模拟题/2026各区期末和期中/2026海淀期中/其他材料/期中讲评20251106.pdf,e65381bd22912637421c0d9922f3617428c82204555954e7b760cea9c7fe6cb9,83737967,1776935388.0,pdf,EXTRACTED,/Users/wanglifei/Desktop/北京高考政治/reports/选必一宝典_桌面原文件逐字逐题复核_20260617_151852/05_source_backcheck/SRC_COMMENTARY_2026_HAIDIAN_QIZHONG_Q22.txt
SRC_TEACHER_2026_HAIDIAN_QIZHONG_Q22,/Users/wanglifei/Desktop/2026模拟题/2026各区期末和期中/2026海淀期中/试卷/试卷.docx,11cac42f979196cd879bb2d88efd7984e64cc0c19cdb57cbe1b0a6121ae13e3c,262700,1776934989.0,docx,EXTRACTED,/Users/wanglifei/Desktop/北京高考政治/reports/选必一宝典_桌面原文件逐字逐题复核_20260617_151852/05_source_backcheck/SRC_TEACHER_2026_HAIDIAN_QIZHONG_Q22.txt
SRC_EXAM_2026_XICHENG_YIMO_Q20_2,/Users/wanglifei/Desktop/2026模拟题/2026各区一模/2026西城一模/试卷/试卷.docx,795b221243cdf7b62b7199bf41649f11c1e749c2c9199b3afbe13b6489e1dc61,4178588,1776935078.0,docx,EXTRACTED,/Users/wanglifei/Desktop/北京高考政治/reports/选必一宝典_桌面原文件逐字逐题复核_20260617_151852/05_source_backcheck/slice_020/SRC_EXAM_2026_XICHENG_YIMO_Q20_2.txt
SRC_RUBRIC_2026_XICHENG_YIMO_Q20_2,/Users/wanglifei/Desktop/2026模拟题/2026各区一模/2026西城一模/细则/细则.docx,22206a780a1503a6d8a61a86f8f18a8c5cfac2d7cb1851a84e668d8dd356eae0,21457,1776935079.0,docx,EXTRACTED,/Users/wanglifei/Desktop/北京高考政治/reports/选必一宝典_桌面原文件逐字逐题复核_20260617_151852/05_source_backcheck/slice_020/SRC_RUBRIC_2026_XICHENG_YIMO_Q20_2.txt
SRC_EXAM_2025_CHAOYANG_ERMO_Q21,/Users/wanglifei/Desktop/2025模拟题/2025各区二模/2025朝阳二模/试卷/试卷.pdf,6009b3f19a33a729602d7a5bc5b6c8ca2b59ed1392c6c753df7d14695ce84d5e,704674,1776935189.0,pdf,EXTRACTED,/Users/wanglifei/Desktop/北京高考政治/reports/选必一宝典_桌面原文件逐字逐题复核_20260617_151852/05_source_backcheck/slice_020/SRC_EXAM_2025_CHAOYANG_ERMO_Q21.txt
SRC_RUBRIC_2025_CHAOYANG_ERMO_Q21,/Users/wanglifei/Desktop/2025模拟题/2025各区二模/2025朝阳二模/细则/细则.docx,73c36c3077dced724eb48b81aec7492e8e5ac59a7f72d7fb729d3581ea3fb5e8,29885,1776935190.0,docx,EXTRACTED,/Users/wanglifei/Desktop/北京高考政治/reports/选必一宝典_桌面原文件逐字逐题复核_20260617_151852/05_source_backcheck/slice_020/SRC_RUBRIC_2025_CHAOYANG_ERMO_Q21.txt
SRC_EXAM_2026_YANQING_YIMO_Q19_2,/Users/wanglifei/Desktop/2026模拟题/2026各区一模/2026延庆一模/试卷/试卷.pdf,cc91930411716013bd6f2388cdd62ec95ccd6409a6328abd732df10553726e41,694178,1776935043.0,pdf,EXTRACTED,/Users/wanglifei/Desktop/北京高考政治/reports/选必一宝典_桌面原文件逐字逐题复核_20260617_151852/05_source_backcheck/slice_020/SRC_EXAM_2026_YANQING_YIMO_Q19_2.txt
SRC_RUBRIC_2026_YANQING_YIMO_Q19_2,/Users/wanglifei/Desktop/2026模拟题/2026各区一模/2026延庆一模/细则/细则.docx,2e0f67df1ab78a60dccde6bec64faee10f32e14f8feed1c53959d700e5c8afcb,24071,1776935044.0,docx,EXTRACTED,/Users/wanglifei/Desktop/北京高考政治/reports/选必一宝典_桌面原文件逐字逐题复核_20260617_151852/05_source_backcheck/slice_020/SRC_RUBRIC_2026_YANQING_YIMO_Q19_2.txt
SRC_EXAM_2026_MENTOUGOU_YIMO_Q20,/Users/wanglifei/Desktop/2026模拟题/2026各区一模/2026门头沟一模/试卷/试卷.pdf,e84e6bbdd89889788d65b9e10336673c02fbe30f450617204af1a41d5136b711,1288180,1776935127.0,pdf,EXTRACTED,/Users/wanglifei/Desktop/北京高考政治/reports/选必一宝典_桌面原文件逐字逐题复核_20260617_151852/05_source_backcheck/slice_020/SRC_EXAM_2026_MENTOUGOU_YIMO_Q20.txt
SRC_RUBRIC_2026_MENTOUGOU_YIMO_Q20,/Users/wanglifei/Desktop/2026模拟题/2026各区一模/2026门头沟一模/细则/细则.docx,89313bd871502cf49c53f220152183ae2ba55a2dd906afe5e8553f1a91d1f155,23845,1776935080.0,docx,EXTRACTED,/Users/wanglifei/Desktop/北京高考政治/reports/选必一宝典_桌面原文件逐字逐题复核_20260617_151852/05_source_backcheck/slice_020/SRC_RUBRIC_2026_MENTOUGOU_YIMO_Q20.txt
SRC_EXAM_2024_DONGCHENG_YIMO_Q20,/Users/wanglifei/Desktop/2024模拟题/2024东城一模/试卷/试卷.pdf,74cdfac9253763bf12c9443d036ebbeab12693ba7015a2f335d19ccfcab6d96b,12078779,1776935561.0,pdf,EXTRACTED,/Users/wanglifei/Desktop/北京高考政治/reports/选必一宝典_桌面原文件逐字逐题复核_20260617_151852/05_source_backcheck/slice_020/SRC_EXAM_2024_DONGCHENG_YIMO_Q20.txt
SRC_RUBRIC_2024_DONGCHENG_YIMO_Q20,/Users/wanglifei/Desktop/2024模拟题/2024东城一模/细则/细则.pptx,4b2073bcc9e26f626b49b66dd6e0c64ec93650292d50719806830d7aea9fa3ce,18611296,1776935574.0,pptx,EXTRACTED,/Users/wanglifei/Desktop/北京高考政治/reports/选必一宝典_桌面原文件逐字逐题复核_20260617_151852/05_source_backcheck/slice_020/SRC_RUBRIC_2024_DONGCHENG_YIMO_Q20.txt
SRC_EXAM_2024_XICHENG_ERMO_Q17,/Users/wanglifei/Desktop/2024模拟题/西城二模/试卷/试卷.docx,0dbd7271f7bf108d41417b2ffdd3f36dcd86ac93c99fe18a42b1bfee5565c0fc,483636,1776935436.0,docx,EXTRACTED,/Users/wanglifei/Desktop/北京高考政治/reports/选必一宝典_桌面原文件逐字逐题复核_20260617_151852/05_source_backcheck/slice_021/SRC_EXAM_2024_XICHENG_ERMO_Q17.txt
SRC_RUBRIC_2024_XICHENG_ERMO_Q17,/Users/wanglifei/Desktop/2024模拟题/西城二模/细则/细则.docx,f2e1772f20ed20857c70e184b124244b55717f04354f46c8f6d2ec91206a2f50,50023,1776935429.0,docx,EXTRACTED,/Users/wanglifei/Desktop/北京高考政治/reports/选必一宝典_桌面原文件逐字逐题复核_20260617_151852/05_source_backcheck/slice_021/SRC_RUBRIC_2024_XICHENG_ERMO_Q17.txt
SRC_EXAM_2026_SHIJINGSHAN_ERMO_Q18,/Users/wanglifei/Desktop/2026模拟题/2026各区二模/2026石景山二模/试卷/2026北京石景山高三二模政治（教师版）.docx,00b61bbb2c75b4bed90f34f4d93bcc91168d2b05a597a20a0fc3964bacbe5c6c,258696,1779110367.0,docx,EXTRACTED,/Users/wanglifei/Desktop/北京高考政治/reports/选必一宝典_桌面原文件逐字逐题复核_20260617_151852/05_source_backcheck/slice_021/SRC_EXAM_2026_SHIJINGSHAN_ERMO_Q18.txt
SRC_RUBRIC_2026_SHIJINGSHAN_ERMO_Q18,/Users/wanglifei/Desktop/2026模拟题/2026各区二模/2026石景山二模/细则/石景山区高三政治第二次模拟考试答案评分细则(1).doc,404f493eede90c04cb04d90cdfa97d468d7df5885b1848699d3d24c53cd32173,44032,1779110363.0,doc,EXTRACTED,/Users/wanglifei/Desktop/北京高考政治/reports/选必一宝典_桌面原文件逐字逐题复核_20260617_151852/05_source_backcheck/slice_021/SRC_RUBRIC_2026_SHIJINGSHAN_ERMO_Q18.txt
SRC_EXAM_2025_HAIDIAN_QIZHONG_Q16_2,/Users/wanglifei/Desktop/2025模拟题/2025各区期末/2025海淀期中/试卷/试卷.pdf,b452d8b4e21b94beafb2a30a187501771e1c2df3f00495b7b613f90ecc409012,773864,1776935242.0,pdf,EXTRACTED,/Users/wanglifei/Desktop/北京高考政治/reports/选必一宝典_桌面原文件逐字逐题复核_20260617_151852/05_source_backcheck/slice_021/SRC_EXAM_2025_HAIDIAN_QIZHONG_Q16_2.txt
SRC_RUBRIC_2025_HAIDIAN_QIZHONG_Q16_2,/Users/wanglifei/Desktop/2025模拟题/2025各区期末/2025海淀期中/细则/细则.docx,7bbd92bd3b93e5312173bf19e5608398a262811d7ccd866583a72a8ff2c9f999,1478316,1776935245.0,docx,EXTRACTED,/Users/wanglifei/Desktop/北京高考政治/reports/选必一宝典_桌面原文件逐字逐题复核_20260617_151852/05_source_backcheck/slice_021/SRC_RUBRIC_2025_HAIDIAN_QIZHONG_Q16_2.txt
SRC_EXAM_2024_SHIJINGSHAN_YIMO_Q19_2,/Users/wanglifei/Desktop/2024模拟题/石景山一模/试卷/试卷.docx,f581620be44a4c2cae69e737697ee15d754603627ddd385dd6be1c207c5e43f6,353125,1776935440.0,docx,EXTRACTED,/Users/wanglifei/Desktop/北京高考政治/reports/选必一宝典_桌面原文件逐字逐题复核_20260617_151852/05_source_backcheck/slice_021/SRC_EXAM_2024_SHIJINGSHAN_YIMO_Q19_2.txt
SRC_RUBRIC_2024_SHIJINGSHAN_YIMO_Q19_2,/Users/wanglifei/Desktop/2024模拟题/石景山一模/细则/细则.pptx,935b8ea1e01b3ba5839af0dcf7680952bcfce7b3d5f389c487f2d4c2b5581e83,10536645,1776935599.0,pptx,EXTRACTED,/Users/wanglifei/Desktop/北京高考政治/reports/选必一宝典_桌面原文件逐字逐题复核_20260617_151852/05_source_backcheck/slice_021/SRC_RUBRIC_2024_SHIJINGSHAN_YIMO_Q19_2.txt
SRC_EXAM_2025_CHAOYANG_YIMO_Q20,/Users/wanglifei/Desktop/2025模拟题/2025各区一模/2025朝阳一模/试卷/试卷.pdf,e051761a7fc68fef22be094a9ea823b1ed1e2b56fc4b9cfd6a382f7c7c00011b,631028,1776935153.0,pdf,EXTRACTED,/Users/wanglifei/Desktop/北京高考政治/reports/选必一宝典_桌面原文件逐字逐题复核_20260617_151852/05_source_backcheck/slice_021/SRC_EXAM_2025_CHAOYANG_YIMO_Q20.txt
SRC_RUBRIC_2025_CHAOYANG_YIMO_Q20,/Users/wanglifei/Desktop/2025模拟题/2025各区一模/2025朝阳一模/细则/细则.pdf,f5f683a900508fd228d6591418f9ef75d8a95ae09cf1b16d3b0427017234468b,731224,1776935157.0,pdf,EXTRACTED,/Users/wanglifei/Desktop/北京高考政治/reports/选必一宝典_桌面原文件逐字逐题复核_20260617_151852/05_source_backcheck/slice_021/SRC_RUBRIC_2025_CHAOYANG_YIMO_Q20.txt
SRC_EXAM_2026_FENGTAI_ERMO_Q20,/Users/wanglifei/Desktop/2026模拟题/2026各区二模/2026丰台二模/试卷/2026北京丰台高三二模政治（教师版）.pdf,f7b3a73c9296b17889cada79c5a5256bda639d2bec8a2f0091d21a15541253b0,1856697,1779110384.0,pdf,EXTRACTED,/Users/wanglifei/Desktop/北京高考政治/reports/选必一宝典_桌面原文件逐字逐题复核_20260617_151852/05_source_backcheck/slice_022/SRC_EXAM_2026_FENGTAI_ERMO_Q20.txt
SRC_RUBRIC_2026_FENGTAI_ERMO_Q20_PPTX_MISMATCH,/Users/wanglifei/Desktop/2026模拟题/2026各区二模/2026丰台二模/细则/2026丰台区二模主观题阅卷细则(1).pptx,10275a1dafa3a824edbd50b523b8ef31dca9b7d6c2f34964b4740f4f45cbf044,15327627,1779110540.0,pptx,EXTRACTED,/Users/wanglifei/Desktop/北京高考政治/reports/选必一宝典_桌面原文件逐字逐题复核_20260617_151852/05_source_backcheck/slice_022/SRC_RUBRIC_2026_FENGTAI_ERMO_Q20_PPTX_MISMATCH.txt
SRC_EXAM_2024_CHAOYANG_QIZHONG_Q20_3,/Users/wanglifei/Desktop/2024模拟题/2024朝阳期中/试卷/试卷.pdf,0a50f76fd1e1c50fc92b340a7d9f874bab34cd33def4aae1c4bb4ad9681a405e,532797,1776935445.0,pdf,EXTRACTED,/Users/wanglifei/Desktop/北京高考政治/reports/选必一宝典_桌面原文件逐字逐题复核_20260617_151852/05_source_backcheck/slice_022/SRC_EXAM_2024_CHAOYANG_QIZHONG_Q20_3.txt
SRC_RUBRIC_2024_CHAOYANG_QIZHONG_Q20_3,/Users/wanglifei/Desktop/2024模拟题/2024朝阳期中/细则/细则.docx,0f8ea3bbe2629d2f6b750e3d95a3505f2d664078ff4b03f2ca7845c70fb057d3,29099,1776935449.0,docx,EXTRACTED,/Users/wanglifei/Desktop/北京高考政治/reports/选必一宝典_桌面原文件逐字逐题复核_20260617_151852/05_source_backcheck/slice_022/SRC_RUBRIC_2024_CHAOYANG_QIZHONG_Q20_3.txt
SRC_EXAM_2025_DONGCHENG_YIMO_Q20,/Users/wanglifei/Desktop/2025模拟题/2025各区一模/2025东城一模/试卷/试卷.pdf,46c444a91d491a4fc02f2497e24eb79f6639652c8b8f962b60a562f89c25a9d0,810417,1776935138.0,pdf,EXTRACTED,/Users/wanglifei/Desktop/北京高考政治/reports/选必一宝典_桌面原文件逐字逐题复核_20260617_151852/05_source_backcheck/slice_022/SRC_EXAM_2025_DONGCHENG_YIMO_Q20.txt
SRC_RUBRIC_2025_DONGCHENG_YIMO_Q20,/Users/wanglifei/Desktop/2025模拟题/2025各区一模/2025东城一模/细则/细则.pdf,c254bbee61da4abda65388bd2bd144b0e7efc781e9890208535e7882fbf278da,370507,1776935142.0,pdf,EXTRACTED,/Users/wanglifei/Desktop/北京高考政治/reports/选必一宝典_桌面原文件逐字逐题复核_20260617_151852/05_source_backcheck/slice_022/SRC_RUBRIC_2025_DONGCHENG_YIMO_Q20.txt
SRC_EXAM_2025_YANQING_YIMO_Q20_2,/Users/wanglifei/Desktop/2025模拟题/2025各区一模/2025延庆一模/试卷/试卷.pdf,94785525e6452e6fd5e8d4ca2abd0f858cc1e7dfdf02bdd97a1a7b90bee3bdc5,870780,1776935151.0,pdf,EXTRACTED,/Users/wanglifei/Desktop/北京高考政治/reports/选必一宝典_桌面原文件逐字逐题复核_20260617_151852/05_source_backcheck/slice_022/SRC_EXAM_2025_YANQING_YIMO_Q20_2.txt
SRC_RUBRIC_2025_YANQING_YIMO_Q20_2,/Users/wanglifei/Desktop/2025模拟题/2025各区一模/2025延庆一模/细则/细则.docx,c0a3990e95796ddd4cd3b26a92bc9b30a041d503605e53322d2f26528c51bb4c,21765,1776935149.0,docx,EXTRACTED,/Users/wanglifei/Desktop/北京高考政治/reports/选必一宝典_桌面原文件逐字逐题复核_20260617_151852/05_source_backcheck/slice_022/SRC_RUBRIC_2025_YANQING_YIMO_Q20_2.txt
SRC_EXAM_2025_SHUNYI_YIMO_Q20,/Users/wanglifei/Desktop/2025模拟题/2025各区一模/2025顺义一模/试卷/试卷.pdf,9dd43cae443f853c0799034210e45b3e1040c48facb2cdf3d42dbba195ee4b16,945155,1776935164.0,pdf,EXTRACTED,/Users/wanglifei/Desktop/北京高考政治/reports/选必一宝典_桌面原文件逐字逐题复核_20260617_151852/05_source_backcheck/slice_022/SRC_EXAM_2025_SHUNYI_YIMO_Q20.txt
SRC_RUBRIC_2025_SHUNYI_YIMO_Q20,/Users/wanglifei/Desktop/2025模拟题/2025各区一模/2025顺义一模/细则/细则.docx,bef8332e23ce30ac4e04eef21ff030c777eb4088111eb581c4b5257ae37a8fcc,2827816,1776935175.0,docx,EXTRACTED,/Users/wanglifei/Desktop/北京高考政治/reports/选必一宝典_桌面原文件逐字逐题复核_20260617_151852/05_source_backcheck/slice_022/SRC_RUBRIC_2025_SHUNYI_YIMO_Q20.txt
SRC_EXAM_2025_CHANGPING_ERMO_Q21,/Users/wanglifei/Desktop/2025模拟题/2025各区二模/2025昌平二模/试卷/试卷.pdf,6e5080fb116ab8fc4c0672da05e0a326e7f5b012c0f0a283d5f05a5155a7352d,826723,2026-04-23T17:07:13+08:00,exam_prompt_and_teacher_answer_for_doc_order_111_reused_from_doc_order_83,/Users/wanglifei/Desktop/北京高考政治/reports/选必一宝典_桌面原文件逐字逐题复核_20260617_151852/05_source_backcheck/slice_023/SRC_EXAM_2025_CHANGPING_ERMO_Q21.txt,/Users/wanglifei/Desktop/北京高考政治/reports/选必一宝典_桌面原文件逐字逐题复核_20260617_151852/05_source_backcheck/slice_017/SRC_EXAM_2025_CHANGPING_ERMO_Q21.txt
SRC_RUBRIC_2025_CHANGPING_ERMO_Q21,/Users/wanglifei/Desktop/2025模拟题/2025各区二模/2025昌平二模/细则/细则.pptx,af3875177855a6115e7e1ce0c5ff702139c737a7995b08fd56d1878f2dd208af,3287406,2026-04-23T17:07:30+08:00,formal_rubric_for_doc_order_111_reused_from_doc_order_83,/Users/wanglifei/Desktop/北京高考政治/reports/选必一宝典_桌面原文件逐字逐题复核_20260617_151852/05_source_backcheck/slice_023/SRC_RUBRIC_2025_CHANGPING_ERMO_Q21.txt,/Users/wanglifei/Desktop/北京高考政治/reports/选必一宝典_桌面原文件逐字逐题复核_20260617_151852/05_source_backcheck/slice_017/SRC_RUBRIC_2025_CHANGPING_ERMO_Q21.txt
SRC_EXAM_2025_XICHENG_YIMO_Q21,/Users/wanglifei/Desktop/2025模拟题/2025各区一模/2025西城一模/试卷/试卷.pdf,2542f29bb04e2ae014d6d61f553b812926c2a998785ce44cb815ef347d5deca5,847160,2026-04-23T17:06:19+08:00,exam_prompt_and_reference_answer_for_doc_order_112_from_existing_cache_checked_against_desktop_original_path,/Users/wanglifei/Desktop/北京高考政治/reports/选必一宝典_桌面原文件逐字逐题复核_20260617_151852/05_source_backcheck/slice_023/SRC_EXAM_2025_XICHENG_YIMO_Q21.txt,/Users/wanglifei/Desktop/北京高考政治/选必二重做_2026-04-30/raw_exam_subjective_compilation_2026-06-02/02_extracted_text/SRC_062e7a5c77_试卷.txt
SRC_RUBRIC_2025_XICHENG_YIMO_Q21,/Users/wanglifei/Desktop/2025模拟题/2025各区一模/2025西城一模/细则/细则.docx,af675a5d751f41db34d996ea71aeb9dfcb9ac0e86ef2acf40e2f7fd03ca99939,29503,2026-04-23T17:06:16+08:00,formal_rubric_for_doc_order_112_from_existing_cache_checked_against_desktop_original_path,/Users/wanglifei/Desktop/北京高考政治/reports/选必一宝典_桌面原文件逐字逐题复核_20260617_151852/05_source_backcheck/slice_023/SRC_RUBRIC_2025_XICHENG_YIMO_Q21.txt,/Users/wanglifei/Desktop/北京高考政治/选必二重做_2026-04-30/raw_exam_subjective_compilation_2026-06-02/02_extracted_text/SRC_6ea5462e02_细则.txt
SRC_EXAM_2026_SHIJINGSHAN_ERMO_Q18,/Users/wanglifei/Desktop/2026模拟题/2026各区二模/2026石景山二模/试卷/2026北京石景山高三二模政治（教师版）.docx,00b61bbb2c75b4bed90f34f4d93bcc91168d2b05a597a20a0fc3964bacbe5c6c,258696,2026-05-18T21:19:27+08:00,exam_prompt_and_teacher_answer_for_doc_order_113_reused_from_doc_order_102,/Users/wanglifei/Desktop/北京高考政治/reports/选必一宝典_桌面原文件逐字逐题复核_20260617_151852/05_source_backcheck/slice_023/SRC_EXAM_2026_SHIJINGSHAN_ERMO_Q18.txt,/Users/wanglifei/Desktop/北京高考政治/reports/选必一宝典_桌面原文件逐字逐题复核_20260617_151852/05_source_backcheck/slice_021/SRC_EXAM_2026_SHIJINGSHAN_ERMO_Q18.txt
SRC_RUBRIC_2026_SHIJINGSHAN_ERMO_Q18,/Users/wanglifei/Desktop/2026模拟题/2026各区二模/2026石景山二模/细则/石景山区高三政治第二次模拟考试答案评分细则(1).doc,404f493eede90c04cb04d90cdfa97d468d7df5885b1848699d3d24c53cd32173,44032,2026-05-18T21:19:23+08:00,formal_rubric_for_doc_order_113_reused_from_doc_order_102,/Users/wanglifei/Desktop/北京高考政治/reports/选必一宝典_桌面原文件逐字逐题复核_20260617_151852/05_source_backcheck/slice_023/SRC_RUBRIC_2026_SHIJINGSHAN_ERMO_Q18.txt,/Users/wanglifei/Desktop/北京高考政治/reports/选必一宝典_桌面原文件逐字逐题复核_20260617_151852/05_source_backcheck/slice_021/SRC_RUBRIC_2026_SHIJINGSHAN_ERMO_Q18.txt
SRC_EXAM_2026_SHUNYI_YIMO_Q20,/Users/wanglifei/Desktop/2026模拟题/2026各区一模/2026顺义一模/试卷/试卷.pdf,8d19592ca0679f21b03f2934dabb0ae46fae9c5b58dbb8e8b79607e35bd9fa06,2907362,2026-04-23T17:01:47+08:00,exam_prompt_for_doc_order_114_direct_from_desktop_pdf_pypdf,/Users/wanglifei/Desktop/北京高考政治/reports/选必一宝典_桌面原文件逐字逐题复核_20260617_151852/05_source_backcheck/slice_023/SRC_EXAM_2026_SHUNYI_YIMO_Q20.txt,pypdf direct extraction from desktop original PDF in this run
SRC_RUBRIC_2026_SHUNYI_YIMO_Q20,/Users/wanglifei/Desktop/2026模拟题/2026各区一模/2026顺义一模/细则/细则.pptx,de758e5e79500dd06e08fd5c9bb4ddc1a7dfcd46546912d0b3a0c989fda7e724,119656,2026-04-23T17:00:01+08:00,formal_rubric_for_doc_order_114_from_pptx_text_cache_checked_against_desktop_original_path,/Users/wanglifei/Desktop/北京高考政治/reports/选必一宝典_桌面原文件逐字逐题复核_20260617_151852/05_source_backcheck/slice_023/SRC_RUBRIC_2026_SHUNYI_YIMO_Q20.txt,/Users/wanglifei/Desktop/北京高考政治/选必二重做_2026-04-30/raw_exam_subjective_compilation_2026-06-02/02_extracted_text/SRC_8d2be8df9c_细则.txt
SRC_EXAM_2025_CHAOYANG_QIMO_Q21,/Users/wanglifei/Desktop/2025模拟题/2025各区期末/2025朝阳期末/试卷/试卷.pdf,ec82917288aa877415f3102533002f8eb7e891afee82b498d3df253e01833bbe,707918,2026-04-23T17:07:46+08:00,exam_prompt_for_doc_order_115_reused_from_doc_order_60,/Users/wanglifei/Desktop/北京高考政治/reports/选必一宝典_桌面原文件逐字逐题复核_20260617_151852/05_source_backcheck/slice_023/SRC_EXAM_2025_CHAOYANG_QIMO_Q21.txt,/Users/wanglifei/Desktop/北京高考政治/reports/选必一宝典_桌面原文件逐字逐题复核_20260617_151852/05_source_backcheck/slice_012/SRC_EXAM_2025_CHAOYANG_QIMO_Q21.txt
SRC_RUBRIC_2025_CHAOYANG_QIMO_Q21,/Users/wanglifei/Desktop/2025模拟题/2025各区期末/2025朝阳期末/细则/细则.pdf,953eaee3f98d8598c4fb28ddc0c3a2196d78fb03b0f83b5682ab995ada697ab1,2249777,2026-04-23T17:07:46+08:00,formal_rubric_registration_for_doc_order_115_reused_from_doc_order_60_readable_pptx_used_for_details,/Users/wanglifei/Desktop/北京高考政治/reports/选必一宝典_桌面原文件逐字逐题复核_20260617_151852/05_source_backcheck/slice_023/SRC_RUBRIC_2025_CHAOYANG_QIMO_Q21.txt,/Users/wanglifei/Desktop/北京高考政治/reports/选必一宝典_桌面原文件逐字逐题复核_20260617_151852/05_source_backcheck/slice_012/SRC_RUBRIC_2025_CHAOYANG_QIMO_Q21.txt
SRC_OTHER_2025_CHAOYANG_QIMO_PPTX,/Users/wanglifei/Desktop/2025模拟题/2025各区期末/2025朝阳期末/其他材料/朝阳高三期末2025.pptx,195324f05d7e2feaa6b932a640fc6fd4c28d2b5b2a7e0e07630096369af21bc6,123585,2026-04-23T17:07:48+08:00,readable_scoring_pptx_for_doc_order_115_reused_from_doc_order_60,/Users/wanglifei/Desktop/北京高考政治/reports/选必一宝典_桌面原文件逐字逐题复核_20260617_151852/05_source_backcheck/slice_023/SRC_OTHER_2025_CHAOYANG_QIMO_PPTX.txt,/Users/wanglifei/Desktop/北京高考政治/reports/选必一宝典_桌面原文件逐字逐题复核_20260617_151852/05_source_backcheck/slice_012/SRC_OTHER_2025_CHAOYANG_QIMO_PPTX.txt
SRC_EXAM_2026_SHUNYI_ERMO_Q20,/Users/wanglifei/Desktop/2026模拟题/2026各区二模/2026顺义二模/试卷/26顺义二模(1).pdf,fb15943f37f694ac19837e8c5e75fb0272b38eae27ec5529bb037fa163c2a403,5780991,1779110362.0,pdf,EXTRACTED,/Users/wanglifei/Desktop/北京高考政治/reports/选必一宝典_桌面原文件逐字逐题复核_20260617_151852/05_source_backcheck/slice_024/SRC_EXAM_2026_SHUNYI_ERMO_Q20.txt
SRC_RUBRIC_2026_SHUNYI_ERMO_Q20,/Users/wanglifei/Desktop/2026模拟题/2026各区二模/2026顺义二模/细则/26顺义二模评标.doc,643322688930483cce2aebff33fca339c45d22d7a0f6b9f98970c353fe8ee961,60416,1779111139.0,doc,EXTRACTED,/Users/wanglifei/Desktop/北京高考政治/reports/选必一宝典_桌面原文件逐字逐题复核_20260617_151852/05_source_backcheck/slice_024/SRC_RUBRIC_2026_SHUNYI_ERMO_Q20.txt
SRC_EXAM_2024_HAIDIAN_YIMO_Q18_1,/Users/wanglifei/Desktop/2024模拟题/2024海淀一模/试卷/试卷.pdf,4bc0edec2a08a90ef83b813fd06a431d5ee7a1fc68cf77bd65b2c98d553d2eaa,658903,1776935502.0,pdf,EXTRACTED,/Users/wanglifei/Desktop/北京高考政治/reports/选必一宝典_桌面原文件逐字逐题复核_20260617_151852/05_source_backcheck/slice_024/SRC_EXAM_2024_HAIDIAN_YIMO_Q18_1.txt
SRC_RUBRIC_2024_HAIDIAN_YIMO_Q18_1,/Users/wanglifei/Desktop/2024模拟题/2024海淀一模/细则/细则.docx,b692254ceb1b81747ef1b03d5e5f42daeb261dab7b8951bcbb992980e56ad378,67046,1776935499.0,docx,EXTRACTED,/Users/wanglifei/Desktop/北京高考政治/reports/选必一宝典_桌面原文件逐字逐题复核_20260617_151852/05_source_backcheck/slice_024/SRC_RUBRIC_2024_HAIDIAN_YIMO_Q18_1.txt
SRC_EXAM_2026_CHAOYANG_YIMO_Q20,/Users/wanglifei/Desktop/2026模拟题/2026各区一模/2026朝阳一模/试卷/试卷.pdf,585b15124610aff7afffd93a3c4753f4b89eb9cd2dc1060a17022cecb4d8a8d9,668962,1776934797.0,pdf,EXTRACTED,/Users/wanglifei/Desktop/北京高考政治/reports/选必一宝典_桌面原文件逐字逐题复核_20260617_151852/05_source_backcheck/slice_024/SRC_EXAM_2026_CHAOYANG_YIMO_Q20.txt
SRC_RUBRIC_2026_CHAOYANG_YIMO_Q20,/Users/wanglifei/Desktop/2026模拟题/2026各区一模/2026朝阳一模/细则/细则.docx,3a11db4bade216d1f174fab8e1b27f29e9b12e1a6b309296103b20e7c67c230d,24525,1776934794.0,docx,EXTRACTED,/Users/wanglifei/Desktop/北京高考政治/reports/选必一宝典_桌面原文件逐字逐题复核_20260617_151852/05_source_backcheck/slice_024/SRC_RUBRIC_2026_CHAOYANG_YIMO_Q20.txt
SRC_EXAM_2026_SHIJINGSHAN_YIMO_Q20,/Users/wanglifei/Desktop/2026模拟题/2026各区一模/2026石景山一模/试卷/试卷.pdf,0d4a5cd29c2e69615b523f3c9a7d0170dcc7a1e3362e8e1e1f68ab6c2cd7a2de,701385,1776935054.0,pdf,EXTRACTED,/Users/wanglifei/Desktop/北京高考政治/reports/选必一宝典_桌面原文件逐字逐题复核_20260617_151852/05_source_backcheck/slice_024/SRC_EXAM_2026_SHIJINGSHAN_YIMO_Q20.txt
SRC_RUBRIC_2026_SHIJINGSHAN_YIMO_Q20,/Users/wanglifei/Desktop/2026模拟题/2026各区一模/2026石景山一模/细则/细则.doc,78d97b669465d8a5bf5290a80e0c500f202c2ee8aa2e7bf6ed082a1be6a57ef3,61440,1776935048.0,doc,EXTRACTED,/Users/wanglifei/Desktop/北京高考政治/reports/选必一宝典_桌面原文件逐字逐题复核_20260617_151852/05_source_backcheck/slice_024/SRC_RUBRIC_2026_SHIJINGSHAN_YIMO_Q20.txt
SRC_EXAM_2025_MENTOUGOU_YIMO_Q19,/Users/wanglifei/Desktop/2025模拟题/2025各区一模/2025门头沟一模/试卷/试卷.pdf,1d8a23fe11f59810bcbe7bb7bfd3ecdd9ff89e3bfd5e422559ca6200e18cc009,754233,1776935167.0,pdf,EXTRACTED,/Users/wanglifei/Desktop/北京高考政治/reports/选必一宝典_桌面原文件逐字逐题复核_20260617_151852/05_source_backcheck/slice_024/SRC_EXAM_2025_MENTOUGOU_YIMO_Q19.txt
SRC_RUBRIC_2025_MENTOUGOU_YIMO_Q19,/Users/wanglifei/Desktop/2025模拟题/2025各区一模/2025门头沟一模/细则/细则.doc,26d9b228064053c19109fc9d3462d2e4cc561009b2d2229d4ec60055a2229973,29742,1776935165.0,doc,EXTRACTED,/Users/wanglifei/Desktop/北京高考政治/reports/选必一宝典_桌面原文件逐字逐题复核_20260617_151852/05_source_backcheck/slice_024/SRC_RUBRIC_2025_MENTOUGOU_YIMO_Q19.txt
