source_id,path,sha256,size_bytes,mtime,role,status,notes
SRC_DOCX_001,/Users/wanglifei/Desktop/选必一宝典-飞哥正志讲堂.docx,876e60959e88dfd72ec3c6834b59c4933822a3e347f8a6c82b3a8012b939ab7e,563322,2026-06-17T15:15:32+08:00,locked_desktop_original,ACTIVE,User explicitly requested returning to the desktop original file.
SRC_RUBRIC_2026_SHIJINGSHAN_ERMO_Q18,/Users/wanglifei/Desktop/2026模拟题/2026各区二模/2026石景山二模/细则/石景山区高三政治第二次模拟考试答案评分细则(1).doc,404f493eede90c04cb04d90cdfa97d468d7df5885b1848699d3d24c53cd32173,44032,2026-05-18T21:19:23+08:00,formal_rubric_for_doc_order_11,ACTIVE,Used in slice 003 merge to qualify ClaudeCode Q0011 claim; extracted text: /Users/wanglifei/Desktop/北京高考政治/新题增补_哲学_选必一_2026-05-18/01_source_packets/texts/2026石景山二模__细则__石景山区高三政治第二次模拟考试答案评分细则(1).txt; Slice 007: extracted lines 49-50 confirm basis 4分 and meaning 4分 for doc_order 32.; Slice 011: lines 49-50 confirm basis 4分 plus significance 4分; no 国际竞争实质 fixed point.; Slice 013: reused for doc_order 63; lines 49-50 confirm 决定性因素/共同利益 basis layer plus meaning layer.; Slice 021: source evidence for doc_order 101-105 where applicable; extract: /Users/wanglifei/Desktop/北京高考政治/reports/选必一宝典_桌面原文件逐字逐题复核_20260617_151852/05_source_backcheck/slice_021/SRC_RUBRIC_2026_SHIJINGSHAN_ERMO_Q18.txt; Slice 023: source evidence for doc_order 111-115 where applicable; extract: /Users/wanglifei/Desktop/北京高考政治/reports/选必一宝典_桌面原文件逐字逐题复核_20260617_151852/05_source_backcheck/slice_023/SRC_RUBRIC_2026_SHIJINGSHAN_ERMO_Q18.txt; Slice 035: rubric lines 49-50 confirm Q18 basis4+meaning4 and two-market/economic-transition meaning branch for doc_order 174.
SRC_RUBRIC_2026_HAIDIAN_ERMO_Q20_COMMENTARY,/Users/wanglifei/Desktop/2026模拟题/2026各区二模/2026海淀二模/细则/26海淀高三政治二模讲评.pdf,c2f6013f0e13fcbe848bf114d1df7e06c12b48542597cd6a357840137638daa3,90283098,2026-05-18T21:23:07+08:00,commentary_scoring_table_for_doc_order_16_and_36,ACTIVE,Slice 004: rendered page 81 shows Q20(2) prompt; rendered page 82 shows 7-point scoring table; text extraction cache in 05_source_backcheck.; Slice 008: rendered pages page-081/page-082 and visual lines 5-14 confirm doc_order 36 7分短评; common interests are one optional necessary-knowledge point.
SRC_RUBRIC_2025_FANGSHAN_YIMO_Q18,/Users/wanglifei/Desktop/2025模拟题/2025各区一模/2025房山一模/细则/细则.pdf,17cdecfbd774ee7902feb4494c59cdd2f944a217046b51205283bcf1c9ed0ca3,245221,2026-04-23T17:05:58+08:00,formal_rubric_for_doc_order_17,ACTIVE,"Slice 004: extracted lines 98-103 confirm 4+3+1 scoring chains.; Slice 011: lines 95-100 confirm Q18(2) 4+3+1 structure and first chain beginning with 国际竞争的实质.; Slice 030: rubric lines 95-100 confirm 4+3+1 structure, high-level opening/basic opening policy, non-replaceable open-world-economy and UN-frame points for doc_order 148."
SRC_RUBRIC_2026_SHUNYI_YIMO_Q21,/Users/wanglifei/Desktop/2026模拟题/2026各区一模/2026顺义一模/细则/细则.pptx,de758e5e79500dd06e08fd5c9bb4ddc1a7dfcd46546912d0b3a0c989fda7e724,119656,2026-04-23T17:00:01+08:00,scoring_pptx_for_doc_order_18,ACTIVE,Slice 004: extracted lines 550-556 confirm 国政经角度 2分.
SRC_RUBRIC_2026_FENGTAI_QIMO_Q21,/Users/wanglifei/Desktop/2026模拟题/2026各区期末和期中/2026丰台期末/细则/细则.pdf,dbc93cbfd3a93eff18a74e571039c91200fc062aa0d4465449a94a8a469d09fa,10715348,2026-04-23T17:02:47+08:00,formal_level_rubric_for_doc_order_19,ACTIVE,Slice 004: extracted pages 53-62 confirm level grading and optional knowledge angles.
SRC_TEACHER_2026_HAIDIAN_QIZHONG_Q22,/Users/wanglifei/Desktop/2026模拟题/2026各区期末和期中/2026海淀期中/试卷/试卷.docx,11cac42f979196cd879bb2d88efd7984e64cc0c19cdb57cbe1b0a6121ae13e3c,262700,2026-04-23T17:03:09+08:00,teacher_reference_answer_for_doc_order_20,ACTIVE,Slice 004: extracted prompt and reference answer for Q22(1); not a formal fixed scoring split.
SRC_RUBRIC_2026_TONGZHOU_YIMO_Q19,/Users/wanglifei/Desktop/2026模拟题/2026各区一模/2026通州一模/细则/26 通州一模评标.pdf,7100a8d418c6747d2d80d4cc83813f8622589640882ebd92f5e09fbb29fb3e5e,1769056,2026-05-18T21:24:14+08:00,formal_rubric_for_doc_order_66,ACTIVE,"Slice 014: lines 160-192 confirm Q19 4+4 structure and optional knowledge list for doc_order 66.; Slice 025: reused for doc_order 123; lines 160-192 confirm 4+4 structure, cap rules, and optional knowledge list."
SRC_RUBRIC_2026_XICHENG_QIMO_Q20,/Users/wanglifei/Desktop/2026模拟题/2026各区期末和期中/2026西城期末/细则/细则.pdf,54715a1e650d940e1470d8348f9c4cfaaa4a92cb983965a022b2fae5049ca1a4,2838973,2026-04-23T17:04:41+08:00,formal_scoring_reference_for_doc_order_22_and_42,ACTIVE,"Slice 005: rendered pages 4-5 confirm role/practice 2分, why 3分, effects 3分; Slice 009: same-source visual pages 4-5 confirm doc_order 42 2+3+3 and 共同利益 as one 1分 why item"
SRC_RUBRIC_2024_HAIDIAN_ERMO_Q18_DOCX,/Users/wanglifei/Desktop/2024模拟题/海淀二模/细则/细则.docx,227192d22e10241b73c445e7ab168c6f7317999c99d908aa84621a38b0b544e7,535443,2026-04-23T17:09:44+08:00,formal_scoring_text_for_doc_order_23_and_41,ACTIVE,Slice 005: extracted Q18(1) broad available angles; no named point for 霸权主义/强权政治 found; Slice 009: lines 51-53 confirm broad Q18(1) essay angles for doc_order 41; common interests are not fixed scoring
SRC_RUBRIC_2025_DONGCHENG_ERMO_Q20,/Users/wanglifei/Desktop/2025模拟题/2025各区二模/2025东城二模/细则/细则.pdf,606dbae1d5ce3e59c8daef227c8b797cfbda2b7f90b8c9e07f47654af13e1cc2,327662,2026-04-23T17:07:10+08:00,formal_rubric_for_doc_order_24,ACTIVE,"Slice 005: extracted pages 4-5 confirm background 2分, spirit 4分, action 2分.; Slice 007: reused formal PDF; lines 165-177 confirm background/spirit/action 2+4+2 for doc_order 33."
SRC_RUBRIC_2024_CHAOYANG_YIMO_Q21_PPTX,/Users/wanglifei/Desktop/2024模拟题/2024朝阳一模/细则/细则.pptx,d64506799887753ee409ebc7e63cf977de6843f62f7ebb327b6cca74477a8272,7699972,2026-04-23T17:12:16+08:00,formal_rubric_pptx_for_doc_order_25,ACTIVE,"Slice 005: extracted slides 48-49 confirm economic situation 4分 plus new situation 5分.; Slice 027: PPTX lines 1224-1317 confirm 4+5 score structure, two-dimension frame, and single-dimension cap for doc_order 131.; Slice 030: PPTX lines 1224-1317 confirm 4+5 score structure, two-dimension frame, high-level opening wording and single-dimension cap for doc_order 146.; Slice 036: PPTX lines 1224-1228 and 1260-1317 confirm two-market branch plus 4+5/dual-dimension scoring for doc_order 178.; Slice 038: PPTX lines 1224-1228 and 1260-1317 confirm double-cycle/two-market branch plus 4+5/dual-dimension scoring for doc_order 189."
SRC_RUBRIC_2024_CHAOYANG_ERMO_Q20_PDF,/Users/wanglifei/Desktop/2024模拟题/2024朝阳二模/细则/细则.pdf,84218459671af8ac66324584cd608c778703ef44e2eda745694745b53e3de302,558870,2026-04-23T17:11:42+08:00,formal_rubric_for_doc_order_26,ACTIVE,Slice 006: extracted page 5 lines 181-208 confirm principles 2分 and consensus why1/how5分.; Slice 007: reused formal PDF; lines 190-208 confirm common-interest angle inside consensus how-layer for doc_order 35.
SRC_RUBRIC_2024_CHAOYANG_ERMO_Q20_DOCX_SUPP,/Users/wanglifei/Desktop/2024模拟题/2024朝阳二模/细则/补充材料/细则.docx,f7c4cc4ac52ecefd124cb890fb4f0e117c7a9312d2f51a97d6e2d102e3ef4cf1,28300,2026-04-23T17:11:38+08:00,supplemental_reference_for_doc_order_26,ACTIVE,Slice 006: supplemental DOCX gives short answer only; PDF has detailed scoring.
SRC_RUBRIC_2025_DONGCHENG_YIMO_Q20,/Users/wanglifei/Desktop/2025模拟题/2025各区一模/2025东城一模/细则/细则.pdf,c254bbee61da4abda65388bd2bd144b0e7efc781e9890208535e7882fbf278da,370507,2026-04-23T17:05:42+08:00,formal_marking_material_for_doc_order_27,ACTIVE,Slice 006: extracted lines 170-180 confirm user-pinned 4+2+2 three-layer structure.; Slice 017: reused for doc_order 85; lines 171-194 confirm 4+2+2 structure and trade facilitation as a substitute under common interests.; Slice 022: source evidence for doc_order 106-110 where applicable; extract: /Users/wanglifei/Desktop/北京高考政治/reports/选必一宝典_桌面原文件逐字逐题复核_20260617_151852/05_source_backcheck/slice_022/SRC_RUBRIC_2025_DONGCHENG_YIMO_Q20.txt
SRC_RUBRIC_2026_SHIJINGSHAN_YIMO_Q20,/Users/wanglifei/Desktop/2026模拟题/2026各区一模/2026石景山一模/细则/细则.doc,78d97b669465d8a5bf5290a80e0c500f202c2ee8aa2e7bf6ed082a1be6a57ef3,61440,2026-04-23T17:04:08+08:00,formal_level_rubric_for_doc_order_28,ACTIVE,"Slice 006: extracted lines 49-69 confirm keyword/level scoring, available angles, no fixed common-interest point.; Slice 018: reused for doc_order 88; lines 49-69 confirm keyword/level scoring and source examples.; Slice 024: reused for doc_order 119; lines 49-69 confirm level rubric and examples.; Slice 027: rubric lines 49-69 confirm keyword/level scoring for doc_order 133.; Slice 028: rubric lines 49-69 confirm keyword/level scoring examples for doc_order 137."
SRC_RUBRIC_2026_FENGTAI_YIMO_Q19,/Users/wanglifei/Desktop/2026模拟题/2026各区一模/2026丰台一模/细则/细则.pptx,26649804f1de31f52829752b234da32ee8eb8e383501b558ab6c598dd3f9155d,23449985,2026-04-23T17:11:28+08:00,pptx_reference_answer_for_doc_order_29_low_evidence,ACTIVE,Slice 006: extracted slides 41-42 give reference answer; no fixed point-by-point scoring found.
SRC_RUBRIC_2025_FENGTAI_QIMO_Q20,/Users/wanglifei/Desktop/2025模拟题/2025各区期末/2025丰台期末/细则/细则.pptx,360d57a4b250de8126e5f775fae9d9a024b4d8b284c6450e9532daf50fffb691,5796219,2026-04-23T17:08:14+08:00,formal_scoring_pptx_for_doc_order_30,ACTIVE,Slice 006: extracted slide 52 confirms 4+2+2 split and exact point wording.
SRC_RUBRIC_2026_YANQING_YIMO_Q19_2,/Users/wanglifei/Desktop/2026模拟题/2026各区一模/2026延庆一模/细则/细则.docx,2e0f67df1ab78a60dccde6bec64faee10f32e14f8feed1c53959d700e5c8afcb,24071,2026-04-23T17:04:04+08:00,formal_rubric_for_doc_order_31,ACTIVE,Slice 007: extracted lines 102-110 confirm theory logic 4分 plus value meaning 4分 for doc_order 31.; Slice 013: reused for doc_order 64; lines 102-110 confirm theory logic 4分 and value meaning 4分.; Slice 020: reused/registered as source evidence for doc_order 96-100 where applicable; extract: /Users/wanglifei/Desktop/北京高考政治/reports/选必一宝典_桌面原文件逐字逐题复核_20260617_151852/05_source_backcheck/slice_020/SRC_RUBRIC_2026_YANQING_YIMO_Q19_2.txt
SRC_RUBRIC_2026_SHUNYI_YIMO_Q20,/Users/wanglifei/Desktop/2026模拟题/2026各区一模/2026顺义一模/细则/细则.pptx,de758e5e79500dd06e08fd5c9bb4ddc1a7dfcd46546912d0b3a0c989fda7e724,119656,2026-04-23T17:00:01+08:00,formal_rubric_for_doc_order_34,ACTIVE,Slice 007: extracted slide 9 confirms common interests 1分 plus international politics 3分 and international economy 3分 for doc_order 34.; Slice 023: source evidence for doc_order 111-115 where applicable; extract: /Users/wanglifei/Desktop/北京高考政治/reports/选必一宝典_桌面原文件逐字逐题复核_20260617_151852/05_source_backcheck/slice_023/SRC_RUBRIC_2026_SHUNYI_YIMO_Q20.txt
SRC_RUBRIC_2024_XICHENG_ERMO_Q19,/Users/wanglifei/Desktop/2024模拟题/西城二模/细则/细则.docx,f2e1772f20ed20857c70e184b124244b55717f04354f46c8f6d2ec91206a2f50,50023,2026-04-23T17:10:29+08:00,formal_rubric_for_doc_order_37,ACTIVE,Slice 008: extracted lines 97-104 confirm 1分总判断 plus 4分任取二点.
SRC_RUBRIC_2025_YANQING_YIMO_Q20_2,/Users/wanglifei/Desktop/2025模拟题/2025各区一模/2025延庆一模/细则/细则.docx,c0a3990e95796ddd4cd3b26a92bc9b30a041d503605e53322d2f26528c51bb4c,21765,2026-04-23T17:05:49+08:00,formal_rubric_for_doc_order_38,ACTIVE,Slice 008: extracted lines 87-89 confirm four 2分 angles for Q20(2).; Slice 013: reused for doc_order 65; lines 87-90 confirm four main angles and national-interest replacement rule.; Slice 022: source evidence for doc_order 106-110 where applicable; extract: /Users/wanglifei/Desktop/北京高考政治/reports/选必一宝典_桌面原文件逐字逐题复核_20260617_151852/05_source_backcheck/slice_022/SRC_RUBRIC_2025_YANQING_YIMO_Q20_2.txt
SRC_RUBRIC_2026_CHAOYANG_QIMO_Q20,/Users/wanglifei/Desktop/2026模拟题/2026各区期末和期中/2026朝阳期末/细则/细则.pdf,487b2d15b3a3ac2b14567989edfb4195dd3f776437ec0853a7bd39a5a700859a,1423094,2026-04-23T17:03:00+08:00,formal_rubric_for_doc_order_68,ACTIVE,Slice 014: visual lines 4-16 confirm four-angle 8-point rubric and economic shared-results angle for doc_order 68.
SRC_RUBRIC_2026_CHAOYANG_ERMO_Q20_2,/Users/wanglifei/Desktop/2026模拟题/2026各区二模/2026朝阳二模/细则/202605朝阳高三政治二模阅卷细则(1).docx,8cb07a7f650e041c062b0f1a96ee53c20964ebc71c1a30af8697809adc4bb62c,27992,2026-05-18T21:19:26+08:00,formal_rubric_for_doc_order_40,ACTIVE,Slice 008: extracted lines 181-197 confirm three 2分 angles for Q20(2).
SRC_ANSWER_2024_HAIDIAN_ERMO_Q18_SUPP,/Users/wanglifei/Desktop/2024模拟题/海淀二模/细则/补充材料/高三二模：政治答案(2).docx,8f109fb09efc0c6ae1ffbad76a5ad99bf071a766b0e8c512247d468dc37fc6b3,22380,2026-04-23T17:09:45+08:00,supplemental_answer_for_doc_order_41,ACTIVE,Slice 009: lines 15-26 preserve Q18(1) level descriptors.
SRC_EXAM_2024_HAIDIAN_ERMO_Q18,/Users/wanglifei/Desktop/2024模拟题/海淀二模/试卷/试卷.pdf,5355283f436e322953d1c6cb1f07663915a738594d8733a379aaf1109b31385c,513944,2026-04-23T17:09:48+08:00,exam_prompt_for_doc_order_41,ACTIVE,Slice 009: lines 185-205 confirm Q18(1) prompt and materials.
SRC_EXAM_2026_XICHENG_QIMO_Q20,/Users/wanglifei/Desktop/2026模拟题/2026各区期末和期中/2026西城期末/试卷/2026北京西城高三上期末政治教师版.pdf,efbc5507a38dbd4f41a57acd1dfe4877df191813555b2318d451a1b3a855f230,11156816,2026-04-23T17:04:04+08:00,teacher_exam_reference_for_doc_order_42,ACTIVE,Slice 009: lines 80-97 provide reference-answer material for Q20 climate governance.
SRC_EXAM_2026_TONGZHOU_YIMO_Q19,/Users/wanglifei/Desktop/2026模拟题/2026各区一模/2026通州一模/试卷/2026北京通州高三一模政治.pdf,dced3f3054457ebcf15b8217e10703e359761f0c131ea57678cfea5dbada1c34,8260419,2026-05-18T21:25:06+08:00,visual_exam_prompt_for_doc_order_66,ACTIVE,Slice 014: visual lines 3-10 confirm Q19 prompt and four 元首外交镜头 for doc_order 66.; Slice 025: reused for doc_order 123; visual lines 3-10 confirm prompt/material for Q19.
SRC_RUBRIC_2025_CHAOYANG_ERMO_Q21,/Users/wanglifei/Desktop/2025模拟题/2025各区二模/2025朝阳二模/细则/细则.docx,73c36c3077dced724eb48b81aec7492e8e5ac59a7f72d7fb729d3581ea3fb5e8,29885,2026-04-23T17:06:30+08:00,formal_rubric_for_doc_order_67,ACTIVE,Slice 014: lines 283-314 confirm China/region/world 3+3+2 structure for doc_order 67.; Slice 020: reused/registered as source evidence for doc_order 96-100 where applicable; extract: /Users/wanglifei/Desktop/北京高考政治/reports/选必一宝典_桌面原文件逐字逐题复核_20260617_151852/05_source_backcheck/slice_020/SRC_RUBRIC_2025_CHAOYANG_ERMO_Q21.txt; Slice 025: reused for doc_order 124; lines 283-314 confirm 3+3+2 formal rubric and world branch.
SRC_EXAM_2025_CHAOYANG_ERMO_Q21,/Users/wanglifei/Desktop/2025模拟题/2025各区二模/2025朝阳二模/试卷/试卷.pdf,6009b3f19a33a729602d7a5bc5b6c8ca2b59ed1392c6c753df7d14695ce84d5e,704674,2026-04-23T17:06:29+08:00,exam_prompt_for_doc_order_67,ACTIVE,Slice 014: lines 215-228 confirm Q21 prompt and 周边工作 material for doc_order 67.; Slice 020: reused/registered as source evidence for doc_order 96-100 where applicable; extract: /Users/wanglifei/Desktop/北京高考政治/reports/选必一宝典_桌面原文件逐字逐题复核_20260617_151852/05_source_backcheck/slice_020/SRC_EXAM_2025_CHAOYANG_ERMO_Q21.txt; Slice 025: reused for doc_order 124; lines 215-228 confirm 周边工作 material and prompt.
SRC_RUBRIC_2026_FANGSHAN_ERMO_Q20,/Users/wanglifei/Desktop/2026模拟题/2026各区二模/2026房山二模/细则/26房山评标.docx,51621a4abaad70789a89e04e7096655e76cd19620a4086762db4d45f5c407876,34129,2026-05-18T21:19:24+08:00,formal_rubric_for_doc_order_45,ACTIVE,Slice 009: lines 134-146 confirm six directions plus material 2分; 共同利益/共同发展 is one 1分 direction.; Slice 025: reused for doc_order 122; lines 134-146 confirm formal six 1-point directions plus material 2分.
SRC_EXAM_2026_FANGSHAN_ERMO_Q20,/Users/wanglifei/Desktop/2026模拟题/2026各区二模/2026房山二模/试卷/2026北京房山高三二模政治（教师版）.pdf,ffe050fd8f7eb7b0cd6c43cd9c1724c3defbbc45509204254aee80060b42e82b,12444404,2026-05-18T21:22:49+08:00,teacher_exam_reference_for_doc_order_45,ACTIVE,Slice 009: lines 106-118 mirror Q20 answer and rubric directions.; Slice 025: reused for doc_order 122; lines 106-118 support teacher answer and six directions plus material 2分.
SRC_RUBRIC_2026_XICHENG_YIMO_Q20_2,/Users/wanglifei/Desktop/2026模拟题/2026各区一模/2026西城一模/细则/细则.docx,22206a780a1503a6d8a61a86f8f18a8c5cfac2d7cb1851a84e668d8dd356eae0,21457,2026-04-23T17:04:39+08:00,formal_rubric_for_doc_order_46,ACTIVE,Slice 010: lines 68-80 confirm 8分 structure; common interests only appears in 对世界 comprehensive layer line 79.; Slice 020: reused/registered as source evidence for doc_order 96-100 where applicable; extract: /Users/wanglifei/Desktop/北京高考政治/reports/选必一宝典_桌面原文件逐字逐题复核_20260617_151852/05_source_backcheck/slice_020/SRC_RUBRIC_2026_XICHENG_YIMO_Q20_2.txt
SRC_EXAM_2026_XICHENG_YIMO_Q20_2,/Users/wanglifei/Desktop/2026模拟题/2026各区一模/2026西城一模/试卷/试卷.docx,795b221243cdf7b62b7199bf41649f11c1e749c2c9199b3afbe13b6489e1dc61,4178588,2026-04-23T17:04:38+08:00,exam_prompt_for_doc_order_46,ACTIVE,Slice 010: lines 155-157 confirm material and Q20(2) prompt.; Slice 020: reused/registered as source evidence for doc_order 96-100 where applicable; extract: /Users/wanglifei/Desktop/北京高考政治/reports/选必一宝典_桌面原文件逐字逐题复核_20260617_151852/05_source_backcheck/slice_020/SRC_EXAM_2026_XICHENG_YIMO_Q20_2.txt
SRC_EXAM_2026_XICHENG_YIMO_Q20_2_PDF,/Users/wanglifei/Desktop/2026模拟题/2026各区一模/2026西城一模/试卷/补充材料/2026北京西城高三一模政治.pdf,5581e0237e861511efb8400525d43aa042ca59a4fa0878e1e249617f4397ecc2,13170039,2026-04-23T17:05:17+08:00,supplemental_exam_pdf_for_doc_order_46,ACTIVE,Slice 010: supplemental exam PDF cache for Q20(2); DOCX exam text used for final prompt confirmation.
SRC_RUBRIC_2024_XICHENG_YIMO_Q19,/Users/wanglifei/Desktop/2024模拟题/西城一模/细则/细则.docx,f7bcf000f212cc694cabd0e1acf8ba29e5aa99810d2d5d25e839024388f97271,48086,2026-04-23T17:09:14+08:00,formal_rubric_for_doc_order_47,ACTIVE,Slice 010: lines 86-101 confirm opportunity/challenge/opening-support structure and 当代国际竞争实质 as challenge-layer variation.; Slice 036: rubric lines 85-101 confirm opportunity/challenge/bottleneck structure and two-market/resources opportunity branch for doc_order 177.
SRC_ANSWER_2024_XICHENG_YIMO_Q19_SUPP,/Users/wanglifei/Desktop/2024模拟题/西城一模/细则/补充材料/2024.4高三统一测试思想政治答案.docx,91e28443e7a1bb0e34bca296c1123a8f31b6e7ed15bdb682f73f9dd8f5a8a0a2,42156,2026-04-23T17:09:14+08:00,supplemental_answer_for_doc_order_47,ACTIVE,Slice 010: supplemental answer cache for 2024 Xicheng Q19; formal rubric file used as primary source.
SRC_EXAM_2024_XICHENG_YIMO_Q19,/Users/wanglifei/Desktop/2024模拟题/西城一模/试卷/试卷.docx,2aa2ee045f75ecd86ef7f244b034451ef8d587c96ea3805c41189bcb09b43e74,2046293,2026-04-23T17:09:29+08:00,exam_prompt_for_doc_order_47,ACTIVE,Slice 010: lines 203-204 confirm Q19(6) prompt.; Slice 036: exam lines 197-204 confirm 2024西城一模Q19(6) future-industry prompt for doc_order 177.
SRC_RUBRIC_2024_SHUNYI_ERMO_Q19_2,/Users/wanglifei/Desktop/2024模拟题/顺义思政二模/细则/细则.docx,f986728ea555a6edc1669835ceef949b8129895ba54cc64f0de67968ea29527f,32521,2026-04-23T17:10:19+08:00,formal_rubric_for_doc_order_48,ACTIVE,"Slice 010: lines 32-34 confirm mixed-module answer containing 当前国际竞争的实质 without independent extracted subscore split.; Slice 013: reused for doc_order 61; lines 32-34 confirm international-competition/national-interest layer, not exact 出发点和落脚点 formula."
SRC_EXAM_2024_SHUNYI_ERMO_Q19_2,/Users/wanglifei/Desktop/2024模拟题/顺义思政二模/试卷/试卷.docx,33010f3bed39e2759cf1ca3d22d4526f77e22833c208efb1aaf3611a8dd67df7,13156426,2026-04-23T17:11:27+08:00,exam_prompt_for_doc_order_48,ACTIVE,Slice 010: lines 170-171 confirm mixed 政治与法治 + 当代国际政治与经济 prompt.; Slice 013: reused for doc_order 61; lines 164-171 confirm prompt/material.
SRC_RUBRIC_2024_XICHENG_ERMO_Q17,/Users/wanglifei/Desktop/2024模拟题/西城二模/细则/细则.docx,f2e1772f20ed20857c70e184b124244b55717f04354f46c8f6d2ec91206a2f50,50023,2026-04-23T17:10:29+08:00,formal_rubric_for_doc_order_59,ACTIVE,Slice 012: lines 19-23 and 66-76 confirm 国家安全与核心利益 as available angle in level-scored Q17 for doc_order 59.; Slice 021: source evidence for doc_order 101-105 where applicable; extract: /Users/wanglifei/Desktop/北京高考政治/reports/选必一宝典_桌面原文件逐字逐题复核_20260617_151852/05_source_backcheck/slice_021/SRC_RUBRIC_2024_XICHENG_ERMO_Q17.txt
SRC_ANSWER_2024_XICHENG_ERMO_Q17_SUPP,/Users/wanglifei/Desktop/2024模拟题/西城二模/细则/补充材料/高三模拟测试思想政治答案.docx,85ebe0578ce81b181f9de0a1de0850bdd12c651609b8c9f8232c9aead56d3fd8,43143,2026-04-23T17:10:28+08:00,supplemental_answer_for_doc_order_49,ACTIVE,Slice 010: supplemental answer cache for 2024 Xicheng二模 Q17; formal rubric file used as primary source.
SRC_EXAM_2024_XICHENG_ERMO_Q17,/Users/wanglifei/Desktop/2024模拟题/西城二模/试卷/试卷.docx,0dbd7271f7bf108d41417b2ffdd3f36dcd86ac93c99fe18a42b1bfee5565c0fc,483636,2026-04-23T17:10:36+08:00,exam_prompt_for_doc_order_59,ACTIVE,Slice 012: lines 101-103 confirm Q17 prompt and material for doc_order 59.; Slice 021: source evidence for doc_order 101-105 where applicable; extract: /Users/wanglifei/Desktop/北京高考政治/reports/选必一宝典_桌面原文件逐字逐题复核_20260617_151852/05_source_backcheck/slice_021/SRC_EXAM_2024_XICHENG_ERMO_Q17.txt
SRC_RUBRIC_2026_CHAOYANG_YIMO_Q20,/Users/wanglifei/Desktop/2026模拟题/2026各区一模/2026朝阳一模/细则/细则.docx,3a11db4bade216d1f174fab8e1b27f29e9b12e1a6b309296103b20e7c67c230d,24525,2026-04-23T16:59:54+08:00,formal_rubric_for_doc_order_50,ACTIVE,"Slice 010: lines 96-112 confirm official scoring; line 98 marks 国际竞争实质 plus innovation/technology as 2分（1+1）必答点.; Slice 016: reused for doc_order 76 and 78; lines 83-99 confirm 2+3+development-potential structure and exact 1-point directions.; Slice 024: reused for doc_order 118; lines 83-99 confirm subitem scoring but not a visible 8分 overall cap.; Slice 031: rubric lines 83-99 confirm Q20 three-layer frame, development-potential cap and all listed directions for doc_order 153.; Slice 034: rubric lines 83-99 confirm Q20 2+3+development-potential frame and two markets/two resources/factor-flow directions for doc_order 168."
SRC_EXAM_2026_CHAOYANG_YIMO_Q20,/Users/wanglifei/Desktop/2026模拟题/2026各区一模/2026朝阳一模/试卷/试卷.pdf,585b15124610aff7afffd93a3c4753f4b89eb9cd2dc1060a17022cecb4d8a8d9,668962,2026-04-23T16:59:57+08:00,exam_prompt_for_doc_order_50,ACTIVE,"Slice 010: lines 318-330 confirm Q20 material and prompt.; Slice 016: reused for doc_order 76 and 78; lines 218-230 confirm material/prompt and lines 390-393 confirm factor-flow explanation.; Slice 024: reused for doc_order 118; lines 218-230 confirm prompt/material; visual render page7 shows no visible Q20 score label.; Slice 031: exam lines 218-230 and 376-385 confirm 2026朝阳一模Q20 material, prompt and teacher-answer support for doc_order 153.; Slice 034: exam material/prompt and teacher-answer context confirm development-potential/two-market branch for doc_order 168."
SRC_RUBRIC_2025_DONGCHENG_YIMO_Q21,/Users/wanglifei/Desktop/2025模拟题/2025各区一模/2025东城一模/细则/细则.pdf,c254bbee61da4abda65388bd2bd144b0e7efc781e9890208535e7882fbf278da,370507,2026-04-23T17:05:42+08:00,formal_rubric_for_doc_order_51_and_54,ACTIVE,Slice 011: lines 191-208 confirm Q21 2+6+2 structure; talent/international competitiveness in 为什么 layer and 科教兴国人才强国 in 怎么做 2分 layer.
SRC_EXAM_2025_DONGCHENG_YIMO_Q21,/Users/wanglifei/Desktop/2025模拟题/2025各区一模/2025东城一模/试卷/试卷.pdf,46c444a91d491a4fc02f2497e24eb79f6639652c8b8f962b60a562f89c25a9d0,810417,2026-04-23T17:05:38+08:00,exam_prompt_for_doc_order_51_and_54,ACTIVE,Slice 011: lines 205-220 confirm Q21 prompt and education material.
SRC_EXAM_2026_SHIJINGSHAN_ERMO_Q18,/Users/wanglifei/Desktop/2026模拟题/2026各区二模/2026石景山二模/试卷/2026北京石景山高三二模政治（教师版）.docx,00b61bbb2c75b4bed90f34f4d93bcc91168d2b05a597a20a0fc3964bacbe5c6c,258696,2026-05-18T21:19:27+08:00,teacher_exam_reference_for_doc_order_52,ACTIVE,Slice 011: lines 103-108 and 125-126 confirm Q18 prompt and teacher-answer structure.; Slice 013: reused for doc_order 63; lines 103-108 and 125-126 confirm prompt and teacher-answer structure.; Slice 021: source evidence for doc_order 101-105 where applicable; extract: /Users/wanglifei/Desktop/北京高考政治/reports/选必一宝典_桌面原文件逐字逐题复核_20260617_151852/05_source_backcheck/slice_021/SRC_EXAM_2026_SHIJINGSHAN_ERMO_Q18.txt; Slice 023: source evidence for doc_order 111-115 where applicable; extract: /Users/wanglifei/Desktop/北京高考政治/reports/选必一宝典_桌面原文件逐字逐题复核_20260617_151852/05_source_backcheck/slice_023/SRC_EXAM_2026_SHIJINGSHAN_ERMO_Q18.txt; Slice 035: exam lines 103-108 and 125-126 confirm China-ASEAN Q18 material/prompt and teacher answer for doc_order 174.
SRC_EXAM_2025_FANGSHAN_YIMO_Q18,/Users/wanglifei/Desktop/2025模拟题/2025各区一模/2025房山一模/试卷/试卷.pdf,3227fd51f2020c047e93984cd14d604177ce97094364e17f2dac099fabac1d69,785455,2026-04-23T17:05:51+08:00,exam_prompt_for_doc_order_53,ACTIVE,Slice 011: lines 181-189 confirm DeepSeek/open-source prompt.; Slice 030: exam lines 181-189 confirm DeepSeek open-source material and Q18(2) prompt for doc_order 148.
SRC_RUBRIC_2025_HAIDIAN_QIZHONG_Q21_2,/Users/wanglifei/Desktop/2025模拟题/2025各区期末/2025海淀期中/细则/细则.docx,7bbd92bd3b93e5312173bf19e5608398a262811d7ccd866583a72a8ff2c9f999,1478316,2026-04-23T17:07:25+08:00,formal_rubric_for_doc_order_56,ACTIVE,Slice 012: lines 15-17 confirm Q21(2) answer chain with 不变 aspects and 主权/安全/发展利益 as basic goal.
SRC_EXAM_2025_HAIDIAN_QIZHONG_Q21_2,/Users/wanglifei/Desktop/2025模拟题/2025各区期末/2025海淀期中/试卷/试卷.pdf,b452d8b4e21b94beafb2a30a187501771e1c2df3f00495b7b613f90ecc409012,773864,2026-04-23T17:07:22+08:00,exam_prompt_for_doc_order_56,ACTIVE,Slice 012: lines 239-256 and 311-315 confirm prompt/material and teacher answer for doc_order 56.
SRC_RUBRIC_2025_DONGCHENG_QIMO_Q20_PDF,/Users/wanglifei/Desktop/2025模拟题/2025各区期末/2025东城期末/细则/细则.pdf,5b78436dd863858bc3d3d587daf89ed6bcef61f9a5796608fc598bd2931b0029,1375593,2026-04-23T17:08:30+08:00,formal_rubric_pdf_for_doc_order_57,ACTIVE,Slice 012: lines 127-142 confirm short essay layers and China attitude/doings point for doc_order 57.; Slice 015: reused for doc_order 73; lines 127-142 confirm short essay layers and scoring-display issue to verify.; Slice 018: reused for doc_order 87; lines 127-142 confirm short-essay layers and scoring-total display issue.
SRC_RUBRIC_2025_DONGCHENG_QIMO_Q20_PPTX,/Users/wanglifei/Desktop/2025模拟题/2025各区期末/2025东城期末/细则/补充材料/东城期末.pptx,26b1173765262a2f34fc48932fa71fb8f6c77085cdc57aa27a5b597eb3caa2ec,8107362,2026-04-23T17:08:53+08:00,scoring_pptx_for_doc_order_57,ACTIVE,Slice 012: supplemental PPTX mirrors short essay scoring for doc_order 57.
SRC_EXAM_2025_DONGCHENG_QIMO_Q20,/Users/wanglifei/Desktop/2025模拟题/2025各区期末/2025东城期末/试卷/试卷.pdf,8eda36bd87dba1947b49352c5f2451852bf9c57a58f896f907c8adfd35c12fa9,704654,2026-04-23T17:08:15+08:00,exam_prompt_for_doc_order_57,ACTIVE,Slice 012: lines 192-201 and 645-655 confirm prompt/material and teacher answer for doc_order 57.; Slice 015: reused for doc_order 73; lines 192-201 confirm NEV material and prompt.; Slice 018: reused for doc_order 87; lines 192-201 confirm prompt/material and 645-657 teacher-answer angles.
SRC_RUBRIC_2026_CHAOYANG_QIMO_Q20,/Users/wanglifei/Desktop/2026模拟题/2026各区期末和期中/2026朝阳期末/细则/细则.pdf,487b2d15b3a3ac2b14567989edfb4195dd3f776437ec0853a7bd39a5a700859a,1423094,2026-04-23T17:03:00+08:00,formal_rubric_for_doc_order_68,ACTIVE,Slice 014: visual lines 4-16 confirm four-angle 8-point rubric and economic shared-results angle for doc_order 68.
SRC_EXAM_2026_CHAOYANG_QIMO_Q20,/Users/wanglifei/Desktop/2026模拟题/2026各区期末和期中/2026朝阳期末/试卷/试卷.pdf,e1a49527cb4c175f3de69c5cb429216b35938f336f1417fd9df9d955c3e98399,11974231,2026-04-23T17:03:39+08:00,exam_prompt_for_doc_order_68,ACTIVE,Slice 014: exam prompt source registered for doc_order 68; formal rendered scoring page is decisive because embedded text is sparse.
SRC_RUBRIC_2024_XICHENG_ERMO_Q17,/Users/wanglifei/Desktop/2024模拟题/西城二模/细则/细则.docx,f2e1772f20ed20857c70e184b124244b55717f04354f46c8f6d2ec91206a2f50,50023,2026-04-23T17:10:29+08:00,formal_rubric_for_doc_order_59,ACTIVE,Slice 012: lines 19-23 and 66-76 confirm 国家安全与核心利益 as available angle in level-scored Q17 for doc_order 59.; Slice 021: source evidence for doc_order 101-105 where applicable; extract: /Users/wanglifei/Desktop/北京高考政治/reports/选必一宝典_桌面原文件逐字逐题复核_20260617_151852/05_source_backcheck/slice_021/SRC_RUBRIC_2024_XICHENG_ERMO_Q17.txt
SRC_EXAM_2024_XICHENG_ERMO_Q17,/Users/wanglifei/Desktop/2024模拟题/西城二模/试卷/试卷.docx,0dbd7271f7bf108d41417b2ffdd3f36dcd86ac93c99fe18a42b1bfee5565c0fc,483636,2026-04-23T17:10:36+08:00,exam_prompt_for_doc_order_59,ACTIVE,Slice 012: lines 101-103 confirm Q17 prompt and material for doc_order 59.; Slice 021: source evidence for doc_order 101-105 where applicable; extract: /Users/wanglifei/Desktop/北京高考政治/reports/选必一宝典_桌面原文件逐字逐题复核_20260617_151852/05_source_backcheck/slice_021/SRC_EXAM_2024_XICHENG_ERMO_Q17.txt
SRC_RUBRIC_2025_CHAOYANG_QIMO_Q21,/Users/wanglifei/Desktop/2025模拟题/2025各区期末/2025朝阳期末/细则/细则.pdf,953eaee3f98d8598c4fb28ddc0c3a2196d78fb03b0f83b5682ab995ada697ab1,2249777,2026-04-23T17:07:46+08:00,formal_rubric_for_doc_order_60,ACTIVE,"Slice 012: formal PDF source registered for doc_order 60; supplemental PPTX text used for readable scoring details.; Slice 023: source evidence for doc_order 111-115 where applicable; extract: /Users/wanglifei/Desktop/北京高考政治/reports/选必一宝典_桌面原文件逐字逐题复核_20260617_151852/05_source_backcheck/slice_023/SRC_RUBRIC_2025_CHAOYANG_QIMO_Q21.txt; Slice 026: registered formal PDF path for doc_order 127, but text extraction contains only page markers and cannot prove scoring content."
SRC_OTHER_2025_CHAOYANG_QIMO_PPTX,/Users/wanglifei/Desktop/2025模拟题/2025各区期末/2025朝阳期末/其他材料/朝阳高三期末2025.pptx,195324f05d7e2feaa6b932a640fc6fd4c28d2b5b2a7e0e07630096369af21bc6,123585,2026-04-23T17:07:48+08:00,supplemental_pptx_for_doc_order_60,ACTIVE,Slice 012: lines 1314-1489 confirm four-environment scoring frame and 总体外部环境 bundle for doc_order 60.; Slice 023: source evidence for doc_order 111-115 where applicable; extract: /Users/wanglifei/Desktop/北京高考政治/reports/选必一宝典_桌面原文件逐字逐题复核_20260617_151852/05_source_backcheck/slice_023/SRC_OTHER_2025_CHAOYANG_QIMO_PPTX.txt; Slice 026: operative scoring evidence for doc_order 127; PPTX lines 1314-1355 and 1420-1490 prove visible score parts and caps; gap 1356-1419 still needs exact visual/source check.; Slice 032: PPTX lines 1314-1490 confirm operative four-external-environment scoring and caps for doc_order 159.
SRC_EXAM_2025_CHAOYANG_QIMO_Q21,/Users/wanglifei/Desktop/2025模拟题/2025各区期末/2025朝阳期末/试卷/试卷.pdf,ec82917288aa877415f3102533002f8eb7e891afee82b498d3df253e01833bbe,707918,2026-04-23T17:07:46+08:00,exam_prompt_for_doc_order_60,ACTIVE,Slice 012: lines 229-237 confirm Q21 prompt and material for doc_order 60.; Slice 023: source evidence for doc_order 111-115 where applicable; extract: /Users/wanglifei/Desktop/北京高考政治/reports/选必一宝典_桌面原文件逐字逐题复核_20260617_151852/05_source_backcheck/slice_023/SRC_EXAM_2025_CHAOYANG_QIMO_Q21.txt; Slice 026: source evidence for doc_order 127; exam lines 229-237 confirm 8分 and prompt.; Slice 032: exam lines 229-237 and 298-305 confirm 2025朝阳期末Q21 prompt and broad level rubric source for doc_order 159.
SRC_RUBRIC_2026_CHAOYANG_QIZHONG_Q17,/Users/wanglifei/Desktop/2026模拟题/2026各区期末和期中/2026朝阳期中/细则/细则.docx,885e694cf464c22b3e899be93e422de46ccefd2efe8d66fd03fefc93d186f965,32954,2026-04-23T17:03:06+08:00,formal_rubric_for_doc_order_62,ACTIVE,Slice 013: lines 14-30 confirm three-relationship rubric and 维护本国利益 as one sub-item in the third relationship.; Slice 015: reused for doc_order 71; lines 14-21 confirm self-reliance/opening first-layer scoring.; Slice 036: rubric lines 14-30 confirm three-relationship 8分 frame and two-market/resources as the opening-side point for doc_order 176.; Slice 038: rubric lines 14-30 confirm three-relationship frame and double-cycle/opening-side point for doc_order 187.
SRC_RUBRIC_SUPP_2026_CHAOYANG_QIZHONG_Q17,/Users/wanglifei/Desktop/2026模拟题/2026各区期末和期中/2026朝阳期中/细则/补充材料/细则.docx,885e694cf464c22b3e899be93e422de46ccefd2efe8d66fd03fefc93d186f965,32954,2026-04-23T17:03:01+08:00,supplemental_rubric_for_doc_order_62,ACTIVE,Slice 013: supplemental duplicate rubric source mirrors Q17 scoring.
SRC_EXAM_2026_CHAOYANG_QIZHONG_Q17,/Users/wanglifei/Desktop/2026模拟题/2026各区期末和期中/2026朝阳期中/试卷/试卷.pdf,5a53b5c6863d7f952d732bef6b21013438957929a6748c575ed46331be9cd5a0,1051598,2026-04-23T17:03:08+08:00,exam_prompt_for_doc_order_62,ACTIVE,"Slice 013: lines 148-168 and 243-245 confirm AI material, prompt, and teacher answer summary.; Slice 015: reused for doc_order 71; lines 148-169 confirm AI material and prompt.; Slice 036: exam lines 148-170 and 243-245 confirm AI+ material/prompt/answer context for doc_order 176.; Slice 038: exam lines 148-170 and 243-245 confirm AI+ prompt/material/answer context for doc_order 187."
SRC_EXAM_2026_YANQING_YIMO_Q19_2,/Users/wanglifei/Desktop/2026模拟题/2026各区一模/2026延庆一模/试卷/试卷.pdf,cc91930411716013bd6f2388cdd62ec95ccd6409a6328abd732df10553726e41,694178,2026-04-23T17:04:03+08:00,exam_prompt_for_doc_order_64,ACTIVE,Slice 013: lines 213-258 and 330-335 confirm green-energy governance prompt and teacher answer.; Slice 020: reused/registered as source evidence for doc_order 96-100 where applicable; extract: /Users/wanglifei/Desktop/北京高考政治/reports/选必一宝典_桌面原文件逐字逐题复核_20260617_151852/05_source_backcheck/slice_020/SRC_EXAM_2026_YANQING_YIMO_Q19_2.txt
SRC_EXAM_2025_YANQING_YIMO_Q20_2,/Users/wanglifei/Desktop/2025模拟题/2025各区一模/2025延庆一模/试卷/试卷.pdf,94785525e6452e6fd5e8d4ca2abd0f858cc1e7dfdf02bdd97a1a7b90bee3bdc5,870780,2026-04-23T17:05:51+08:00,exam_prompt_for_doc_order_65,ACTIVE,Slice 013: lines 212-225 confirm chain-expo/desinking prompt and material.; Slice 022: source evidence for doc_order 106-110 where applicable; extract: /Users/wanglifei/Desktop/北京高考政治/reports/选必一宝典_桌面原文件逐字逐题复核_20260617_151852/05_source_backcheck/slice_022/SRC_EXAM_2025_YANQING_YIMO_Q20_2.txt
SRC_RUBRIC_2026_TONGZHOU_YIMO_Q19,/Users/wanglifei/Desktop/2026模拟题/2026各区一模/2026通州一模/细则/26 通州一模评标.pdf,7100a8d418c6747d2d80d4cc83813f8622589640882ebd92f5e09fbb29fb3e5e,1769056,2026-05-18T21:24:14+08:00,formal_rubric_for_doc_order_66,ACTIVE,"Slice 014: lines 160-192 confirm Q19 4+4 structure and optional knowledge list for doc_order 66.; Slice 025: reused for doc_order 123; lines 160-192 confirm 4+4 structure, cap rules, and optional knowledge list."
SRC_EXAM_2026_TONGZHOU_YIMO_Q19,/Users/wanglifei/Desktop/2026模拟题/2026各区一模/2026通州一模/试卷/2026北京通州高三一模政治.pdf,dced3f3054457ebcf15b8217e10703e359761f0c131ea57678cfea5dbada1c34,8260419,2026-05-18T21:25:06+08:00,visual_exam_prompt_for_doc_order_66,ACTIVE,Slice 014: visual lines 3-10 confirm Q19 prompt and four 元首外交镜头 for doc_order 66.; Slice 025: reused for doc_order 123; visual lines 3-10 confirm prompt/material for Q19.
SRC_RUBRIC_2025_CHAOYANG_ERMO_Q21,/Users/wanglifei/Desktop/2025模拟题/2025各区二模/2025朝阳二模/细则/细则.docx,73c36c3077dced724eb48b81aec7492e8e5ac59a7f72d7fb729d3581ea3fb5e8,29885,2026-04-23T17:06:30+08:00,formal_rubric_for_doc_order_92_reused_text_from_slice014,ACTIVE,Slice 019: source evidence for doc_order 91-95; extracted text: /Users/wanglifei/Desktop/北京高考政治/reports/选必一宝典_桌面原文件逐字逐题复核_20260617_151852/05_source_backcheck/slice_019/SRC_RUBRIC_2025_CHAOYANG_ERMO_Q21.txt; source text cache: /Users/wanglifei/Desktop/北京高考政治/reports/选必一宝典_桌面原文件逐字逐题复核_20260617_151852/05_source_backcheck/slice_014/SRC_RUBRIC_2025_CHAOYANG_ERMO_Q21.txt; Slice 020: reused/registered as source evidence for doc_order 96-100 where applicable; extract: /Users/wanglifei/Desktop/北京高考政治/reports/选必一宝典_桌面原文件逐字逐题复核_20260617_151852/05_source_backcheck/slice_020/SRC_RUBRIC_2025_CHAOYANG_ERMO_Q21.txt; Slice 025: reused for doc_order 124; lines 283-314 confirm 3+3+2 formal rubric and world branch.
SRC_EXAM_2025_CHAOYANG_ERMO_Q21,/Users/wanglifei/Desktop/2025模拟题/2025各区二模/2025朝阳二模/试卷/试卷.pdf,6009b3f19a33a729602d7a5bc5b6c8ca2b59ed1392c6c753df7d14695ce84d5e,704674,2026-04-23T17:06:29+08:00,exam_prompt_for_doc_order_92_reused_text_from_slice014,ACTIVE,Slice 019: source evidence for doc_order 91-95; extracted text: /Users/wanglifei/Desktop/北京高考政治/reports/选必一宝典_桌面原文件逐字逐题复核_20260617_151852/05_source_backcheck/slice_019/SRC_EXAM_2025_CHAOYANG_ERMO_Q21.txt; source text cache: /Users/wanglifei/Desktop/北京高考政治/reports/选必一宝典_桌面原文件逐字逐题复核_20260617_151852/05_source_backcheck/slice_014/SRC_EXAM_2025_CHAOYANG_ERMO_Q21.txt; Slice 020: reused/registered as source evidence for doc_order 96-100 where applicable; extract: /Users/wanglifei/Desktop/北京高考政治/reports/选必一宝典_桌面原文件逐字逐题复核_20260617_151852/05_source_backcheck/slice_020/SRC_EXAM_2025_CHAOYANG_ERMO_Q21.txt; Slice 025: reused for doc_order 124; lines 215-228 confirm 周边工作 material and prompt.
SRC_RUBRIC_2026_CHAOYANG_QIMO_Q20,/Users/wanglifei/Desktop/2026模拟题/2026各区期末和期中/2026朝阳期末/细则/细则.pdf,487b2d15b3a3ac2b14567989edfb4195dd3f776437ec0853a7bd39a5a700859a,1423094,2026-04-23T17:03:00+08:00,formal_rubric_for_doc_order_68,ACTIVE,Slice 014: visual lines 4-16 confirm four-angle 8-point rubric and economic shared-results angle for doc_order 68.
SRC_EXAM_2026_CHAOYANG_QIMO_Q20,/Users/wanglifei/Desktop/2026模拟题/2026各区期末和期中/2026朝阳期末/试卷/试卷.pdf,e1a49527cb4c175f3de69c5cb429216b35938f336f1417fd9df9d955c3e98399,11974231,2026-04-23T17:03:39+08:00,exam_prompt_for_doc_order_68,ACTIVE,Slice 014: exam prompt source registered for doc_order 68; formal rendered scoring page is decisive because embedded text is sparse.
SRC_RUBRIC_2024_CHAOYANG_QIZHONG_Q20_3,/Users/wanglifei/Desktop/2024模拟题/2024朝阳期中/细则/细则.docx,0f8ea3bbe2629d2f6b750e3d95a3505f2d664078ff4b03f2ca7845c70fb057d3,29099,2026-04-23T17:10:49+08:00,formal_rubric_for_doc_order_69,ACTIVE,"Slice 014: lines 218-254 confirm short-review examples and scoring rules for doc_order 69.; Slice 015: reused for doc_order 74; lines 238-249 confirm title/three-comments/summary scoring scaffold.; Slice 017: reused for doc_order 84; lines 232-254 confirm digital-trade short-review scoring and boundary caps.; Slice 022: source evidence for doc_order 106-110 where applicable; extract: /Users/wanglifei/Desktop/北京高考政治/reports/选必一宝典_桌面原文件逐字逐题复核_20260617_151852/05_source_backcheck/slice_022/SRC_RUBRIC_2024_CHAOYANG_QIZHONG_Q20_3.txt; Slice 029: rubric lines 218-254 confirm short-review examples, scoring structure, no-credit/cap notes and open-economy total-evaluation option for doc_order 141.; Slice 030: rubric lines 218-254 confirm short-review title, three comments, total evaluation, no-repeat rule and related boundaries for doc_order 150.; Slice 034: rubric lines 218-254 confirm short-review title/three-comments/summary/expression structure and 打造新平台 two-market branch for doc_order 167."
SRC_EXAM_2024_CHAOYANG_QIZHONG_Q20_3,/Users/wanglifei/Desktop/2024模拟题/2024朝阳期中/试卷/试卷.pdf,0a50f76fd1e1c50fc92b340a7d9f874bab34cd33def4aae1c4bb4ad9681a405e,532797,2026-04-23T17:10:45+08:00,exam_prompt_for_doc_order_69,ACTIVE,"Slice 014: lines 414-447 confirm Q20(3) digital-trade prompt and writing requirements for doc_order 69.; Slice 015: reused for doc_order 74; lines 414-447 confirm digital-trade prompt and writing requirements.; Slice 017: reused for doc_order 84; lines 414-447 confirm digital-trade prompt and writing requirements.; Slice 022: source evidence for doc_order 106-110 where applicable; extract: /Users/wanglifei/Desktop/北京高考政治/reports/选必一宝典_桌面原文件逐字逐题复核_20260617_151852/05_source_backcheck/slice_022/SRC_EXAM_2024_CHAOYANG_QIZHONG_Q20_3.txt; Slice 029: exam lines 414-447 confirm Q20(3) digital-trade material, short-review prompt and writing requirements for doc_order 141.; Slice 030: exam lines 414-447 confirm digital-trade material, short-review prompt, 10分 and writing requirements for doc_order 150.; Slice 034: exam lines 414-447 confirm Q20(3) short-review prompt and writing requirements for doc_order 167."
SRC_RUBRIC_2026_MENTOUGOU_YIMO_Q20,/Users/wanglifei/Desktop/2026模拟题/2026各区一模/2026门头沟一模/细则/细则.docx,89313bd871502cf49c53f220152183ae2ba55a2dd906afe5e8553f1a91d1f155,23845,2026-04-23T17:04:40+08:00,formal_rubric_for_doc_order_70,ACTIVE,"Slice 014: lines 120-131 confirm reason/China/world/logic 7-point rubric for doc_order 70.; Slice 017: reused for doc_order 82; lines 120-131 confirm reason/China/world/logic 7-point rubric.; Slice 020: reused/registered as source evidence for doc_order 96-100 where applicable; extract: /Users/wanglifei/Desktop/北京高考政治/reports/选必一宝典_桌面原文件逐字逐题复核_20260617_151852/05_source_backcheck/slice_020/SRC_RUBRIC_2026_MENTOUGOU_YIMO_Q20.txt; Slice 026: formal rubric lines 120-131 confirm 7分 reason/China/world/logic frame.; Slice 031: rubric lines 120-131 confirm 7分 reason2, China2, world2, logic1, one-side cap and textbook-copy cap for doc_order 151.; Slice 032: rubric lines 120-131 confirm reason/China/world/logic frame for doc_order 157.; Slice 034: rubric lines 120-131 confirm 7分 reason/China/world/logic frame and one-side cap for doc_order 166.; Slice 035: rubric lines 120-131 confirm Q20 reason/China/world/logic frame and China-side two-market linkage for doc_order 171.; Slice 038: rubric lines 120-131 confirm reason2/China2/world2/logic1 frame and double-cycle China-side point for doc_order 186."
SRC_EXAM_2026_MENTOUGOU_YIMO_Q20,/Users/wanglifei/Desktop/2026模拟题/2026各区一模/2026门头沟一模/试卷/试卷.pdf,e84e6bbdd89889788d65b9e10336673c02fbe30f450617204af1a41d5136b711,1288180,2026-04-23T17:05:27+08:00,exam_prompt_for_doc_order_70,ACTIVE,Slice 014: lines 341-356 confirm Q20 prompt and 海南自贸港 material mechanisms for doc_order 70.; Slice 017: reused for doc_order 82; lines 341-356 confirm 海南自贸港 prompt and China/world significance wording.; Slice 020: reused/registered as source evidence for doc_order 96-100 where applicable; extract: /Users/wanglifei/Desktop/北京高考政治/reports/选必一宝典_桌面原文件逐字逐题复核_20260617_151852/05_source_backcheck/slice_020/SRC_EXAM_2026_MENTOUGOU_YIMO_Q20.txt; Slice 026: source evidence for doc_order 129; exam lines 341-356 confirm material facts and prompt.; Slice 031: exam lines 341-356 confirm Q20 prompt and two-sided China/world wording for doc_order 151.; Slice 032: exam lines 341-356 confirm 2026门头沟一模Q20 prompt and world-facing market-opening material for doc_order 157.; Slice 034: exam lines 341-356 confirm Q20 China+world prompt and material for doc_order 166; supports NEEDS_FIX on domestic-only trigger narrowing.; Slice 035: exam lines 341-356 confirm Q20 two-sided prompt and material for doc_order 171 two-market branch.; Slice 038: exam lines 341-356 confirm Q20 China+world two-sided prompt and material mechanisms for doc_order 186.
SRC_RUBRIC_2026_DONGCHENG_YIMO_Q19_3,/Users/wanglifei/Desktop/2026模拟题/2026各区一模/2026东城一模/细则/分题细则/东城一模评标细则（勿传）/19（3）.pptx,aa63045ae37602583ef2bf7afc1560f16cef636850303c9db9d8b92e35a7c4f6,6794799,2026-04-23T17:01:09+08:00,formal_rubric_for_doc_order_72,ACTIVE,Slice 015: lines 16-28 confirm 4+3+1 high-level-opening/industrial-chain-resilience structure for doc_order 72.; Slice 028: rubric lines 16-28 confirm 4+3+1 high-level-opening/industrial-chain-resilience structure for doc_order 139.; Slice 030: rubric lines 16-28 confirm 4+3+1 high-level-opening/resilience/coordination structure for doc_order 149.; Slice 031: rubric lines 16-28 confirm 4+3+1 frame and open/resilience/coordination scoring for doc_order 154.
SRC_EXAM_2026_DONGCHENG_YIMO_Q19_3,/Users/wanglifei/Desktop/2026模拟题/2026各区一模/2026东城一模/试卷/试卷.pdf,0dafc181e82eb031dae6bc668d9e0f91cb614dfbc09cb48711d5c97a93b7a195,945774,2026-04-23T17:00:39+08:00,exam_prompt_for_doc_order_72,ACTIVE,"Slice 015: lines 218-227 and 305-308 confirm material, prompt and teacher-answer summary for doc_order 72.; Slice 028: exam/reference lines 218-227 and 305-308 confirm Q19(3) material, prompt and reference-answer summary for doc_order 139.; Slice 030: exam/reference lines 218-227 and 305-308 confirm industrial-chain-resilience prompt, material and reference answer for doc_order 149.; Slice 031: exam/reference lines 218-227 and 305-308 confirm material, prompt and answer for doc_order 154."
SRC_RUBRIC_2024_HAIDIAN_YIMO_Q18_1,/Users/wanglifei/Desktop/2024模拟题/2024海淀一模/细则/细则.docx,b692254ceb1b81747ef1b03d5e5f42daeb261dab7b8951bcbb992980e56ad378,67046,2026-04-23T17:11:39+08:00,formal_rubric_for_doc_order_75,ACTIVE,"Slice 015: lines 55-66 confirm three answer requirements and substitute terms for doc_order 75.; Slice 017: reused for doc_order 81; lines 55-66 confirm trade/investment facilitation, factor flow/two markets/resources, and high-level opening.; Slice 024: reused for doc_order 117; lines 55-66 confirm scoring layers.; Slice 029: rubric lines 55-66 confirm three answer layers and substitute values for doc_order 145.; Slice 031: rubric lines 55-66 confirm trade/investment, factor-flow/two-markets and high-level-opening layers for doc_order 152.; Slice 034: rubric lines 55-66 confirm trade/investment, factor-flow/two-resources and high-level-opening layers for doc_order 170.; Slice 038: rubric lines 55-66 confirm trade/investment, factor-flow/two-markets and high-level-opening layers for doc_order 188."
SRC_EXAM_2024_HAIDIAN_YIMO_Q18_1,/Users/wanglifei/Desktop/2024模拟题/2024海淀一模/试卷/试卷.pdf,4bc0edec2a08a90ef83b813fd06a431d5ee7a1fc68cf77bd65b2c98d553d2eaa,658903,2026-04-23T17:11:42+08:00,exam_prompt_for_doc_order_75,ACTIVE,Slice 015: lines 252-262 confirm visa-facilitation material and prompt for doc_order 75.; Slice 017: reused for doc_order 81; lines 251-262 confirm visa-facilitation material and prompt.; Slice 024: reused for doc_order 117; lines 251-262 confirm prompt/material.; Slice 029: exam lines 251-262 confirm visa-facilitation material and Q18(1) prompt for doc_order 145.; Slice 031: exam lines 251-262 confirm Q18(1) prompt and visa-facilitation material for doc_order 152.; Slice 034: exam lines 251-262 confirm Q18(1) visa-facilitation prompt and material for doc_order 170.; Slice 038: exam lines 251-262 confirm visa-facilitation material and Q18(1) prompt for doc_order 188.
SRC_RUBRIC_2025_XICHENG_ERMO_Q19_2,/Users/wanglifei/Desktop/2025模拟题/2025各区二模/2025西城二模/细则/细则.docx,cfb0f19ef38aafd7b6376a003734f11398ff25ed6be60e6a22ffc145d4aad78e,43967,2026-04-23T17:07:02+08:00,formal_rubric_for_doc_order_77,ACTIVE,Slice 016: lines 61-70 confirm 3-point China-responsibility layer and 2-point world-significance layer for doc_order 77.; Slice 018: reused for doc_order 86; lines 61-71 confirm 3+2 scoring and trade-freedom world-significance option.; Slice 027: rubric lines 61-71 confirm 中国担当3分 plus 世界意义2分 optional-point structure for doc_order 132.; Slice 028: rubric lines 61-71 confirm 中国担当3分 plus 世界意义2分 optional-point structure for doc_order 136.
SRC_EXAM_2025_XICHENG_ERMO_Q19_2,/Users/wanglifei/Desktop/2025模拟题/2025各区二模/2025西城二模/试卷/试卷.pdf,06c08602a2f5c20b87d80e19d16f44954ffac7f4c0442ae03fcb35d5153064f3,971063,2026-04-23T17:07:08+08:00,exam_prompt_for_doc_order_77,ACTIVE,"Slice 016: lines 221-225 confirm zero-tariff material/prompt and lines 303-306 confirm teacher-answer summary for doc_order 77.; Slice 018: reused for doc_order 86; lines 221-224 confirm prompt and 303-306 confirm teacher-answer summary.; Slice 027: exam/reference lines 221-224 and 303-306 confirm Q19(2) prompt, material and answer for doc_order 132.; Slice 028: exam/reference lines 221-224 and 303-306 confirm Q19(2) prompt, material and answer for doc_order 136."
SRC_RUBRIC_2025_FENGTAI_YIMO_Q20,/Users/wanglifei/Desktop/2025模拟题/2025各区一模/2025丰台一模/细则/细则.docx,c143f0d3215c3417f3d92a9257422f5507ed541c417298f7d25b9e92986b4390,28150,2026-04-23T17:05:43+08:00,formal_rubric_for_doc_order_79,ACTIVE,"Slice 016: lines 13-14 confirm Beijing Two Zones 4+4 rubric and no-credit boundary for doc_order 79.; Slice 029: rubric lines 13-14 confirm 便利贸易投资4分, 助力科技创新4分, macro fallback and no-credit boundaries for doc_order 143.; Slice 031: rubric lines 13-14 confirm trade/investment, technology-innovation, fallback, copy-material and no-credit boundaries for doc_order 155.; Slice 037: reused for doc_order 185; trimmed rubric lines 13-14 confirm main 4+4 scoring, macro fallback 1-3, copy-material cap, and no-credit boundaries."
SRC_EXAM_2025_FENGTAI_YIMO_Q20,/Users/wanglifei/Desktop/2025模拟题/2025各区一模/2025丰台一模/试卷/试卷.pdf,e8823e6dc1a71cac6fefaa93e8ec2ab6e91459e0ff590a0d5b6c253428f790be,820699,2026-04-23T17:05:45+08:00,exam_prompt_for_doc_order_79,ACTIVE,"Slice 016: lines 206-220 confirm Beijing Two Zones material/prompt and lines 287-289 teacher-answer summary for doc_order 79.; Slice 029: exam lines 206-220 and teacher-answer lines 287-289 confirm Q20 两区 material/prompt and answer summary for doc_order 143.; Slice 031: exam/reference lines 206-220 and 287-289 confirm two-zone mixed-module prompt and reference answer for doc_order 155.; Slice 037: reused for doc_order 185; trimmed excerpt lines 206-220,287-289 confirms material/prompt/reference answer after attempt1 overlarge source prompt was preserved."
SRC_RUBRIC_2026_FANGSHAN_YIMO_Q19,/Users/wanglifei/Desktop/2026模拟题/2026各区一模/2026房山一模/细则/细则.docx,0ca482adfc64b0d7023d9f1012005aa3ebd02abee75eb9451c97ad8d281c0d96,45608,2026-04-23T16:59:55+08:00,formal_rubric_for_doc_order_80,ACTIVE,Slice 016: lines 59-64 confirm four 2-point layers for doc_order 80.; Slice 026: formal rubric lines 58-64 confirm 8分 international-circulation scoring layers.; Slice 032: rubric lines 58-64 confirm 8分 four-layer consumption/production/investment/China-solution frame for doc_order 156.; Slice 034: rubric lines 58-64 confirm four-layer Q19 frame and exact domestic-circulation/global-factors/two-markets wording for doc_order 169.; Slice 037: reused for doc_order 184; rubric lines 58-64 confirm four 2-point layers.
SRC_EXAM_2026_FANGSHAN_YIMO_Q19,/Users/wanglifei/Desktop/2026模拟题/2026各区一模/2026房山一模/试卷/试卷.pdf,e37482eff39f36180903a44c78d4f80464c817cd0ceeca5c35c51f5c4a7b5bf9,4378557,2026-04-23T17:00:20+08:00,exam_prompt_for_doc_order_80,ACTIVE,Slice 016: original PDF direct text extraction was blank; OCR auxiliary extract lines 300-342 confirm Q19 material/prompt for doc_order 80.; Slice 026: source evidence for doc_order 130; exam lines 300-342 confirm prompt and one-line/two-line口岸 distinction.; Slice 032: exam lines 300-342 confirm 2026房山一模Q19 prompt and 海南封关 material for doc_order 156.; Slice 034: exam lines 300-342 confirm Q19 海南封关 material and prompt for doc_order 169.; Slice 037: reused for doc_order 184; exam lines 300-342 confirm one-line/two-line口岸 distinction.
SRC_RUBRIC_2025_CHANGPING_ERMO_Q21,/Users/wanglifei/Desktop/2025模拟题/2025各区二模/2025昌平二模/细则/细则.pptx,af3875177855a6115e7e1ce0c5ff702139c737a7995b08fd56d1878f2dd208af,3287406,2026-04-23T17:07:30+08:00,formal_rubric_for_doc_order_83,ACTIVE,"Slice 017: lines 125-142 confirm three-part 8-point 稳外资 举措+意义 rubric for doc_order 83; text evidence from existing cache.; Slice 023: source evidence for doc_order 111-115 where applicable; extract: /Users/wanglifei/Desktop/北京高考政治/reports/选必一宝典_桌面原文件逐字逐题复核_20260617_151852/05_source_backcheck/slice_023/SRC_RUBRIC_2025_CHANGPING_ERMO_Q21.txt; Slice 025: reused for doc_order 125; lines 125-142 confirm formal rubric, cross-material scoring flexibility, and 4分 cap rule.; Slice 029: rubric lines 125-142 confirm 三项举措+意义 8分 structure and cross-material knowledge flexibility for doc_order 144.; Slice 035: rubric lines 125-142 confirm Q21 three-measure+meaning structure, two-market branch and cap rules for doc_order 173."
SRC_EXAM_2025_CHANGPING_ERMO_Q21,/Users/wanglifei/Desktop/2025模拟题/2025各区二模/2025昌平二模/试卷/试卷.pdf,6e5080fb116ab8fc4c0672da05e0a326e7f5b012c0f0a283d5f05a5155a7352d,826723,2026-04-23T17:07:13+08:00,exam_prompt_for_doc_order_83,ACTIVE,"Slice 017: lines 255-266 and 368-374 confirm 2025昌平二模Q21 prompt, material and teacher answer for doc_order 83; text evidence from existing cache.; Slice 023: source evidence for doc_order 111-115 where applicable; extract: /Users/wanglifei/Desktop/北京高考政治/reports/选必一宝典_桌面原文件逐字逐题复核_20260617_151852/05_source_backcheck/slice_023/SRC_EXAM_2025_CHANGPING_ERMO_Q21.txt; Slice 025: reused for doc_order 125; lines 255-266 and 368-374 confirm prompt/material and teacher answer.; Slice 029: exam lines 255-266 and teacher-answer lines 368-374 confirm Q21 稳外资 prompt/material and answer summary for doc_order 144.; Slice 035: exam lines 255-266 and 368-374 confirm Q21 prompt/material and teacher-answer context for doc_order 173."
SRC_EXAM_2025_DONGCHENG_YIMO_Q20,/Users/wanglifei/Desktop/2025模拟题/2025各区一模/2025东城一模/试卷/试卷.pdf,46c444a91d491a4fc02f2497e24eb79f6639652c8b8f962b60a562f89c25a9d0,810417,2026-04-23T17:05:38+08:00,exam_prompt_for_doc_order_85,ACTIVE,Slice 017: lines 207-216 and 312-313 confirm 元首外交 Q20 prompt and answer-angle summary for doc_order 85; text evidence from existing cache.; Slice 022: source evidence for doc_order 106-110 where applicable; extract: /Users/wanglifei/Desktop/北京高考政治/reports/选必一宝典_桌面原文件逐字逐题复核_20260617_151852/05_source_backcheck/slice_022/SRC_EXAM_2025_DONGCHENG_YIMO_Q20.txt
SRC_EXAM_2026_SHIJINGSHAN_YIMO_Q20,/Users/wanglifei/Desktop/2026模拟题/2026各区一模/2026石景山一模/试卷/试卷.pdf,0d4a5cd29c2e69615b523f3c9a7d0170dcc7a1e3362e8e1e1f68ab6c2cd7a2de,701385,2026-04-23T17:04:14+08:00,exam_prompt_for_doc_order_88_cache_text,ACTIVE,Slice 018: lines 232-247 confirm 五个共同 prompt and lines 311-328 answer examples for doc_order 88.; Slice 024: reused for doc_order 119; lines 232-247 confirm exact 五个共同 wording.; Slice 027: exam/reference lines 232-247 and 311-328 confirm Q20 prompt/material/answer; line 244 exact fifth 五个共同 is 普惠包容发展 for doc_order 133.; Slice 028: exam/reference lines 232-247 and 311-328 confirm Q20 prompt/material/answer; line 244 exact fifth 五个共同 is 普惠包容发展 for doc_order 137.
SRC_EXAM_2025_XICHENG_YIMO_Q18,/Users/wanglifei/Desktop/2025模拟题/2025各区一模/2025西城一模/试卷/试卷.pdf,2542f29bb04e2ae014d6d61f553b812926c2a998785ce44cb815ef347d5deca5,847160,2026-04-23T17:06:19+08:00,exam_prompt_for_doc_order_89_cache_text,ACTIVE,"Slice 018: lines 221-234 confirm 《经济与社会》 两条鱼 prompt and 342-345 reference answer for doc_order 89.; Slice 030: exam/reference lines 221-234 and 342-345 confirm 2025西城一模Q18 prompt, 《经济与社会》 scope and reference market-layer language for doc_order 147.; Slice 036: exam lines 221-234 and 342-345 confirm 《经济与社会》 two-fish prompt/reference answer for doc_order 179.; Slice 037: reused for doc_order 183; exam lines 221-234,342-345 confirm actual prompt and answer cues."
SRC_RUBRIC_2025_XICHENG_YIMO_Q18,/Users/wanglifei/Desktop/2025模拟题/2025各区一模/2025西城一模/细则/细则.docx,af675a5d751f41db34d996ea71aeb9dfcb9ac0e86ef2acf40e2f7fd03ca99939,29503,2026-04-23T17:06:16+08:00,formal_rubric_for_doc_order_89_cache_text,ACTIVE,"Slice 018: lines 65-78 confirm 7-point rubric, trade-facilitation material-condition point, and no-credit warnings for doc_order 89.; Slice 030: rubric lines 65-78 confirm 7分 three-layer structure, market-layer open-quality point and no-credit boundaries for doc_order 147.; Slice 036: rubric lines 65-78 confirm 7分 three-layer structure and market-layer two-market/resources point for doc_order 179.; Slice 037: reused for doc_order 183; rubric lines 65-78 confirm 7分 three-layer structure and market/double-cycle cues."
SRC_EXAM_2024_FENGTAI_YIMO_Q20,/Users/wanglifei/Desktop/2024模拟题/丰台一模/试卷/补充材料/2024北京丰台高三一模政治试题及答案.pdf,5f5486bfc3baab2bc1a8e43b06b8aac6377e1402d4402e5d0bb90ad292755521,458340,2026-04-23T17:09:55+08:00,exam_prompt_and_answer_for_doc_order_90_cache_text,ACTIVE,"Slice 018: lines 242-253 confirm supply-chain prompt and 369-373 reference answer for doc_order 90.; Slice 037: reused for doc_order 181; exam lines 242-253,370-373 confirm supply-chain prompt and infrastructure/resource-allocation answer branch."
SRC_RUBRIC_2024_FENGTAI_YIMO_Q20,/Users/wanglifei/Desktop/2024模拟题/丰台一模/细则/细则.docx,950d6b2d3cdda441625d9b2a0c2329d7ae34212d804c3fe005a66b23fb369a49,24557,2026-04-23T17:09:49+08:00,formal_rubric_for_doc_order_90_cache_text,ACTIVE,Slice 018: lines 110-116 confirm formal rubric and level rule for doc_order 90.; Slice 037: reused for doc_order 181; rubric lines 110-116 confirm 7分 knowledge+material level rule.
SRC_EXAM_2025_CHAOYANG_YIMO_Q20,/Users/wanglifei/Desktop/2025模拟题/2025各区一模/2025朝阳一模/试卷/试卷.pdf,e051761a7fc68fef22be094a9ea823b1ed1e2b56fc4b9cfd6a382f7c7c00011b,631028,2026-04-23T17:05:53+08:00,exam_prompt_for_doc_order_91,ACTIVE,Slice 019: source evidence for doc_order 91-95; extracted text: /Users/wanglifei/Desktop/北京高考政治/reports/选必一宝典_桌面原文件逐字逐题复核_20260617_151852/05_source_backcheck/slice_019/SRC_EXAM_2025_CHAOYANG_YIMO_Q20.txt; source text cache: /Users/wanglifei/Desktop/北京高考政治/选必二重做_2026-04-30/claudecode_lane_B_full_rerun_2026-05-04/source_inventory/extracted/2025/2025朝阳一模/2025各区一模__2025朝阳一模__试卷__试卷.pdf.txt; Slice 021: source evidence for doc_order 101-105 where applicable; extract: /Users/wanglifei/Desktop/北京高考政治/reports/选必一宝典_桌面原文件逐字逐题复核_20260617_151852/05_source_backcheck/slice_021/SRC_EXAM_2025_CHAOYANG_YIMO_Q20.txt
SRC_RUBRIC_2025_CHAOYANG_YIMO_Q20,/Users/wanglifei/Desktop/2025模拟题/2025各区一模/2025朝阳一模/细则/细则.pdf,f5f683a900508fd228d6591418f9ef75d8a95ae09cf1b16d3b0427017234468b,731224,2026-04-23T17:05:57+08:00,formal_rubric_for_doc_order_91,ACTIVE,Slice 019: source evidence for doc_order 91-95; extracted text: /Users/wanglifei/Desktop/北京高考政治/reports/选必一宝典_桌面原文件逐字逐题复核_20260617_151852/05_source_backcheck/slice_019/SRC_RUBRIC_2025_CHAOYANG_YIMO_Q20.txt; source text cache: /Users/wanglifei/Desktop/北京高考政治/选必二重做_2026-04-30/claudecode_lane_B_full_rerun_2026-05-04/source_inventory/extracted/2025/2025朝阳一模/2025各区一模__2025朝阳一模__细则__细则.pdf.txt; Slice 021: source evidence for doc_order 101-105 where applicable; extract: /Users/wanglifei/Desktop/北京高考政治/reports/选必一宝典_桌面原文件逐字逐题复核_20260617_151852/05_source_backcheck/slice_021/SRC_RUBRIC_2025_CHAOYANG_YIMO_Q20.txt
SRC_EXAM_2025_HAIDIAN_YIMO_Q21_2,/Users/wanglifei/Desktop/2025模拟题/2025各区一模/2025海淀一模/试卷/试卷.pdf,7ebce670784d805ee092db689d2bca675ca5ef4f7394a3229530a1423341fbd9,692410,2026-04-23T17:06:13+08:00,exam_prompt_for_doc_order_93,ACTIVE,Slice 019: source evidence for doc_order 91-95; extracted text: /Users/wanglifei/Desktop/北京高考政治/reports/选必一宝典_桌面原文件逐字逐题复核_20260617_151852/05_source_backcheck/slice_019/SRC_EXAM_2025_HAIDIAN_YIMO_Q21_2.txt; source text cache: /Users/wanglifei/Desktop/北京高考政治/选必二重做_2026-04-30/claudecode_lane_B_full_rerun_2026-05-04/source_inventory/extracted/2025/2025海淀一模/2025各区一模__2025海淀一模__试卷__试卷.pdf.txt
SRC_RUBRIC_2025_HAIDIAN_YIMO_Q21_2,/Users/wanglifei/Desktop/2025模拟题/2025各区一模/2025海淀一模/试卷/补充材料/EDU_1500334100000021014_61af1789-0742-472d-86cd-e6cb420b0ecb.pdf,be30611f2f07a1374caa94169907a379ab23b6d6ef390647ca58b64e577b833a,1672781,2026-04-23T17:06:19+08:00,formal_scoring_standard_for_doc_order_93,ACTIVE,Slice 019: source evidence for doc_order 91-95; extracted text: /Users/wanglifei/Desktop/北京高考政治/reports/选必一宝典_桌面原文件逐字逐题复核_20260617_151852/05_source_backcheck/slice_019/SRC_RUBRIC_2025_HAIDIAN_YIMO_Q21_2.txt; source text cache: /Users/wanglifei/Desktop/北京高考政治/claude_zero_run/extracted/8cf8c31e07b0__EDU_1500334100000021014_61af1789-0742-472d-86cd-e6cb420b0ecb.txt
SRC_EXAM_2026_DONGCHENG_ERMO_Q20_3,/Users/wanglifei/Desktop/2026模拟题/2026各区二模/2026东城二模/试卷/2026北京东城高三二模政治（教师版）.docx,c751cfa77650b9c3456aa333252513108d352756ad8426974305963145e62647,1008214,2026-05-18T21:19:56+08:00,exam_prompt_and_teacher_answer_for_doc_order_94,ACTIVE,"Slice 019: source evidence for doc_order 91-95; extracted text: /Users/wanglifei/Desktop/北京高考政治/reports/选必一宝典_桌面原文件逐字逐题复核_20260617_151852/05_source_backcheck/slice_019/SRC_EXAM_2026_DONGCHENG_ERMO_Q20_3.txt; source text cache: /Users/wanglifei/Desktop/北京高考政治/新题增补_哲学_选必一_2026-05-18/01_source_packets/texts/2026东城二模__试卷__2026北京东城高三二模政治（教师版）.txt; Slice 033: reused for doc_order 162; lines 119-127 and 151-154 confirm material-three prompt, teacher answer and 3+3+1 context."
SRC_RUBRIC_2026_DONGCHENG_ERMO_Q20_3,/Users/wanglifei/Desktop/2026模拟题/2026各区二模/2026东城二模/细则/26年东城二模20（3）.pdf,34f69bdaf40f8c5372ccd2cad7a68574f2e3395463492739cf3518a69817d87e,650708,2026-05-18T21:19:40+08:00,formal_rubric_for_doc_order_94,ACTIVE,Slice 019: source evidence for doc_order 91-95; extracted text: /Users/wanglifei/Desktop/北京高考政治/reports/选必一宝典_桌面原文件逐字逐题复核_20260617_151852/05_source_backcheck/slice_019/SRC_RUBRIC_2026_DONGCHENG_ERMO_Q20_3.txt; source text cache: /Users/wanglifei/Desktop/北京高考政治/新题增补_哲学_选必一_2026-05-18/01_source_packets/texts/2026东城二模__细则__26年东城二模20（3）.txt; Slice 033: reused for doc_order 162; lines 16-39 confirm 3+3+1 rubric and制度型开放 layer.
SRC_EXAM_2026_FENGTAI_ERMO_Q20,/Users/wanglifei/Desktop/2026模拟题/2026各区二模/2026丰台二模/试卷/2026北京丰台高三二模政治（教师版）.pdf,f7b3a73c9296b17889cada79c5a5256bda639d2bec8a2f0091d21a15541253b0,1856697,2026-05-18T21:19:44+08:00,exam_prompt_and_teacher_answer_for_doc_order_95,ACTIVE,Slice 019: source evidence for doc_order 91-95; extracted text: /Users/wanglifei/Desktop/北京高考政治/reports/选必一宝典_桌面原文件逐字逐题复核_20260617_151852/05_source_backcheck/slice_019/SRC_EXAM_2026_FENGTAI_ERMO_Q20.txt; source text cache: /Users/wanglifei/Desktop/北京高考政治/reports/必修二三与必修四文化_题源分类准备_20260617_1301/02_text_cache/ocr_absorbed/2026_丰台_二模.txt; Slice 022: source evidence for doc_order 106-110 where applicable; extract: /Users/wanglifei/Desktop/北京高考政治/reports/选必一宝典_桌面原文件逐字逐题复核_20260617_151852/05_source_backcheck/slice_022/SRC_EXAM_2026_FENGTAI_ERMO_Q20.txt; Slice 025: reused for doc_order 121; lines 343-362 and 487-492 support prompt/material and teacher-answer five-direction globalization point.; Slice 033: reused for doc_order 163; lines 343-362 and 487-492 support teacher-answer high-level-opening/free-trade-platform direction but not formal fixed rubric.
SRC_RUBRIC_2026_FENGTAI_ERMO_Q20_PPTX_MISMATCH,/Users/wanglifei/Desktop/2026模拟题/2026各区二模/2026丰台二模/细则/2026丰台区二模主观题阅卷细则(1).pptx,10275a1dafa3a824edbd50b523b8ef31dca9b7d6c2f34964b4740f4f45cbf044,15327627,2026-05-18T21:22:20+08:00,rubric_mismatch_absence_evidence_for_doc_order_95,ACTIVE,"Slice 019: source evidence for doc_order 91-95; extracted text: /Users/wanglifei/Desktop/北京高考政治/reports/选必一宝典_桌面原文件逐字逐题复核_20260617_151852/05_source_backcheck/slice_019/SRC_RUBRIC_2026_FENGTAI_ERMO_Q20_PPTX_MISMATCH.txt; source text cache: /Users/wanglifei/Desktop/北京高考政治/新题增补_哲学_选必一_2026-05-18/01_source_packets/texts/2026丰台二模__细则__2026丰台区二模主观题阅卷细则(1).txt; Slice 022: source evidence for doc_order 106-110 where applicable; extract: /Users/wanglifei/Desktop/北京高考政治/reports/选必一宝典_桌面原文件逐字逐题复核_20260617_151852/05_source_backcheck/slice_022/SRC_RUBRIC_2026_FENGTAI_ERMO_Q20_PPTX_MISMATCH.txt; Slice 025: reused for doc_order 121; lines 1-6 and 64-75 confirm mismatch/absence evidence, not scoring support.; Slice 033: reused for doc_order 163 as mismatch/absence evidence; matching formal self-trade-zone Q20 rubric still not located, so细则/制度型开放 remain source-limited."
SRC_EXAM_2024_DONGCHENG_YIMO_Q20,/Users/wanglifei/Desktop/2024模拟题/2024东城一模/试卷/试卷.pdf,74cdfac9253763bf12c9443d036ebbeab12693ba7015a2f335d19ccfcab6d96b,12078779,2026-04-23T17:12:41+08:00,exam_prompt_for_doc_order_100_vision_ocr_from_original_pdf,ACTIVE,Slice 020: source evidence for doc_order 96-100; extracted text: /Users/wanglifei/Desktop/北京高考政治/reports/选必一宝典_桌面原文件逐字逐题复核_20260617_151852/05_source_backcheck/slice_020/SRC_EXAM_2024_DONGCHENG_YIMO_Q20.txt; source text cache: /Users/wanglifei/Desktop/北京高考政治/reports/必修二三与必修四文化_题源分类准备_20260617_1301/02_text_cache/ocr_absorbed/2024_东城_一模.txt; Slice 032: exam lines 1-15 confirm 2024东城一模Q20 broad economic-knowledge prompt and internal/external cycle material for doc_order 160.; Slice 035: exam lines 336-346 confirm 2024东城一模Q20 broad economic prompt and external-cycle material for doc_order 175.
SRC_RUBRIC_2024_DONGCHENG_YIMO_Q20,/Users/wanglifei/Desktop/2024模拟题/2024东城一模/细则/细则.pptx,4b2073bcc9e26f626b49b66dd6e0c64ec93650292d50719806830d7aea9fa3ce,18611296,2026-04-23T17:12:54+08:00,formal_rubric_for_doc_order_100_from_pptx_text,ACTIVE,"Slice 020: source evidence for doc_order 96-100; extracted text: /Users/wanglifei/Desktop/北京高考政治/reports/选必一宝典_桌面原文件逐字逐题复核_20260617_151852/05_source_backcheck/slice_020/SRC_RUBRIC_2024_DONGCHENG_YIMO_Q20.txt; source text cache: /Users/wanglifei/Desktop/北京高考政治/选必三逻辑与思维双线四线终极跑_2026-05-04/02_extraction/priority_source_texts/030_Users_wanglifei_Desktop_2024模拟题_2024东城一模_细则_细则.pptx.txt; Slice 032: rubric lines 1-7 confirm 4-points-choose-3, 3+3+2 measure-path-effect scoring for doc_order 160.; Slice 035: rubric lines 360-366 confirm point 4 market-access/two-market branch and 4-choose-3 scoring for doc_order 175."
SRC_EXAM_2025_HAIDIAN_QIZHONG_Q16_2,/Users/wanglifei/Desktop/2025模拟题/2025各区期末/2025海淀期中/试卷/试卷.pdf,b452d8b4e21b94beafb2a30a187501771e1c2df3f00495b7b613f90ecc409012,773864,2026-04-23T17:07:22+08:00,exam_prompt_for_doc_order_103_from_existing_text_cache,ACTIVE,Slice 021: source evidence for doc_order 101-105 where applicable; extract: /Users/wanglifei/Desktop/北京高考政治/reports/选必一宝典_桌面原文件逐字逐题复核_20260617_151852/05_source_backcheck/slice_021/SRC_EXAM_2025_HAIDIAN_QIZHONG_Q16_2.txt; Slice 036: exam source lines 184-191 confirm coffee-enterprise出海 material and prompt for doc_order 180.
SRC_RUBRIC_2025_HAIDIAN_QIZHONG_Q16_2,/Users/wanglifei/Desktop/2025模拟题/2025各区期末/2025海淀期中/细则/细则.docx,7bbd92bd3b93e5312173bf19e5608398a262811d7ccd866583a72a8ff2c9f999,1478316,2026-04-23T17:07:25+08:00,formal_rubric_for_doc_order_103_from_existing_text_cache,ACTIVE,"Slice 021: source evidence for doc_order 101-105 where applicable; extract: /Users/wanglifei/Desktop/北京高考政治/reports/选必一宝典_桌面原文件逐字逐题复核_20260617_151852/05_source_backcheck/slice_021/SRC_RUBRIC_2025_HAIDIAN_QIZHONG_Q16_2.txt; Slice 036: rubric source line 6 confirms two-resources/two-markets, stable supply chain and lower-cost branch for doc_order 180."
SRC_EXAM_2024_SHIJINGSHAN_YIMO_Q19_2,/Users/wanglifei/Desktop/2024模拟题/石景山一模/试卷/试卷.docx,f581620be44a4c2cae69e737697ee15d754603627ddd385dd6be1c207c5e43f6,353125,2026-04-23T17:10:40+08:00,exam_prompt_for_doc_order_104_from_existing_text_cache,ACTIVE,Slice 021: source evidence for doc_order 101-105 where applicable; extract: /Users/wanglifei/Desktop/北京高考政治/reports/选必一宝典_桌面原文件逐字逐题复核_20260617_151852/05_source_backcheck/slice_021/SRC_EXAM_2024_SHIJINGSHAN_YIMO_Q19_2.txt; Slice 037: reused for doc_order 182; exam lines 161-164 confirm NEV/Hungary source and expose block 2141 copied coffee trigger.
SRC_RUBRIC_2024_SHIJINGSHAN_YIMO_Q19_2,/Users/wanglifei/Desktop/2024模拟题/石景山一模/细则/细则.pptx,935b8ea1e01b3ba5839af0dcf7680952bcfce7b3d5f389c487f2d4c2b5581e83,10536645,2026-04-23T17:13:19+08:00,rubric_answer_for_doc_order_104_from_pptx_text_cache,ACTIVE,Slice 021: source evidence for doc_order 101-105 where applicable; extract: /Users/wanglifei/Desktop/北京高考政治/reports/选必一宝典_桌面原文件逐字逐题复核_20260617_151852/05_source_backcheck/slice_021/SRC_RUBRIC_2024_SHIJINGSHAN_YIMO_Q19_2.txt; Slice 037: corrected PPTX excerpt lines 539-544 includes Slide 46 answer for doc_order 182; no full scoring breakdown.
SRC_EXAM_2025_SHUNYI_YIMO_Q20,/Users/wanglifei/Desktop/2025模拟题/2025各区一模/2025顺义一模/试卷/试卷.pdf,9dd43cae443f853c0799034210e45b3e1040c48facb2cdf3d42dbba195ee4b16,945155,2026-04-23T17:06:04+08:00,exam_prompt_and_reference_answer_for_doc_order_110_from_existing_text_cache_checked_against_desktop_original_path,ACTIVE,Slice 022: source evidence for doc_order 106-110 where applicable; extract: /Users/wanglifei/Desktop/北京高考政治/reports/选必一宝典_桌面原文件逐字逐题复核_20260617_151852/05_source_backcheck/slice_022/SRC_EXAM_2025_SHUNYI_YIMO_Q20.txt; Slice 029: prompt/reference/analysis lines 8-44 confirm Q20 小而美 material and answer-support evidence for doc_order 142.
SRC_RUBRIC_2025_SHUNYI_YIMO_Q20,/Users/wanglifei/Desktop/2025模拟题/2025各区一模/2025顺义一模/细则/细则.docx,bef8332e23ce30ac4e04eef21ff030c777eb4088111eb581c4b5257ae37a8fcc,2827816,2026-04-23T17:06:15+08:00,formal_rubric_for_doc_order_110_from_desktop_docx_textutil_extract,ACTIVE,Slice 022: source evidence for doc_order 106-110 where applicable; extract: /Users/wanglifei/Desktop/北京高考政治/reports/选必一宝典_桌面原文件逐字逐题复核_20260617_151852/05_source_backcheck/slice_022/SRC_RUBRIC_2025_SHUNYI_YIMO_Q20.txt; Slice 029: rubric lines 7-18 confirm four-layer 8分 structure and `发展开放型经济` as an optional China-meaning point for doc_order 142.
SRC_EXAM_2025_XICHENG_YIMO_Q21,/Users/wanglifei/Desktop/2025模拟题/2025各区一模/2025西城一模/试卷/试卷.pdf,2542f29bb04e2ae014d6d61f553b812926c2a998785ce44cb815ef347d5deca5,847160,2026-04-23T17:06:19+08:00,exam_prompt_and_reference_answer_for_doc_order_112_from_existing_cache_checked_against_desktop_original_path,ACTIVE,Slice 023: source evidence for doc_order 111-115 where applicable; extract: /Users/wanglifei/Desktop/北京高考政治/reports/选必一宝典_桌面原文件逐字逐题复核_20260617_151852/05_source_backcheck/slice_023/SRC_EXAM_2025_XICHENG_YIMO_Q21.txt
SRC_RUBRIC_2025_XICHENG_YIMO_Q21,/Users/wanglifei/Desktop/2025模拟题/2025各区一模/2025西城一模/细则/细则.docx,af675a5d751f41db34d996ea71aeb9dfcb9ac0e86ef2acf40e2f7fd03ca99939,29503,2026-04-23T17:06:16+08:00,formal_rubric_for_doc_order_112_from_existing_cache_checked_against_desktop_original_path,ACTIVE,Slice 023: source evidence for doc_order 111-115 where applicable; extract: /Users/wanglifei/Desktop/北京高考政治/reports/选必一宝典_桌面原文件逐字逐题复核_20260617_151852/05_source_backcheck/slice_023/SRC_RUBRIC_2025_XICHENG_YIMO_Q21.txt
SRC_EXAM_2026_SHUNYI_YIMO_Q20,/Users/wanglifei/Desktop/2026模拟题/2026各区一模/2026顺义一模/试卷/试卷.pdf,8d19592ca0679f21b03f2934dabb0ae46fae9c5b58dbb8e8b79607e35bd9fa06,2907362,2026-04-23T17:01:47+08:00,exam_prompt_for_doc_order_114_direct_from_desktop_pdf_pypdf,ACTIVE,Slice 023: source evidence for doc_order 111-115 where applicable; extract: /Users/wanglifei/Desktop/北京高考政治/reports/选必一宝典_桌面原文件逐字逐题复核_20260617_151852/05_source_backcheck/slice_023/SRC_EXAM_2026_SHUNYI_YIMO_Q20.txt
SRC_EXAM_2026_SHUNYI_ERMO_Q20,/Users/wanglifei/Desktop/2026模拟题/2026各区二模/2026顺义二模/试卷/26顺义二模(1).pdf,fb15943f37f694ac19837e8c5e75fb0272b38eae27ec5529bb037fa163c2a403,5780991,2026-05-18T21:19:22+08:00,exam_prompt_for_doc_order_116_from_desktop_original_path,ACTIVE,Slice 024: lines 350-362 confirm Q20 material/prompt for doc_order 116. Extract: /Users/wanglifei/Desktop/北京高考政治/reports/选必一宝典_桌面原文件逐字逐题复核_20260617_151852/05_source_backcheck/slice_024/SRC_EXAM_2026_SHUNYI_ERMO_Q20.txt; Slice 026: source evidence for doc_order 126; copied extract lines 350-362 confirm prompt/material facts.; Slice 033: reused for doc_order 165; lines 350-362 confirm prompt/material for “今天的中国，明天的世界”.
SRC_RUBRIC_2026_SHUNYI_ERMO_Q20,/Users/wanglifei/Desktop/2026模拟题/2026各区二模/2026顺义二模/细则/26顺义二模评标.doc,643322688930483cce2aebff33fca339c45d22d7a0f6b9f98970c353fe8ee961,60416,2026-05-18T21:32:19+08:00,formal_rubric_for_doc_order_116_from_desktop_original_path,ACTIVE,"Slice 024: lines 71-88 confirm rubric levels and answer example for doc_order 116. Extract: /Users/wanglifei/Desktop/北京高考政治/reports/选必一宝典_桌面原文件逐字逐题复核_20260617_151852/05_source_backcheck/slice_024/SRC_RUBRIC_2026_SHUNYI_ERMO_Q20.txt; Slice 026: formal rubric lines 71-88 confirm 8分 frame and economic angle line 87.; Slice 033: reused for doc_order 165; lines 71-88 confirm 8分 frame, political/economic branches, and互利共赢开放战略 in the economic branch."
SRC_EXAM_2025_MENTOUGOU_YIMO_Q19,/Users/wanglifei/Desktop/2025模拟题/2025各区一模/2025门头沟一模/试卷/试卷.pdf,1d8a23fe11f59810bcbe7bb7bfd3ecdd9ff89e3bfd5e422559ca6200e18cc009,754233,2026-04-23T17:06:07+08:00,exam_prompt_for_doc_order_120_from_desktop_original_path,ACTIVE,Slice 024: lines 218-245 and 274-276 confirm 赋能型大国 material and prompt for doc_order 120. Extract: /Users/wanglifei/Desktop/北京高考政治/reports/选必一宝典_桌面原文件逐字逐题复核_20260617_151852/05_source_backcheck/slice_024/SRC_EXAM_2025_MENTOUGOU_YIMO_Q19.txt; Slice 038: exam lines 218-245 and 274-276 confirm 赋能型大国 material and prompt for doc_order 190.
SRC_RUBRIC_2025_MENTOUGOU_YIMO_Q19,/Users/wanglifei/Desktop/2025模拟题/2025各区一模/2025门头沟一模/细则/细则.doc,26d9b228064053c19109fc9d3462d2e4cc561009b2d2229d4ec60055a2229973,29742,2026-04-23T17:06:05+08:00,formal_rubric_for_doc_order_120_from_desktop_original_path,ACTIVE,"Slice 024: lines 26-38 confirm four scoring angles and no-credit boundaries for doc_order 120. Extract: /Users/wanglifei/Desktop/北京高考政治/reports/选必一宝典_桌面原文件逐字逐题复核_20260617_151852/05_source_backcheck/slice_024/SRC_RUBRIC_2025_MENTOUGOU_YIMO_Q19.txt; Slice 038: rubric lines 26-38 confirm market-dividend angle, four 2-point layers and no-credit boundaries for doc_order 190."
SRC_EXAM_2025_SHIJINGSHAN_YIMO_Q17_2,/Users/wanglifei/Desktop/2025模拟题/2025各区一模/2025石景山一模/试卷/试卷.pdf,fb8717be46dabe77b9b92db5b9fac854bee5c11c7cac53704bcdd1abca2676f5,761460,2026-04-23T17:06:01+08:00,exam_prompt_and_reference_answer_for_doc_order_128_from_existing_text_cache,ACTIVE,"Slice 026: source evidence for doc_order 128; exam/reference lines 211-237 and 361-369 confirm prompt, material and answer text.; Slice 027: exam/reference lines 211-237 and 361-369 confirm Q17(2) prompt/material/answer for doc_order 135."
SRC_RUBRIC_2025_SHIJINGSHAN_YIMO_Q17_2,/Users/wanglifei/Desktop/2025模拟题/2025各区一模/2025石景山一模/细则/细则.doc,0b97375f2f69e53d9d17a16ce32d06d76fc069edba4884aae8d0750ec88e1288,47104,2026-04-23T17:05:58+08:00,formal_rubric_for_doc_order_128_from_existing_text_cache,ACTIVE,"Slice 026: formal rubric lines 28-43 confirm 17(2), four 2分 China-claim points and boundaries.; Slice 027: rubric lines 28-43 confirm four 2分 China-claim points and exact 普惠包容经济全球化 wording for doc_order 135."
SRC_EXAM_2024_CHAOYANG_YIMO_Q21,/Users/wanglifei/Desktop/2024模拟题/2024朝阳一模/试卷/试卷.pdf,25b655e73b7424e7aa7bb467e71553461c8133b8e7e161e6d9de575176b949cc,1324697,2026-04-23T17:11:37+08:00,exam_prompt_for_doc_order_131_fresh_extract,ACTIVE,Slice 027: exam lines 372-376 confirm 2024朝阳一模Q21 prompt and 9分 identity for doc_order 131.; Slice 030: exam lines 372-376 confirm 2024朝阳一模Q21 prompt and 9分 identity for doc_order 146.; Slice 036: exam lines 372-376 confirm 2024朝阳一模Q21 prompt and 9分 identity for doc_order 178.; Slice 038: exam lines 372-376 confirm 2024朝阳一模Q21 prompt and 9分 identity for doc_order 189.
SRC_RUBRIC_2024_CHAOYANG_YIMO_Q21_DOCX,/Users/wanglifei/Desktop/2024模拟题/2024朝阳一模/细则/补充材料/细则.docx,f6013d54b52c02dcf40a2ff1f845c124598281324f98545a577914b901e7688c,29215,2026-04-23T17:11:29+08:00,formal_answer_docx_for_doc_order_131_reused_from_slice005,ACTIVE,Slice 027: DOCX lines 88-99 confirm Q21 answer/rubric frame for doc_order 131.; Slice 030: DOCX lines 88-99 confirm Q21 answer/rubric frame for doc_order 146.; Slice 036: DOCX lines 88-99 confirm Q21 answer/rubric frame for doc_order 178.; Slice 038: DOCX lines 88-99 confirm Q21 answer/rubric frame for doc_order 189.
SRC_EXAM_2026_TONGZHOU_QIMO_Q20,/Users/wanglifei/Desktop/2026模拟题/2026各区期末和期中/2026通州期末/试卷/试卷.pdf,7f3083ea306ea1e92b3d368942a6bbd22124af6563a3bca0886f800b2b1af857,1136980,2026-04-23T17:02:40+08:00,exam_prompt_and_reference_answer_for_doc_order_134_from_existing_text_cache,ACTIVE,"Slice 027: exam/reference lines 209-222 and 303-309 confirm Q20 prompt, material and answer for doc_order 134."
SRC_RUBRIC_2026_TONGZHOU_QIMO_Q20_PPTX,/Users/wanglifei/Desktop/2026模拟题/2026各区期末和期中/2026通州期末/细则/细则.pptx,44537714bd68a7c15d4311b1317c0cc0c321158c93eae8092ae7f8db161b5317,845024,2026-04-23T17:02:31+08:00,formal_rubric_pptx_for_doc_order_134_from_existing_text_cache,ACTIVE,Slice 027: PPTX lines 125-145 confirm Q20 rubric; line 141 marks 时代主题/经济全球化/顺应愿望等 as broad 基本都给 point for doc_order 134.
SRC_EXAM_2026_CHAOYANG_QIMO_Q20_OCR,/Users/wanglifei/Desktop/2026模拟题/2026各区期末和期中/2026朝阳期末/试卷/试卷.pdf,e1a49527cb4c175f3de69c5cb429216b35938f336f1417fd9df9d955c3e98399,11974231,2026-04-23T17:03:39+08:00,exam_prompt_and_material_for_doc_order_138_from_existing_ocr_cache,ACTIVE,Slice 028: OCR lines 273-286 confirm Q20 material and 8分 prompt for doc_order 138. Extract: /Users/wanglifei/Desktop/北京高考政治/reports/选必一宝典_桌面原文件逐字逐题复核_20260617_151852/05_source_backcheck/slice_028/SRC_EXAM_2026_CHAOYANG_QIMO_Q20_OCR.txt.
SRC_RUBRIC_2026_CHAOYANG_QIMO_Q20_VISUAL,/Users/wanglifei/Desktop/2026模拟题/2026各区期末和期中/2026朝阳期末/细则/细则.pdf,487b2d15b3a3ac2b14567989edfb4195dd3f776437ec0853a7bd39a5a700859a,1423094,2026-04-23T17:03:00+08:00,formal_rubric_visual_for_doc_order_138_reused_from_slice014,ACTIVE,Slice 028: visual rubric lines 4-16 confirm four-angle Q20 scoring frame for doc_order 138. Extract: /Users/wanglifei/Desktop/北京高考政治/reports/选必一宝典_桌面原文件逐字逐题复核_20260617_151852/05_source_backcheck/slice_028/SRC_RUBRIC_2026_CHAOYANG_QIMO_Q20_VISUAL.txt.
SRC_RUBRIC_2026_CHAOYANG_QIMO_Q20_CACHE_FROM_SAME_SOURCE,/Users/wanglifei/Desktop/2026模拟题/2026各区期末和期中/2026朝阳期末/细则/细则.pdf,487b2d15b3a3ac2b14567989edfb4195dd3f776437ec0853a7bd39a5a700859a,1423094,2026-04-23T17:03:00+08:00,formal_rubric_ocr_cache_for_doc_order_138_reused_from_slice014,ACTIVE,Slice 028: OCR cache lines 119-134 confirm same formal 朝阳期末Q20 rubric source for doc_order 138. Extract: /Users/wanglifei/Desktop/北京高考政治/reports/选必一宝典_桌面原文件逐字逐题复核_20260617_151852/05_source_backcheck/slice_028/SRC_RUBRIC_2026_CHAOYANG_QIMO_Q20_CACHE_FROM_SAME_SOURCE.txt.
SRC_EXAM_2026_XICHENG_ERMO_Q19_2,/Users/wanglifei/Desktop/2026模拟题/2026各区二模/2026西城二模/试卷/2026北京西城高三二模政治（教师版）.docx,21ae4c2f7aee5465aaab52ff719c252f035ce39bbf34927bcacb1d15e0e695d5,317572,2026-05-18T21:19:32+08:00,exam_prompt_and_reference_answer_for_doc_order_140_from_existing_text_cache,ACTIVE,Slice 028: teacher-version text lines 138-143 and 165-176 confirm Q19(2) data-governance prompt/reference answer for doc_order 140. Extract: /Users/wanglifei/Desktop/北京高考政治/reports/选必一宝典_桌面原文件逐字逐题复核_20260617_151852/05_source_backcheck/slice_028/SRC_EXAM_2026_XICHENG_ERMO_Q19_2.txt.
SRC_RUBRIC_2026_XICHENG_ERMO_Q19_2_OCR,/Users/wanglifei/Desktop/2026模拟题/2026各区二模/2026西城二模/细则/西城二模评标.pdf,f414cf7940ad820265da0a6b31d1a822b0fbe5f21a89bfea71b42be598f32cdc,5841277,2026-05-18T21:20:02+08:00,formal_rubric_ocr_for_doc_order_140_from_desktop_pdf,ACTIVE,Slice 028: RapidOCR lines 211-220 confirm formal 4分/two-suggestions scoring frame for doc_order 140. Extract: /Users/wanglifei/Desktop/北京高考政治/reports/选必一宝典_桌面原文件逐字逐题复核_20260617_151852/05_source_backcheck/slice_028/SRC_RUBRIC_2026_XICHENG_ERMO_Q19_2_OCR.txt.
SRC_EXAM_2026_TONGZHOU_QIMO_Q21,/Users/wanglifei/Desktop/2026模拟题/2026各区期末和期中/2026通州期末/试卷/试卷.pdf,7f3083ea306ea1e92b3d368942a6bbd22124af6563a3bca0886f800b2b1af857,1136980,2026-04-23T17:02:40+08:00,exam_prompt_for_doc_order_158_from_desktop_pdf_text_cache,ACTIVE,Registered in slice 032 for doc_order 158; text cache copied into 05_source_backcheck/slice_032.; Slice 032: exam lines 283-302 confirm 2026通州期末Q21 comprehensive China-modernization prompt and open-platform material for doc_order 158.
SRC_RUBRIC_2026_TONGZHOU_QIMO_Q21,/Users/wanglifei/Desktop/2026模拟题/2026各区期末和期中/2026通州期末/细则/细则.pptx,44537714bd68a7c15d4311b1317c0cc0c321158c93eae8092ae7f8db161b5317,845024,2026-04-23T17:02:31+08:00,formal_rubric_for_doc_order_158_from_desktop_pptx_text_cache,ACTIVE,Registered in slice 032 for doc_order 158; text cache copied into 05_source_backcheck/slice_032.; Slice 032: rubric lines 159-186 confirm 9分 multi-angle comprehensive scoring and high-level-opening/self-reliance angle separation for doc_order 158.
SRC_EXAM_2026_HAIDIAN_YIMO_Q20,/Users/wanglifei/Desktop/2026模拟题/2026各区一模/2026海淀一模/试卷/试卷.pdf,03e0412bb80579d817c36d81a80cbe3caaf6ba114b5ff7272a9ec5582696b547,1739453,2026-04-23T17:00:36+08:00,exam_prompt_for_doc_order_161_from_desktop_original_path,ACTIVE,Registered in slice 033 for doc_order 161; text cache copied into 05_source_backcheck/slice_033.; Slice 033: exam lines 339-355 confirm 2026海淀一模Q20 international-standards prompt and exact question.; Slice 035: exam lines 339-355 confirm Q20 standard-as-common-language material and prompt for doc_order 172 two-market branch.
SRC_RUBRIC_2026_HAIDIAN_YIMO_Q20,/Users/wanglifei/Desktop/2026模拟题/2026各区一模/2026海淀一模/细则/细则.pdf,9b5ac8fd0cfe59cb5dd47ea200078c3342a8cfc212be1cbe8a8f13044a540111,2405986,2026-04-23T17:00:15+08:00,formal_rubric_for_doc_order_161_from_desktop_original_path,ACTIVE,"Registered in slice 033 for doc_order 161; text cache copied into 05_source_backcheck/slice_033.; Slice 033: rubric lines 85-89 confirm opening/two-markets, standards/innovation, and governance/rules branches.; Slice 035: rubric lines 85-89 confirm Q20 two-market branch plus standards/governance branches for doc_order 172."
SRC_EXAM_2026_MENTOUGOU_YIMO_Q21,/Users/wanglifei/Desktop/2026模拟题/2026各区一模/2026门头沟一模/试卷/试卷.pdf,e84e6bbdd89889788d65b9e10336673c02fbe30f450617204af1a41d5136b711,1288180,2026-04-23T17:05:27+08:00,exam_prompt_for_doc_order_164_from_desktop_original_path,ACTIVE,Registered in slice 033 for doc_order 164; text cache copied into 05_source_backcheck/slice_033.; Slice 033: exam lines 357-371 confirm 2026门头沟一模Q21 comprehensive prompt and material-three world-economy facts.
SRC_RUBRIC_2026_MENTOUGOU_YIMO_Q21,/Users/wanglifei/Desktop/2026模拟题/2026各区一模/2026门头沟一模/细则/细则.docx,89313bd871502cf49c53f220152183ae2ba55a2dd906afe5e8553f1a91d1f155,23845,2026-04-23T17:04:40+08:00,formal_rubric_for_doc_order_164_from_desktop_original_path,ACTIVE,"Registered in slice 033 for doc_order 164; text cache copied into 05_source_backcheck/slice_033.; Slice 033: rubric lines 133-149 confirm 10分综合题, materials one/two/three split, and material-three 国政经 branch."
SRC_EXAM_2025_XICHENG_QIMO_Q20_2,/Users/wanglifei/Desktop/2025模拟题/2025各区期末/2025西城期末/试卷/试卷.pdf,6662da1c2772cc380bf8a297d9a8a6e179867e78344a4263fc97eb1c3b609f9d,998833,2026-04-23T17:07:33+08:00,exam_prompt_and_reference_answer_for_doc_order_195,ACTIVE,Slice 039: source excerpt created at /Users/wanglifei/Desktop/北京高考政治/reports/选必一宝典_桌面原文件逐字逐题复核_20260617_151852/05_source_backcheck/slice_039/SRC_EXAM_2025_XICHENG_QIMO_Q20_2.txt; prompt lines 307-317 and reference answer lines 413-418 verify 2025西城期末Q20(2). Do not confuse with 2026西城期末Q20.
SRC_RUBRIC_2025_XICHENG_QIMO_Q20_2,/Users/wanglifei/Desktop/2025模拟题/2025各区期末/2025西城期末/细则/细则.pdf,89d264a31e348be6b411fcef6c8c5dd3979dc666dfc1f2c95c244cebdae6d0cd,503340,2026-04-23T17:07:28+08:00,formal_rubric_for_doc_order_195,ACTIVE,Slice 039: source excerpt created at /Users/wanglifei/Desktop/北京高考政治/reports/选必一宝典_桌面原文件逐字逐题复核_20260617_151852/05_source_backcheck/slice_039/SRC_RUBRIC_2025_XICHENG_QIMO_Q20_2.txt; rubric lines 167-190 verify 3-of-4 scoring angles for 2025西城期末Q20(2). Do not confuse with 2026西城期末Q20.
