suite_id,year,district,stage,parent_question,subquestion,part_no,source_type,source_path,book_module,status,resolution_status,next_action,part_text,classification_text,decision_reason
2024_东城_一模,2024,东城,一模,18,18(1),1,ocr-cache,/Users/wanglifei/Desktop/北京高考政治/reports/必修二三与必修四文化_题源分类准备_20260617_1301/02_text_cache/ocr_cache/2024_东城_一模/试卷.ocr.txt,B2_ECONOMICS,included,resolved_target_subquestion,future_baodian_intake,"(1)根据材料,概括北京在发展新质生产力方面的优势,并运用《经济与社会》 知识,分析这些优势如何助力新质生产力发展。(8分) 高三思想政治 第7页(共10页) ===== 试卷.pdf page 8 ===== 如何发展新质生产力?政协破题。 甲地:将“前瞻布局未来产业,积极培育发展新质生产力”作为政协重点调研课 题,实地调研,学习先发地区经验,召开座谈会,充分听取各方意见。 乙地:推进智能高铁2.0发展;推动高等院校、科研院所与企业开展生物医药 领域人才培养战略合作;利用数字技术力畜牧业节粮提效,注入新质生 产力⋯•⋯•科学技术界、医药卫生界、农业界等界别委员围绕新质生产力 建真言谋良策。 丙地:政协召开“关于以科技创新推动企业协同发展”的重点提案督办会,提案 主办单位科技局、工信局重点汇报提案办理情况,并与委员进行交流。","(1)根据材料,概括北京在发展新质生产力方面的优势,并运用《经济与社会》 知识,分析这些优势如何助力新质生产力发展。(8分)","{""target"": ""B2_ECONOMICS"", ""target_score"": 5, ""boundary"": ""B4_PHILOSOPHY_EXCLUDED"", ""boundary_score"": 0, ""matches"": {""B2_ECONOMICS"": ""经济与社会,新质生产力,boost:经济与社会,boost:新质生产力""}}"
2024_东城_一模,2024,东城,一模,18,18(2),2,ocr-cache,/Users/wanglifei/Desktop/北京高考政治/reports/必修二三与必修四文化_题源分类准备_20260617_1301/02_text_cache/ocr_cache/2024_东城_一模/试卷.ocr.txt,B3_POLITICS_RULE_OF_LAW,included,resolved_target_subquestion,future_baodian_intake,"(2)结合材料,分析政协在推动新质生产力发展中所发挥的作用。(6分) 传统产业在我国制造业中占比超80%,是现代化产业体系的基底。多年来, 我国轻工、纷织、机械等传统产业带动效应强、产业关联度大、国际市场占有率高, 是我国参与国际竞争的生力军。但也存在低端产能过剩、高端供给不足、产业基础 不牢、创新能力薄弱等问题,对数字化、智能化有着庞大、迫切的实际需求。 当前,从人形机器人到量子计算机,从脑机接口到6G 网络设备⋯⋯中国未来 产业正在科技新赛道上加速前进。未来材料、未来网络等能够广泛渗透传统产业 链上下游各个环节,引领传统优势产业高端化、智能化、绿色化转型。","(2)结合材料,分析政协在推动新质生产力发展中所发挥的作用。(6分)","{""override"": ""prompt_router"", ""prompt_terms"": [""政协""], ""classification_text"": ""(2)结合材料,分析政协在推动新质生产力发展中所发挥的作用。(6分)"", ""base_decision"": ""{\""target\"": \""B2_ECONOMICS\"", \""target_score\"": 2, \""boundary\"": \""B4_PHILOSOPHY_EXCLUDED\"", \""boundary_score\"": 0, \""matches\"": {\""B2_ECONOMICS\"": \""新质生产力,boost:新质生产力\"", \""B3_POLITICS_RULE_OF_LAW\"": \""政协,boost:政协\""}}""}"
2024_东城_一模,2024,东城,一模,18,18(3),3,ocr-cache,/Users/wanglifei/Desktop/北京高考政治/reports/必修二三与必修四文化_题源分类准备_20260617_1301/02_text_cache/ocr_cache/2024_东城_一模/试卷.ocr.txt,XB3_EXCLUDED,module-boundary-excluded,resolved_boundary_subquestion,exclude_from_three_target_lines,"(3)发展新质生产力,要正确认识传统产业和未来产业的关系。结合材料,运 用《逻辑与思维》知识,谈谈你的看法。(6分)","(3)发展新质生产力,要正确认识传统产业和未来产业的关系。结合材料,运 用《逻辑与思维》知识,谈谈你的看法。(6分)","{""target"": ""B2_ECONOMICS"", ""target_score"": 2, ""boundary"": ""XB3_EXCLUDED"", ""boundary_score"": 2, ""matches"": {""B2_ECONOMICS"": ""新质生产力,boost:新质生产力"", ""B4_PHILOSOPHY_EXCLUDED"": ""认识"", ""XB3_EXCLUDED"": ""逻辑与思维,boost:逻辑与思维""}, ""explicit_boundary_modules"": {""XB3_EXCLUDED"": [""逻辑与思维""]}, ""override"": ""explicit_boundary_term""}"
2024_丰台_二模,2024,丰台,二模,18,18(1),1,ocr-cache,/Users/wanglifei/Desktop/北京高考政治/reports/必修二三与必修四文化_题源分类准备_20260617_1301/02_text_cache/ocr_cache/2024_丰台_二模/试卷.ocr.txt,XB3_EXCLUDED,module-boundary-excluded,resolved_boundary_subquestion,exclude_from_three_target_lines,"(1)结合材料,同学们构建了一个符合逻辑规则的三段论,请你补充完整。(5分) 大前提: 小前提: 结论: 可以推动冰雪经济高质量发展。","(1)结合材料,同学们构建了一个符合逻辑规则的三段论,请你补充完整。(5分)","{""target"": ""B2_ECONOMICS"", ""target_score"": 0, ""boundary"": ""XB3_EXCLUDED"", ""boundary_score"": 4, ""matches"": {""XB3_EXCLUDED"": ""三段论,逻辑规则,boost:三段论,boost:逻辑规则""}, ""explicit_boundary_modules"": {""XB3_EXCLUDED"": [""三段论""]}, ""override"": ""explicit_boundary_term""}"
2024_丰台_二模,2024,丰台,二模,18,18(2),2,ocr-cache,/Users/wanglifei/Desktop/北京高考政治/reports/必修二三与必修四文化_题源分类准备_20260617_1301/02_text_cache/ocr_cache/2024_丰台_二模/试卷.ocr.txt,XB3_EXCLUDED,module-boundary-excluded,resolved_boundary_subquestion,exclude_from_three_target_lines,"(2) 有同学认为,只要我们能够准确预测冰雪经济的发展前景,就能推动冰雪经济高 质量发展。结合材料,运用科学思维对该观点进行评析。(6分)","(2) 有同学认为,只要我们能够准确预测冰雪经济的发展前景,就能推动冰雪经济高 质量发展。结合材料,运用科学思维对该观点进行评析。(6分)","{""target"": ""B2_ECONOMICS"", ""target_score"": 0, ""boundary"": ""XB3_EXCLUDED"", ""boundary_score"": 2, ""matches"": {""XB3_EXCLUDED"": ""科学思维,boost:科学思维""}, ""explicit_boundary_modules"": {""XB3_EXCLUDED"": [""科学思维""]}, ""override"": ""explicit_boundary_term""}"
2024_丰台_二模,2024,丰台,二模,18,18(3),3,ocr-cache,/Users/wanglifei/Desktop/北京高考政治/reports/必修二三与必修四文化_题源分类准备_20260617_1301/02_text_cache/ocr_cache/2024_丰台_二模/试卷.ocr.txt,B2_ECONOMICS,included,resolved_target_subquestion,future_baodian_intake,"(3)经过探究,同学们从《经济与社会》角度,对如何利用“冷资源”撬动“热经 济”形成以下共识: -。(8分) 高三政治 第6页(共8页) ===== 试卷.pdf page 7 =====","(3)经过探究,同学们从《经济与社会》角度,对如何利用“冷资源”撬动“热经 济”形成以下共识: -。(8分)","{""target"": ""B2_ECONOMICS"", ""target_score"": 2, ""boundary"": ""B4_PHILOSOPHY_EXCLUDED"", ""boundary_score"": 0, ""matches"": {""B2_ECONOMICS"": ""经济与社会,boost:经济与社会""}}"
2024_朝阳_期中,2024,朝阳,期中,20,20(1),1,paper,/Users/wanglifei/Desktop/2024模拟题/2024朝阳期中/试卷/试卷.pdf,B2_ECONOMICS,included,resolved_target_subquestion,future_baodian_intake,"(1) 概括上图所反映的经济信息。 (4 分) 材料二 数字经济涉及诸多方面。 数据价值化 数据要素的核心在于其能够通过分析、处理和应用,转化为对经 济活动的有益洞察。 数据价值化包括但不限于数据采集、数据标准、 数据确权、数据标注、数据定价、数据交易、数据流转、数据保护等。 数字产业化 将数字技术转化为实际的产业,形成以信息通信技术为核心的产 业集群,具体包括电子信息制造业、电信业、软件和信息技术服务业、 互联网行业等。 产业数字化 传统产业应用数字技术所带来的产出增加和效率提升部分,包括 但不限于工业互联网、智能制造、车联网、平台经济等融合型新产业新 模式新业态。 数字化治理 以“ 数字技术 + 治理” 为典型特征的技管结合,以及数字化公共服 务等。",(1) 概括上图所反映的经济信息。 (4 分),"{""override"": ""prompt_router"", ""prompt_terms"": [""经济信息/经济角度""], ""classification_text"": ""(1) 概括上图所反映的经济信息。 (4 分)"", ""base_decision"": ""{\""target\"": \""B2_ECONOMICS\"", \""target_score\"": 0, \""boundary\"": \""B4_PHILOSOPHY_EXCLUDED\"", \""boundary_score\"": 0, \""matches\"": {}}""}"
2024_朝阳_期中,2024,朝阳,期中,20,20(2),2,paper,/Users/wanglifei/Desktop/2024模拟题/2024朝阳期中/试卷/试卷.pdf,B2_ECONOMICS,included,resolved_target_subquestion,future_baodian_intake,"(2) 结合材料,运用《 经济与社会》 知识,分析数字经济在推动经济高质量发展方面如 何发挥作用。 (9 分) 高三思想政治试卷 第 8 页( 共 8 页) 材料三 2024 年 9 月,第三届全球数字贸易博览会在我国举办。 本届数贸会聚焦创 新、开放、共赢,吸引全球 32 个国家和地区的龙头企业参展。 【 汇集新产品】 本届数贸会“ 首发首秀” 新产品、新技术超过 400 项,数量是上届的 4 倍。 从陆地到 海洋,从低空到太空,“ 数智出行展区” 集聚了自动驾驶、低空经济、新能源三大板块的前 沿科技创新产品。 其中,近 90 家低空经济领域企业展出近 200 件展品,包含 14 件“ 首发 首秀” 产品。 【 打造新平台】 国际企业参展数量和面积占比均超 20% 。 本届数贸会围绕数字经济核心主题共签 约 36 个项目,其中包括 13 个世界 500 强或全球行业龙头企业投资项目,总投资额达 1024. 8 亿元,同比增长 34. 4% 。 【 带来新机遇】 非洲的咖啡、红酒,中国的小家电、茶叶......数贸会“ 智慧非洲” 特色展台上,几名非 洲留学生正通过直播平台向海外观众直播推介来自中国与非洲的特色商品。 数字“ 代 码” 联通全球,搭建了中国与世界商贸联通、共同发展的数字走廊。","(2) 结合材料,运用《 经济与社会》 知识,分析数字经济在推动经济高质量发展方面如 何发挥作用。 (9 分)","{""target"": ""B2_ECONOMICS"", ""target_score"": 6, ""boundary"": ""B4_PHILOSOPHY_EXCLUDED"", ""boundary_score"": 0, ""matches"": {""B2_ECONOMICS"": ""经济与社会,高质量发展,数字经济,boost:经济与社会,boost:高质量发展,boost:数字经济""}}"
2024_朝阳_期中,2024,朝阳,期中,20,20(3),3,paper,/Users/wanglifei/Desktop/2024模拟题/2024朝阳期中/试卷/试卷.pdf,XB1_EXCLUDED,module-boundary-excluded,resolved_boundary_subquestion,exclude_from_three_target_lines,"(3) 结合材料,运用《 当代国际政治与经济》 知识,以“ 数字驱动 商通全球” 为主","(3) 结合材料,运用《 当代国际政治与经济》 知识,以“ 数字驱动 商通全球” 为主","{""target"": ""B2_ECONOMICS"", ""target_score"": 0, ""boundary"": ""XB1_EXCLUDED"", ""boundary_score"": 2, ""matches"": {""XB1_EXCLUDED"": ""当代国际政治与经济,boost:当代国际政治与经济""}, ""explicit_boundary_modules"": {""XB1_EXCLUDED"": [""当代国际政治与经济""]}, ""override"": ""explicit_boundary_term""}"
2024_海淀_一模,2024,海淀,一模,17,17(1),1,paper,/Users/wanglifei/Desktop/2024模拟题/2024海淀一模/试卷/试卷.pdf,B2_ECONOMICS,included,resolved_target_subquestion,future_baodian_intake,"(1)结合材料一,运用《经济与社会》知识,说明这些“隐藏款土特产”为什么能助力我国 经济高质量发展。 (7 分) 水调歌头·重上井冈山 毛泽东 久有凌云志,重上井冈山。 千里来寻故地,旧貌变新颜。 ...... 可上九天揽月,可下五洋捉鳖,谈笑凯歌还。 世上无难事,只要肯登攀。 高三年级(思想政治) 第 6 页(共 8 页) 材料二 京津冀协同书写高质量发展新篇章。十年来,京津冀三地从“谋思路、打基础、寻 突破” ,到“滚石上山、爬坡过坎、攻坚克难” ,共商合作大计、共话美好未来,协同发展有力有 序向前推进,携手构造中国式现代化先行示范区。 京 津 冀 牢牢抓住疏解非首都功 能这个 “牛鼻子” ,疏解提 升近千个区域性专业市场和 物流中心。增强“一核”辐 射带动作用,支持雄安新区 建设,建好北京城市副中心, 唱好京津“双城记” ,厚植发 展优势,提升区域高质量发 展成色。 全力支持、主动服务北京 非首都功能疏解和“新两翼” 建设 ,积极融入以首都为核 心的世界级城市群建设 ,使 京津冀成为中国式现代化建 设先行区 、示范区 。强化规 划对接 、政策衔接 、交通连 接 、产业承接 ,共同探索协 同发展新模式。 积极吸引在京央企总部及 二、三级子公司或创新业务板 块等,使雄安新区成为新时代 的创新高地和创业热土,加强 基础设施互联互通,深化生态 环境联建联防联治,引进京津 创新资源要素,强化协同创新 和产业协作,打造联通京津的 经济廊道。","(1)结合材料一,运用《经济与社会》知识,说明这些“隐藏款土特产”为什么能助力我国 经济高质量发展。 (7 分)","{""target"": ""B2_ECONOMICS"", ""target_score"": 4, ""boundary"": ""B4_PHILOSOPHY_EXCLUDED"", ""boundary_score"": 0, ""matches"": {""B2_ECONOMICS"": ""经济与社会,高质量发展,boost:经济与社会,boost:高质量发展""}}"
2024_海淀_一模,2024,海淀,一模,17,17(2),2,paper,/Users/wanglifei/Desktop/2024模拟题/2024海淀一模/试卷/试卷.pdf,XB3_EXCLUDED,module-boundary-excluded,resolved_boundary_subquestion,exclude_from_three_target_lines,"(2)结合材料二,运用分析与综合的思维方法,说明京津冀协同发展是如何书写新篇章的。 (6 分) 材料三 北京市海淀区奋力当好新时代首都高质量发展排头兵。海淀区目前是北京市唯一一 个经济总量破万亿的区,有基础、有条件、有能力在守护高质量发展中继续走在最前面。 北京市科委、中关村管委会等 11 部门联合印发《关于进一步培育和服务独","(2)结合材料二,运用分析与综合的思维方法,说明京津冀协同发展是如何书写新篇章的。 (6 分)","{""target"": ""B2_ECONOMICS"", ""target_score"": 0, ""boundary"": ""XB3_EXCLUDED"", ""boundary_score"": 2, ""matches"": {""XB3_EXCLUDED"": ""分析与综合,boost:分析与综合""}, ""explicit_boundary_modules"": {""XB3_EXCLUDED"": [""分析与综合""]}, ""override"": ""explicit_boundary_term""}"
2024_海淀_期中,2024,海淀,期中,17,17(1),1,ocr-cache,/Users/wanglifei/GaokaoPolitics/beijing-politics-sync/选必三双宝典_哲学宝典完全对齐返工_2026-05-25/12_reasoning_exercise_compilation_20260531/ocr_cache/22a9fc350542/试卷.ocr.txt,B2_ECONOMICS,included,resolved_target_subquestion,future_baodian_intake,"(1)结合材料一,运用《经济与社会》知识,说明这些“隐藏款土特产”为什么能助力我国 经济高质量发展。(7分) 高三年级(思想政治)第5页(共8页) ===== 试卷.pdf page 6 ===== 材料二 京津冀协同书写高质量发展新篇章。十年来,京津冀三地从 “谋思路、打基础、寻 突破”,到“滚石上山、爬坡过坎、攻坚克难”,共商合作大计、共话美好未来,协同发展有力有 序向前推进,携手构造中国式现代化先行示范区。 京 津 冀 牢牢抓住疏解非首都功 全力支持、主动服务北京 积极吸引在京央企总部及 能这个“牛鼻子”,疏解提 非首都功能疏解和“新两翼” 二、三级子公司或创新业务板 升近千个区域性专业市场和 建设,积极融入以首都为核 块等,使雄安新区成沟新时代 物流中心。增强“一核”辐 心的世界级城市群建设,使 的创新高地和创业热土,加强 射带动作用,支持雄安新区 京津冀成沟中国式现代化建 基础设施互联互通,深化生态 建设,建好北京城市副中心, 设先行区、示范区。强化规 环境联建联防联治,引进京津 唱好京津“双城记”,厚植发 划对接、政策衔接、交通连 创新资源要素,强化协同创新 展优势,提升区域高质量发 接、产业承接,共同探索协 和产业协作,打造联通京津的 展成色。 同发展新模式。 经济廊道。","(1)结合材料一,运用《经济与社会》知识,说明这些“隐藏款土特产”为什么能助力我国 经济高质量发展。(7分)","{""target"": ""B2_ECONOMICS"", ""target_score"": 4, ""boundary"": ""B4_PHILOSOPHY_EXCLUDED"", ""boundary_score"": 0, ""matches"": {""B2_ECONOMICS"": ""经济与社会,高质量发展,boost:经济与社会,boost:高质量发展""}}"
2024_海淀_期中,2024,海淀,期中,17,17(2),2,ocr-cache,/Users/wanglifei/GaokaoPolitics/beijing-politics-sync/选必三双宝典_哲学宝典完全对齐返工_2026-05-25/12_reasoning_exercise_compilation_20260531/ocr_cache/22a9fc350542/试卷.ocr.txt,XB3_EXCLUDED,module-boundary-excluded,resolved_boundary_subquestion,exclude_from_three_target_lines,"(2)结合材料二,运用分析与综合的思维方法,说明京津冀协同发展是如何书写新篇章的。 (6分) 材料三 北京市海淀区奋力当好新时代首都高质量发展排头兵。海淀区目前是北京市唯一一 个经济总量破万亿的区,有基础、有条件、有能力在守护高质量发展中继续走在最前面。 北京市科委、中关村管委会等11 部门联合印发《关于进一步培育和服务独角兽企业的若干措 施》,加大对硬科技、新生代、高价值独角兽企业及潜在独角兽企业的发掘,打造引领首都新经 济新业态发展的中坚力量,为其“量身定制”发展支持方案,并鼓励独角兽企业进一步加大研发 投入。 海淀区","(2)结合材料二,运用分析与综合的思维方法,说明京津冀协同发展是如何书写新篇章的。 (6分)","{""target"": ""B2_ECONOMICS"", ""target_score"": 0, ""boundary"": ""XB3_EXCLUDED"", ""boundary_score"": 2, ""matches"": {""XB3_EXCLUDED"": ""分析与综合,boost:分析与综合""}, ""explicit_boundary_modules"": {""XB3_EXCLUDED"": [""分析与综合""]}, ""override"": ""explicit_boundary_term""}"
2024_石景山_一模,2024,石景山,一模,18,18(1),1,paper,/Users/wanglifei/Desktop/2024模拟题/石景山一模/试卷/试卷.docx,B3_POLITICS_RULE_OF_LAW,included,resolved_target_subquestion,future_baodian_intake,"(1)结合材料,运用《政治与法治》知识,分析“一米法庭”项目如何使群众真正 获益。(7 分) 在街道、社区及行业特设组织中设立的“一米法庭”项目,通过数字化技术,线上与线下相结合,提供调解指导、诉讼服务、基层治理、普法宣传功能,是一站式多元解纷的最小支点。 2023 年7 月特大暴雨灾害发生后,涉灾纠纷频发。 “我们社区的业主李先生家因房屋漏雨,与物业公司起了矛盾。这次暴雨前气象部门早有预警,经调查发现物业公司并没有提前加强巡检,也没有采取措施加固房顶以及做好防水处理,理应赔偿。但物业认为这次雨太大,是天灾,可以免责。业主说我们调解达成的协议也不算数,准备到法院起诉,认为走诉讼程序才是最优选择。现在该怎么办呢?”社区刚担任人民调解员的老刘通过“一米法庭”求助法官,希望能够提供 专业指导,将矛盾化解在基层。","(1)结合材料,运用《政治与法治》知识,分析“一米法庭”项目如何使群众真正 获益。(7 分)","{""target"": ""B3_POLITICS_RULE_OF_LAW"", ""target_score"": 2, ""boundary"": ""B4_PHILOSOPHY_EXCLUDED"", ""boundary_score"": 0, ""matches"": {""B3_POLITICS_RULE_OF_LAW"": ""政治与法治,boost:政治与法治""}}"
2024_石景山_一模,2024,石景山,一模,18,18(2),2,paper,/Users/wanglifei/Desktop/2024模拟题/石景山一模/试卷/试卷.docx,UNKNOWN_OR_MIXED,blocked,unresolved_needs_manual_review,manual_review_needed,"(2)假如你是法官,请结合材料,运用法治知识,为老刘提供专业指导。(6 分)","(2)假如你是法官,请结合材料,运用法治知识,为老刘提供专业指导。(6 分)","{""target"": ""B2_ECONOMICS"", ""target_score"": 0, ""boundary"": ""B4_PHILOSOPHY_EXCLUDED"", ""boundary_score"": 0, ""matches"": {}}"
2024_石景山_一模,2024,石景山,一模,19,19(1),1,paper,/Users/wanglifei/Desktop/2024模拟题/石景山一模/试卷/试卷.docx,B2_ECONOMICS,included,resolved_target_subquestion,future_baodian_intake,"(1)结合材料,运用《经济与社会》知识,说明如何用新质生产力点燃发展新动能。 (8 分) 新能源汽车已成为全球汽车产业转型发展的主要方向,也是促进世界经济持续增长 的重要引擎。2023 年,我国全年汽车整车出口 491 万辆,同比增长57.9%,首次跃居全球 第一。其中,新能源汽车出口 120.3 万辆,同比增长 77.6%。 出海大势之下,中国新能源汽车不但“走了出去”,也在悄悄“扎下根来”。以某 企业为例,在继泰国等多国设厂后,计划采用全球先进的工艺设备和高度自动化的生产 流程,在匈牙利建设全球领先的新能源汽车整车制造基地。匈牙利是欧洲重要的交通枢 纽,拥有雄厚的工业基础,为该企业在当地建设工厂提供了良好的契机。生产基地的建 设将创造数千个就业岗位,积极带动当地经济发展,推动中匈之间的技术交流,并借助 该企业自身全产业链的优势帮助当地构建绿色“生态圈”。","(1)结合材料,运用《经济与社会》知识,说明如何用新质生产力点燃发展新动能。 (8 分)","{""target"": ""B2_ECONOMICS"", ""target_score"": 4, ""boundary"": ""B4_PHILOSOPHY_EXCLUDED"", ""boundary_score"": 0, ""matches"": {""B2_ECONOMICS"": ""经济与社会,新质生产力,boost:经济与社会,boost:新质生产力""}}"
2024_石景山_一模,2024,石景山,一模,19,19(2),2,paper,/Users/wanglifei/Desktop/2024模拟题/石景山一模/试卷/试卷.docx,XB1_EXCLUDED,module-boundary-excluded,resolved_boundary_subquestion,exclude_from_three_target_lines,"(2)结合材料,运用《当代国际政治与经济》知识,分析中国新能源汽车企业从“走 出去”到“扎下根”的原因。(8 分)","(2)结合材料,运用《当代国际政治与经济》知识,分析中国新能源汽车企业从“走 出去”到“扎下根”的原因。(8 分)","{""target"": ""B2_ECONOMICS"", ""target_score"": 0, ""boundary"": ""XB1_EXCLUDED"", ""boundary_score"": 2, ""matches"": {""XB1_EXCLUDED"": ""当代国际政治与经济,boost:当代国际政治与经济""}, ""explicit_boundary_modules"": {""XB1_EXCLUDED"": [""当代国际政治与经济""]}, ""override"": ""explicit_boundary_term""}"
2024_石景山_一模,2024,石景山,一模,19,19(3),3,paper,/Users/wanglifei/Desktop/2024模拟题/石景山一模/试卷/试卷.docx,XB3_EXCLUDED,module-boundary-excluded,resolved_boundary_subquestion,exclude_from_three_target_lines,"(3)中国企业在“走出去”的过程中,还缺乏相应经验,在适应投资国法律制度、技术标准、市场营销、人员管理、当地文化等方面还存在一定的冲突和问题。运用《逻 辑与思维》知识,任用一种辩证思维方法,针对上述问题提出合理建议。(4 分)","(3)中国企业在“走出去”的过程中,还缺乏相应经验,在适应投资国法律制度、技术标准、市场营销、人员管理、当地文化等方面还存在一定的冲突和问题。运用《逻 辑与思维》知识,任用一种辩证思维方法,针对上述问题提出合理建议。(4 分)","{""target"": ""B4_CULTURE"", ""target_score"": 1, ""boundary"": ""XB3_EXCLUDED"", ""boundary_score"": 2, ""matches"": {""B4_CULTURE"": ""文化"", ""XB3_EXCLUDED"": ""辩证思维,boost:辩证思维""}, ""explicit_boundary_modules"": {""XB3_EXCLUDED"": [""辩证思维""]}, ""override"": ""explicit_boundary_term""}"
2024_顺义_二模,2024,顺义,二模,19,19(2),2,paper,/Users/wanglifei/Desktop/2024模拟题/顺义思政二模/试卷/试卷.docx,UNKNOWN_OR_MIXED,blocked,unresolved_needs_manual_review,manual_subquestion_split_needed,"(2)结合材料,综合运用《政治与法治》和《当代国际政治与经济》知识,说明我国积极推动新质生产力发展的原因。(8分) (10分)拥有科学理论的政党,才拥有真理的力量;科学理论指导的事业,才拥有光明的前途。 中国共产党之所以能够带领人民在一次次求索、一次次挫折、一次次开拓中完成中国其他各种政治力量不可能完成的艰巨任务,根本在于不断推进马克思主义中国化时代化。在推进马克思主义中国化时代化的历史进程中,产生了毛泽东思想、邓小平理论、“三个代表”重要思想、科学发展观、习近平新时代中国特色社会主义思想,使马克思主义在中国焕发出强大生命力。党的二十大报告指出:“不断谱写马克思主义中国化时代化新篇章,是当代中国共产党人的庄严历史责任。” 科学的理论总是与伟大的实践相互激荡。坚持以马克思主义为指导,最终要落实到怎么用上来。 当今世界正在经历百年未有之大变局,处在民族复兴关键时期的当代中国正在经历着有史以来最为广泛而深刻的社会变革,正在推进中国式现代化这一人类历史上非常宏大而独特的实践创新,中国之问、世界之问、人民之问、时代之问给我们提出的新考题比过去更复杂、更难,迫切需要我们从理论与实践的结合上提交答案。党的二十大报告指出:从现在起,中国共产党的中心任务就是团结带领全国各族人民全面建成社会主义现代化强国、实现第二个百年奋斗目标,以中国式现代化全面推进中华民族伟大复兴。","(2)结合材料,综合运用《政治与法治》和《当代国际政治与经济》知识,说明我国积极推动新质生产力发展的原因。(8分)","{""target"": ""B2_ECONOMICS"", ""target_score"": 2, ""boundary"": ""XB1_EXCLUDED"", ""boundary_score"": 2, ""matches"": {""B2_ECONOMICS"": ""新质生产力,boost:新质生产力"", ""B3_POLITICS_RULE_OF_LAW"": ""政治与法治,boost:政治与法治"", ""XB1_EXCLUDED"": ""当代国际政治与经济,boost:当代国际政治与经济""}, ""explicit_target_modules"": {""B3_POLITICS_RULE_OF_LAW"": [""政治与法治""]}, ""explicit_boundary_modules"": {""XB1_EXCLUDED"": [""当代国际政治与经济""]}, ""override"": ""manual_subquestion_split_needed""}"
2024_顺义_二模,2024,顺义,二模,19,19(1),1,paper,/Users/wanglifei/Desktop/2024模拟题/顺义思政二模/试卷/试卷.docx,UNKNOWN_OR_MIXED,blocked,unresolved_needs_manual_review,manual_review_needed,"(1)我们如期完成脱贫攻坚、全面建成小康社会的历史任务,实现了第一个百年奋斗目标。党的二十大对全面建设社会主义现代化国家新征程进行了总的战略安排。完成下表。(2分) 结合材料,综合运用所学,谈谈对实现中华民族伟大复兴需要“不断谱写马克思主义中国化时代化新篇章”的认识。(8分)","(1)我们如期完成脱贫攻坚、全面建成小康社会的历史任务,实现了第一个百年奋斗目标。党的二十大对全面建设社会主义现代化国家新征程进行了总的战略安排。完成下表。(2分)","{""target"": ""B2_ECONOMICS"", ""target_score"": 0, ""boundary"": ""B4_PHILOSOPHY_EXCLUDED"", ""boundary_score"": 0, ""matches"": {}}"
2025_东城_一模,2025,东城,一模,18,18(1),1,paper,/Users/wanglifei/Desktop/2025模拟题/2025各区一模/2025东城一模/试卷/试卷.pdf,XB3_EXCLUDED,module-boundary-excluded,resolved_boundary_subquestion,exclude_from_three_target_lines,"(1)结合材料一,说明“两重”实施是如何体现辩证思维的。 (4 分) 材料二 “两新”,即推动新一轮大规模设备更新和消费品以旧换新。","(1)结合材料一,说明“两重”实施是如何体现辩证思维的。 (4 分)","{""target"": ""B2_ECONOMICS"", ""target_score"": 0, ""boundary"": ""XB3_EXCLUDED"", ""boundary_score"": 2, ""matches"": {""XB3_EXCLUDED"": ""辩证思维,boost:辩证思维""}, ""explicit_boundary_modules"": {""XB3_EXCLUDED"": [""辩证思维""]}, ""override"": ""explicit_boundary_term""}"
2025_东城_一模,2025,东城,一模,18,18(2),2,paper,/Users/wanglifei/Desktop/2025模拟题/2025各区一模/2025东城一模/试卷/试卷.pdf,B2_ECONOMICS,included,resolved_target_subquestion,future_baodian_intake,"(2)提振消费是扩大内需、畅通国内大循环的重中之重。结合材料二,运用《经济与社会》知识,分析我国 实施“两新”畅通国内大循环的经济逻辑。(8 分)",(2)提振消费是扩大内需、畅通国内大循环的重中之重。结合,"{""target"": ""B2_ECONOMICS"", ""target_score"": 3, ""boundary"": ""B4_PHILOSOPHY_EXCLUDED"", ""boundary_score"": 0, ""matches"": {""B2_ECONOMICS"": ""消费,扩大内需,boost:扩大内需""}}"
2025_东城_二模,2025,东城,二模,18,18(1),1,paper,/Users/wanglifei/Desktop/2025模拟题/2025各区二模/2025东城二模/试卷/试卷.pdf,B2_ECONOMICS,included,resolved_target_subquestion,future_baodian_intake,"(1)结合材料,运用《经济与社会》知识,说明我国形成“热带雨林”创新生态的“秘诀”。 (8 分) 创新发展需要良好的创新生态。据此,某同学做出如下推理: 有良好的创新生态,就会实现创新发展。 当前我国有良好的创新生态,所以,我国一定能实现创新发展。","(1)结合材料,运用《经济与社会》知识,说明我国形成“热带雨林”创新生态的“秘诀”。 (8 分)","{""target"": ""B2_ECONOMICS"", ""target_score"": 2, ""boundary"": ""B4_PHILOSOPHY_EXCLUDED"", ""boundary_score"": 0, ""matches"": {""B2_ECONOMICS"": ""经济与社会,boost:经济与社会""}}"
2025_东城_二模,2025,东城,二模,18,18(2),2,paper,/Users/wanglifei/Desktop/2025模拟题/2025各区二模/2025东城二模/试卷/试卷.pdf,XB3_EXCLUDED,module-boundary-excluded,resolved_boundary_subquestion,exclude_from_three_target_lines,"(2) 写出该推理的类型,判断正确与否,并说明理由。(4 分)","(2) 写出该推理的类型,判断正确与否,并说明理由。(4 分)","{""target"": ""B2_ECONOMICS"", ""target_score"": 0, ""boundary"": ""XB3_EXCLUDED"", ""boundary_score"": 2, ""matches"": {""XB3_EXCLUDED"": ""推理,boost:推理""}, ""explicit_boundary_modules"": {""XB3_EXCLUDED"": [""推理""]}, ""override"": ""explicit_boundary_term""}"
2025_东城_期末,2025,东城,期末,18,18(1),1,paper,/Users/wanglifei/Desktop/2025模拟题/2025各区期末/2025东城期末/试卷/试卷.pdf,B2_ECONOMICS,included,resolved_target_subquestion,future_baodian_intake,"(1)结合材料,运用《经济与社会》知识,阐述我国是如何实现“嫦娥揽月回”的。 登月服的外观融合了历史传统和现代元素,优雅飘逸的“飞天”飘带造型和火箭升空尾焰造型,形成一 飞冲天的姿态,传递出中华民族开拓进取、勇毅前行的意志精神。航天员可以自如完成行走、攀爬、驾 车、科考等月面出舱活动作业。综合防护面料可有效防护月面热环境及月尘影响,全景式防眩光面窗能 够提升视觉工效......这些科技感十足的细节,将为我国首次裁人登月任务的顺利实施保驾护航。","(1)结合材料,运用《经济与社会》知识,阐述我国是如何实现“嫦娥揽月回”的。 登月服的外观融合了历史传统和现代元素,优雅飘逸的“飞天”飘带造型和火箭升空尾焰造型,形成一 飞冲天的姿态,传递出中华民族开拓进取、勇毅前行的意志精神。航天员可以自如完成行走、攀爬、驾 车、科考等月面出舱活动作业。综合防护面料可有效防护月面热环境及月尘影响,全景式防眩光面窗能 够提升视觉工效......这些科技感十足的细节,将为我国首次裁人登月任务的顺利实施保驾护航。","{""target"": ""B2_ECONOMICS"", ""target_score"": 2, ""boundary"": ""B4_PHILOSOPHY_EXCLUDED"", ""boundary_score"": 0, ""matches"": {""B2_ECONOMICS"": ""经济与社会,boost:经济与社会""}}"
2025_东城_期末,2025,东城,期末,18,18(2),2,paper,/Users/wanglifei/Desktop/2025模拟题/2025各区期末/2025东城期末/试卷/试卷.pdf,XB3_EXCLUDED,module-boundary-excluded,resolved_boundary_subquestion,exclude_from_three_target_lines,"(2)结合材料,运用《逻辑与思维》知识,说明登月服设计是如何体现创新思维的。","(2)结合材料,运用《逻辑与思维》知识,说明登月服设计是如何体现创新思维的。","{""target"": ""B2_ECONOMICS"", ""target_score"": 0, ""boundary"": ""XB3_EXCLUDED"", ""boundary_score"": 4, ""matches"": {""XB3_EXCLUDED"": ""逻辑与思维,创新思维,boost:逻辑与思维,boost:创新思维""}, ""explicit_boundary_modules"": {""XB3_EXCLUDED"": [""逻辑与思维"", ""创新思维""]}, ""override"": ""explicit_boundary_term""}"
2025_东城_期末,2025,东城,期末,19,19(1),1,paper,/Users/wanglifei/Desktop/2025模拟题/2025各区期末/2025东城期末/试卷/试卷.pdf,XB2_EXCLUDED,module-boundary-excluded,resolved_boundary_subquestion,exclude_from_three_target_lines,"(1)遇到的法律问题: 资料卡 《高层民用建筑消防安全管理规定) 第三十七条......电动自行车存放、充电场所应当配备必要的消防器材,充电设施应当具备充 满自动断电功能。 《中华人民共和国民法典》 第二百七十八条下列事项由业主共同决定:......(八)改变共有部分的用途或者利用共有部 分从事经营活动。 (1)遇到的法律问题: 、 。","(1)遇到的法律问题: 资料卡 《高层民用建筑消防安全管理规定) 第三十七条......电动自行车存放、充电场所应当配备必要的消防器材,充电设施应当具备充 满自动断电功能。 《中华人民共和国民法典》 第二百七十八条下列事项由业主共同决定:......(八)改变共有部分的用途或者利用共有部 分从事经营活动。 (1)遇到的法律问题: 、 。","{""target"": ""B2_ECONOMICS"", ""target_score"": 0, ""boundary"": ""XB2_EXCLUDED"", ""boundary_score"": 2, ""matches"": {""XB2_EXCLUDED"": ""民法典,boost:民法典""}, ""explicit_boundary_modules"": {""XB2_EXCLUDED"": [""民法典""]}, ""override"": ""explicit_boundary_term""}"
2025_东城_期末,2025,东城,期末,19,19(2),2,paper,/Users/wanglifei/Desktop/2025模拟题/2025各区期末/2025东城期末/试卷/试卷.pdf,UNKNOWN_OR_MIXED,blocked,unresolved_needs_manual_review,manual_review_needed,"(2)解决电动自行车“安家难” ,涉及居民、物业、 、 等利益相关方。","(2)解决电动自行车“安家难” ,涉及居民、物业、 、 等利益相关方。","{""target"": ""B2_ECONOMICS"", ""target_score"": 0, ""boundary"": ""B4_PHILOSOPHY_EXCLUDED"", ""boundary_score"": 0, ""matches"": {}}"
2025_东城_期末,2025,东城,期末,19,19(3),3,paper,/Users/wanglifei/Desktop/2025模拟题/2025各区期末/2025东城期末/试卷/试卷.pdf,UNKNOWN_OR_MIXED,blocked,unresolved_needs_manual_review,manual_review_needed,"(3)如何更好地解决居民分歧,达成共识?","(3)如何更好地解决居民分歧,达成共识?","{""target"": ""B2_ECONOMICS"", ""target_score"": 0, ""boundary"": ""B4_PHILOSOPHY_EXCLUDED"", ""boundary_score"": 0, ""matches"": {}}"
2025_丰台_期末,2025,丰台,期末,18,18(1),1,paper,/Users/wanglifei/Desktop/2025模拟题/2025各区期末/2025丰台期末/试卷/试卷.pdf,UNKNOWN_OR_MIXED,blocked,unresolved_needs_manual_review,manual_review_needed,"(1)写出1和2是什么判断类型,并分别说明该判断类型的保真条件。","(1)写出1和2是什么判断类型,并分别说明该判断类型的保真条件。","{""target"": ""B2_ECONOMICS"", ""target_score"": 0, ""boundary"": ""B4_PHILOSOPHY_EXCLUDED"", ""boundary_score"": 0, ""matches"": {}}"
2025_丰台_期末,2025,丰台,期末,18,18(2),2,paper,/Users/wanglifei/Desktop/2025模拟题/2025各区期末/2025丰台期末/试卷/试卷.pdf,B2_ECONOMICS,included,resolved_target_subquestion,future_baodian_intake,"(2)运用《经济与社会》的相关知识,分析发展数字经济应如何处理好“放得活”与“管得住”的关 系。 材料二 ◆《中华人民共和国反垄断法》 《中华人民共和国外商投资法》 《优化营商环境条例》等法律 法规陆续出台,为各类经营主体投资兴业营造稳定公平透明、可预期的良好环境。 ◆在行政执法过程中,明晰执法主体的权限、职责、程序、任务,将行政执法工作公开化,增强执法 工作的透明度,严格执法责任。 ◆缩短诉讼周期,降低经营主体诉讼成本;促进多元化纠纷解决机制,重视诉前调解。 ◆持续推动相关法律法规的宣传、教育、引导工作,推动企业形成自觉守法、遇事找法、解决问题靠 法的常态化思维。","(2)运用《经济与社会》的相关知识,分析发展数字经济应如何处理好“放得活”与“管得住”的关 系。","{""target"": ""B2_ECONOMICS"", ""target_score"": 4, ""boundary"": ""B4_PHILOSOPHY_EXCLUDED"", ""boundary_score"": 0, ""matches"": {""B2_ECONOMICS"": ""经济与社会,数字经济,boost:经济与社会,boost:数字经济""}}"
2025_丰台_期末,2025,丰台,期末,18,18(3),3,paper,/Users/wanglifei/Desktop/2025模拟题/2025各区期末/2025丰台期末/试卷/试卷.pdf,B2_ECONOMICS,included,resolved_target_subquestion,future_baodian_intake,"(3)结合材料,运用《政治与法治》知识,说明法治如何护航高水平社会主义市场经济体制建设。","(3)结合材料,运用《政治与法治》知识,说明法治如何护航高水平社会主义市场经济体制建设。","{""target"": ""B2_ECONOMICS"", ""target_score"": 2, ""boundary"": ""B4_PHILOSOPHY_EXCLUDED"", ""boundary_score"": 0, ""matches"": {""B2_ECONOMICS"": ""市场经济,boost:市场经济"", ""B3_POLITICS_RULE_OF_LAW"": ""政治与法治,boost:政治与法治""}}"
2025_延庆_一模,2025,延庆,一模,20,20(1),1,paper,/Users/wanglifei/Desktop/2025模拟题/2025各区一模/2025延庆一模/试卷/试卷.pdf,B2_ECONOMICS,included,resolved_target_subquestion,future_baodian_intake,"(1)结合材料一,运用《经济与社会》知识,就增强产业链供应链韧性和安全水平提出建议,并说明理 由。 材料二 随着多元化、数字化、绿色化方面的发展机遇不断涌现,各国企业纷纷展现出加强产业链供 应链合作的需求和期待。 2024 年 11 月,第二届中国国际供应链促进博览会(简称“链博会”)作为全球首个以供应链为主题 的国家级展会在北京举办。面对全球化遭遇逆流、贸易保护主义抬头,地缘冲突加剧等多重挑战,近 70 第8页/共10页 个国家和地区的 600 余家企业和机构在相聚、相交、相融中携手寻找“链”通中外的新方案,谱写合作共 赢的新篇章。他们普遍认为,从促进基础设施互联互通,到推动供应链数字化智能化,再到签署一系列自 贸协定,中国一直在为全球供应链注入“润滑剂”。 然而,个别国家在霸权和冷战思维作祟下,鼓噪“脱钩断链”,酝酿出加征关税、限制投资、收紧出 口管制等举措,以维持本国在相关技术领域以及全球产供链中的主导地位。对此,在外交部例行记者会 上,有记者提问:“很多‘链博会’参展外宾表示‘脱钩断链’损人不利己,建好‘共赢链’才是众望所 归。发言人对此有何评论”?","(1)结合材料一,运用《经济与社会》知识,就增强产业链供应链韧性和安全水平提出建议,并说明理 由。 材料二 随着多元化、数字化、绿色化方面的发展机遇不断涌现,各国企业纷纷展现出加强产业链供 应链合作的需求和期待。 2024 年 11 月,第二届中国国际供应链促进博览会(简称“链博会”)作为全球首个以供应链为主题 的国家级展会在北京举办。面对全球化遭遇逆流、贸易保护主义抬头,地缘冲突加剧等多重挑战,近 70 第8页/共10页 个国家和地区的 600 余家企业和机构在相聚、相交、相融中携手寻找“链”通中外的新方案,谱写合作共 赢的新篇章。他们普遍认为,从促进基础设施互联互通,到推动供应链数字化智能化,再到签署一系列自 贸协定,中国一直在为全球供应链注入“润滑剂”。 然而,个别国家在霸权和冷战思维","{""target"": ""B2_ECONOMICS"", ""target_score"": 12, ""boundary"": ""B4_PHILOSOPHY_EXCLUDED"", ""boundary_score"": 0, ""matches"": {""B2_ECONOMICS"": ""经济与社会,产业链,供应链,基础设施,boost:经济与社会,boost:产业链,boost:供应链""}}"
2025_延庆_一模,2025,延庆,一模,20,20(2),2,paper,/Users/wanglifei/Desktop/2025模拟题/2025各区一模/2025延庆一模/试卷/试卷.pdf,XB1_EXCLUDED,module-boundary-excluded,resolved_boundary_subquestion,exclude_from_three_target_lines,"(2)假如你是外交部发言人,请结合材料二,运用《当代国际政治与经济》知识,对上述提问做出回 应。","(2)假如你是外交部发言人,请结合","{""target"": ""B2_ECONOMICS"", ""target_score"": 0, ""boundary"": ""XB1_EXCLUDED"", ""boundary_score"": 2, ""matches"": {""XB1_EXCLUDED"": ""外交,boost:外交""}}"
2025_房山_一模,2025,房山,一模,18,18(1),1,paper,/Users/wanglifei/Desktop/2025模拟题/2025各区一模/2025房山一模/试卷/试卷.pdf,B2_ECONOMICS,included,resolved_target_subquestion,future_baodian_intake,"(1)结合材料,运用《经济与社会》知识,分析该省是如何从会种田到“慧”种田的。 材料二 开放者引领未来,共创者定义文明新样式。 2025 年2 月初,中国开源大模型DeepSeek 在全球140 个国家和地区的应用市场下载排行榜同时登顶。 开源模式让全球开发者能够自由使用和改进技术,从而加速AI 技术在各行各业的普及应用,有的国家的企 业借此低成本优化了教学模型,并开发出本地化 AI 模型。 2 月 10 日至 11 日于巴黎举行的 AI 行动峰会上,中方推动联合国大会通过“加强人工智能能力建设国 际合作”决议,最终 60 个国家签署了《关于发展包容、可持续的人工智能造福人类与地球的声明》 。 开源,即开放源代码,是一种将软件的源代码向公众开放的软件开发和发布模式,即源代码可以被访 问或获取,感兴趣的人都能查看、修改和分发其中的代码。","(1)结合材料,运用《经济与社会》知识,分析该省是如何从会种田到“慧”种田的。","{""target"": ""B2_ECONOMICS"", ""target_score"": 2, ""boundary"": ""B4_PHILOSOPHY_EXCLUDED"", ""boundary_score"": 0, ""matches"": {""B2_ECONOMICS"": ""经济与社会,boost:经济与社会""}}"
2025_房山_一模,2025,房山,一模,18,18(2),2,paper,/Users/wanglifei/Desktop/2025模拟题/2025各区一模/2025房山一模/试卷/试卷.pdf,XB1_EXCLUDED,module-boundary-excluded,resolved_boundary_subquestion,exclude_from_three_target_lines,"(2)“中国的开源战略不仅是技术上的革新,更是对全球合作新模式的一次积极探索和实践。”结合材 料,运用《当代国际政治与经济》知识,谈谈你对这句话的理解。","(2)“中国的开源战略不仅是技术上的革新,更是对全球合作新模式的一次积极探索和实践。”结合材 料,运用《当代国际政治与经济》知识,谈谈你对这句话的理解。","{""target"": ""B2_ECONOMICS"", ""target_score"": 0, ""boundary"": ""XB1_EXCLUDED"", ""boundary_score"": 2, ""matches"": {""B4_PHILOSOPHY_EXCLUDED"": ""实践"", ""XB1_EXCLUDED"": ""当代国际政治与经济,boost:当代国际政治与经济""}, ""explicit_boundary_modules"": {""XB1_EXCLUDED"": [""当代国际政治与经济""]}, ""override"": ""explicit_boundary_term""}"
2025_朝阳_一模,2025,朝阳,一模,17,17(1),1,paper,/Users/wanglifei/Desktop/2025模拟题/2025各区一模/2025朝阳一模/试卷/试卷.pdf,XB3_EXCLUDED,module-boundary-excluded,resolved_boundary_subquestion,exclude_from_three_target_lines,"(1)运用《逻辑与思维》知识,判断该推理正确与否,并说明理由。 (5 分) 材料二 人形机器人又称类人机器人、仿生机器人等,通常具有头部、躯干、双臂双腿等,在结构和 功能上尽可能接近人类,具备一定的运动能力和感知能力。从商用服务到智能制造,从陪伴老人到理货看 店......人形机器人制造在“加速跑” 。 与此同时,市场上主流的人形机器人价格甚至超 50 万元。人形机器人产业链高度复杂,人形机器人 产品呈现出高度的定制化倾向,缺乏真正通用的零部件,导致成本居高不下。 在工厂环节,只有少部分先进工厂开始探索在某些工作流程中使用人形机器人,更多走进生产线可能 在未来三到五年实现;而真正走进人们的生活,需要更高的精确度和安全性,所需时间会更长。 人形机器人的应用首先要保证可靠性和稳定性,由于目前这方面尚未完全成熟,人形机器人更适合那些容 错率较高的场合。专家建议要尽快完善人形机器人的相关标准,不断开放应用场景,让人形机器人“先应 用起来” 。","(1)运用《逻辑与思维》知识,判断该推理正确与否,并说明理由。 (5 分)","{""target"": ""B2_ECONOMICS"", ""target_score"": 0, ""boundary"": ""XB3_EXCLUDED"", ""boundary_score"": 4, ""matches"": {""XB3_EXCLUDED"": ""逻辑与思维,推理,boost:逻辑与思维,boost:推理""}, ""explicit_boundary_modules"": {""XB3_EXCLUDED"": [""逻辑与思维"", ""推理""]}, ""override"": ""explicit_boundary_term""}"
2025_朝阳_一模,2025,朝阳,一模,17,17(2),2,paper,/Users/wanglifei/Desktop/2025模拟题/2025各区一模/2025朝阳一模/试卷/试卷.pdf,B2_ECONOMICS,included,resolved_target_subquestion,future_baodian_intake,"(2)结合材料二,运用《经济与社会》知识,说明如何加快人形机器人服务于生产生活的进程。(7 分) 第6页/共10页","(2)结合材料二,运用《经济与社会》知识,说明如何加快人形机器人服务于生产生活的进程。(7 分)","{""target"": ""B2_ECONOMICS"", ""target_score"": 2, ""boundary"": ""B4_PHILOSOPHY_EXCLUDED"", ""boundary_score"": 0, ""matches"": {""B2_ECONOMICS"": ""经济与社会,boost:经济与社会""}}"
2025_海淀_期末,2025,海淀,期末,16,16(1),1,paper,/Users/wanglifei/Desktop/2025模拟题/2025各区期末/2025海淀期中/试卷/试卷.pdf,UNKNOWN_OR_MIXED,blocked,unresolved_needs_manual_review,manual_review_needed,"(1)你更看好速溶咖啡还是现磨咖啡的市场前景?结合材料一和材料二,运用《经济与社会》知识,谈谈 你的看法。 材料三 在国内发展的同时,中国咖啡企业也开启了“出海”试验,以性价比、产品创新和营销为主 打,在东南亚、日韩和北美市场“多点开花”。 中国咖啡企业“出海”之路并非一帆风顺。消费品主要依赖品牌、产品、渠道竞争。不少海外市场已 经培养了成熟的咖啡文化,消费者习惯、口味等方面与国内市场存在一定差异。 “出海”需要提前建设供 应链等底层基础设施,各地咖啡原材料成本难降,中国咖啡企业在成本端和管理端尚不具备优势。此外, 知识产权保护方面也存在风险。近日,中国 L 公司诉泰国某公司侵犯商标权案以败诉落幕,后者甚至提起 反诉,向 L 公司索赔 100 亿泰铢。",(1)你更看好速溶咖啡还是现磨咖啡的市场前景?结合,"{""target"": ""B2_ECONOMICS"", ""target_score"": 0, ""boundary"": ""B4_PHILOSOPHY_EXCLUDED"", ""boundary_score"": 0, ""matches"": {}}"
2025_海淀_期末,2025,海淀,期末,16,16(2),2,paper,/Users/wanglifei/Desktop/2025模拟题/2025各区期末/2025海淀期中/试卷/试卷.pdf,B2_ECONOMICS,included,resolved_target_subquestion,future_baodian_intake,"(2)结合材料三,从经济角度,为中国咖啡企业“出海”提出建议。","(2)结合材料三,从经济角度,为中国咖啡企业“出海”提出建议。","{""override"": ""prompt_router"", ""prompt_terms"": [""经济信息/经济角度""], ""classification_text"": ""(2)结合材料三,从经济角度,为中国咖啡企业“出海”提出建议。"", ""base_decision"": ""{\""target\"": \""B2_ECONOMICS\"", \""target_score\"": 0, \""boundary\"": \""B4_PHILOSOPHY_EXCLUDED\"", \""boundary_score\"": 0, \""matches\"": {}}""}"
2025_顺义_一模,2025,顺义,一模,17,17(1),1,paper,/Users/wanglifei/Desktop/2025模拟题/2025各区一模/2025顺义一模/试卷/试卷.pdf,XB3_EXCLUDED,module-boundary-excluded,resolved_boundary_subquestion,exclude_from_three_target_lines,"(1)结合材料,运用《逻辑与思维》知识,写出上述同学判断同时为真的条件,并说明理由。 材料二 2025 年《政府工作报告》指出,“梯度培育创新型企业,促进专精特新中小企业发展壮 大”。 专精特新中小企业创新能力强、发展活力足,是培育新质生产力的重要力量。 专精特新中小企业是指具有“专业化、精细化、特色化、新颖化”特征的中小企业。 北京市在充分融合教育、科技、人才优势的基础上,无事不扰、有求必应,为企业提供全生命周期 服务;上海市扩大中小企业发展专项资金规模,提高支持专精特新中小企业比例;江苏省通过“揭榜挂 帅”机制,让大企业“发榜”、专精特新中小企业参与“揭榜”,让专精特新中小企业加速融入产业链供 应链......","(1)结合材料,运用《逻辑与思维》知识,写出上述同学判断同时为真的条件,并说明理由。","{""target"": ""B2_ECONOMICS"", ""target_score"": 0, ""boundary"": ""XB3_EXCLUDED"", ""boundary_score"": 2, ""matches"": {""XB3_EXCLUDED"": ""逻辑与思维,boost:逻辑与思维""}, ""explicit_boundary_modules"": {""XB3_EXCLUDED"": [""逻辑与思维""]}, ""override"": ""explicit_boundary_term""}"
2025_顺义_一模,2025,顺义,一模,17,17(2),2,paper,/Users/wanglifei/Desktop/2025模拟题/2025各区一模/2025顺义一模/试卷/试卷.pdf,B3_POLITICS_RULE_OF_LAW,included,resolved_target_subquestion,future_baodian_intake,"(2)结合材料,运用《政治与法治》知识说明我国如何促进专精特新中小企业发展壮大。","(2)结合材料,运用《政治与法治》知识说明我国如何促进专精特新中小企业发展壮大。","{""target"": ""B3_POLITICS_RULE_OF_LAW"", ""target_score"": 2, ""boundary"": ""B4_PHILOSOPHY_EXCLUDED"", ""boundary_score"": 0, ""matches"": {""B3_POLITICS_RULE_OF_LAW"": ""政治与法治,boost:政治与法治""}}"
2026_东城_二模,2026,东城,二模,20,20(1),1,paper,/Users/wanglifei/Desktop/2026模拟题/2026各区二模/2026东城二模/试卷/2026北京东城高三二模政治（教师版）.docx,B2_ECONOMICS,included,resolved_target_subquestion,future_baodian_intake,(1)概括材料一反映的经济信息。(4分),(1)概括材料一反映的经济信息。(4分),"{""override"": ""prompt_router"", ""prompt_terms"": [""经济信息/经济角度""], ""classification_text"": ""(1)概括材料一反映的经济信息。(4分)"", ""base_decision"": ""{\""target\"": \""B2_ECONOMICS\"", \""target_score\"": 0, \""boundary\"": \""B4_PHILOSOPHY_EXCLUDED\"", \""boundary_score\"": 0, \""matches\"": {}}""}"
2026_东城_二模,2026,东城,二模,20,20(2),2,paper,/Users/wanglifei/Desktop/2026模拟题/2026各区二模/2026东城二模/试卷/2026北京东城高三二模政治（教师版）.docx,B2_ECONOMICS,included,resolved_target_subquestion,future_baodian_intake,"(2)运用《经济与社会》知识,说明材料二中的举措如何促进服务消费高质量发展。(7分) 材料三 我国持续打造“购在中国”品牌,丰富国货潮品、中华老字号供给,优化入境消费服务,出台离境退税政策,推动购物、旅游、展演等业态融合。2025年,全国口岸出入境外国人8203.5万人次,同比增长26.4%。 我国持续擦亮“投资中国”名片,实施《鼓励外商投资产业目录(2025年版)》,对接国际标准,扩大服务业市场准入,落实外资税收抵免政策。2026年1——2月,全国新设立外资企业同比增长14%,实际使用外资金额1614.5亿元。 中国不断释放独特的开放红利,为不确定的世界注入更多的确定性。","(2)运用《经济与社会》知识,说明","{""target"": ""B2_ECONOMICS"", ""target_score"": 2, ""boundary"": ""B4_PHILOSOPHY_EXCLUDED"", ""boundary_score"": 0, ""matches"": {""B2_ECONOMICS"": ""经济与社会,boost:经济与社会""}}"
2026_东城_二模,2026,东城,二模,20,20(3),3,paper,/Users/wanglifei/Desktop/2026模拟题/2026各区二模/2026东城二模/试卷/2026北京东城高三二模政治（教师版）.docx,XB1_EXCLUDED,module-boundary-excluded,resolved_boundary_subquestion,exclude_from_three_target_lines,"(3)结合材料三,运用《当代国际政治与经济》知识,分析“购在中国”与“投资中国”如何协同发力,释放我国独特的开放红利。(7分)","(3)结合材料三,运用《当代国际政治与经济》知识,分析“购在中国”与“投资中国”如何协同发力,释放我国独特的开放红利。(7分)","{""target"": ""B2_ECONOMICS"", ""target_score"": 0, ""boundary"": ""XB1_EXCLUDED"", ""boundary_score"": 2, ""matches"": {""XB1_EXCLUDED"": ""当代国际政治与经济,boost:当代国际政治与经济""}, ""explicit_boundary_modules"": {""XB1_EXCLUDED"": [""当代国际政治与经济""]}, ""override"": ""explicit_boundary_term""}"
2026_丰台_一模,2026,丰台,一模,18,18(1),1,ocr-cache,/Users/wanglifei/Desktop/北京高考政治/reports/必修二三与必修四文化_题源分类准备_20260617_1301/02_text_cache/ocr_cache/2026_丰台_一模/试卷.ocr.txt,B2_ECONOMICS,included,resolved_target_subquestion,future_baodian_intake,"(1)运用《经济与社会》知识,分析“加减乘除”在推动消费持续增长的过程 中是怎样发挥作用的。(8分) 在讨论过程中,两位同学作出如下推理。 甲:只有各项提振消费的举措扎实落地,才能有效释放消费潜力。如果消费潜力 得到有效释放,那么各项提振消费的举措已经扎实落地了。 乙:产品质量的提升能够带动居民消费,改善消费环境不能提升“品质量。所 以,改善消费环境不能带动居民消费。","(1)运用《经济与社会》知识,分析“加减乘除”在推动消费持续增长的过程 中是怎样发挥作用的。(8分)","{""target"": ""B2_ECONOMICS"", ""target_score"": 3, ""boundary"": ""B4_PHILOSOPHY_EXCLUDED"", ""boundary_score"": 0, ""matches"": {""B2_ECONOMICS"": ""经济与社会,消费,boost:经济与社会""}}"
2026_丰台_一模,2026,丰台,一模,18,18(2),2,ocr-cache,/Users/wanglifei/Desktop/北京高考政治/reports/必修二三与必修四文化_题源分类准备_20260617_1301/02_text_cache/ocr_cache/2026_丰台_一模/试卷.ocr.txt,XB3_EXCLUDED,module-boundary-excluded,resolved_boundary_subquestion,exclude_from_three_target_lines,"(2)分别写出上述推理的类型,判断是否正确,并说明理由。(6分) 高三思想政治 第7页(共10页) CS 扫描全能王 3亿人都在用的扫描App ===== 试卷.pdf page 8 =====","(2)分别写出上述推理的类型,判断是否正确,并说明理由。(6分)","{""target"": ""B2_ECONOMICS"", ""target_score"": 0, ""boundary"": ""XB3_EXCLUDED"", ""boundary_score"": 2, ""matches"": {""XB3_EXCLUDED"": ""推理,boost:推理""}, ""explicit_boundary_modules"": {""XB3_EXCLUDED"": [""推理""]}, ""override"": ""explicit_boundary_term""}"
2026_延庆_一模,2026,延庆,一模,19,19(1),1,paper,/Users/wanglifei/Desktop/2026模拟题/2026各区一模/2026延庆一模/试卷/试卷.pdf,B2_ECONOMICS,included,resolved_target_subquestion,future_baodian_intake,"(1)结合材料一,运用《经济与社会》知识,分析我国是如何以“电力自由”推动经济高质量发展 的。 (8 分) 材料二 志合者,不以山海为远。 作为最大的发展中国家,中国持续深化绿色能源国际合作,推动重塑全球能源治理格局,携手各国共 建可持续发展的未来。","(1)结合材料一,运用《经济与社会》知识,分析我国是如何以“电力自由”推动经济高质量发展 的。 (8 分)","{""target"": ""B2_ECONOMICS"", ""target_score"": 4, ""boundary"": ""B4_PHILOSOPHY_EXCLUDED"", ""boundary_score"": 0, ""matches"": {""B2_ECONOMICS"": ""经济与社会,高质量发展,boost:经济与社会,boost:高质量发展""}}"
2026_延庆_一模,2026,延庆,一模,19,19(2),2,paper,/Users/wanglifei/Desktop/2026模拟题/2026各区一模/2026延庆一模/试卷/试卷.pdf,XB1_EXCLUDED,module-boundary-excluded,resolved_boundary_subquestion,exclude_from_three_target_lines,"(2)结合材料二,运用《当代国际政治与经济》知识,说明中国“推动重塑全球能源治理格局”的 中国发起的“一带 一路”绿色发展指数, 纳入 40 多个国家的评估 体系并成为联合国环境 署参考标准,推动全球 生态文明建设形成“指 标共商、策略共研、成 效共评”新机制。 中国以“一带一 路”为载体,在巴基斯 坦、肯尼亚等国落地风 电、光伏及低碳铁路项 目,既解当地民生之 需,又实现了年减碳数 百万吨,为其他国家提 供发展与保护平衡的可 复制方案。 “输出绿色基建” 中国与共建国家分享 环保、生态修复等技术, 向 42 个发展中国家签署 50 余份合作文件,提供 动员资金超 1770 亿元。 中国出口的风电、光伏产 品覆盖 200 多个国家和地 区,风电零部件产量占全 球70%以上。 “支撑能源转型” “推动协同治理” 第7页/共9页 理论逻辑和价值意蕴。 (8 分)","(2)结合材料二,运用《当代国际政治与经济》知识,说明中国“推动重塑全球能源治理格局”的 中国发起的“一带 一路”绿色发展指数, 纳入 40 多个国家的评估 体系并成为联合国环境 署参考标准,推动全球 生态文明建设形成“指 标共商、策略共研、成 效共评”新机制。 中国以“一带一 路”为载体,在巴基斯 坦、肯尼亚等国落地风 电、光伏及低碳铁路项 目,既解当地民生之 需,又实现了年减碳数 百万吨,为其他国家提 供发展与保护平衡的可 复制方案。 “输出绿色基建” 中国与共建国家分享 环保、生态修复等技术, 向 42 个发展中国家签署 50 余份合作文件,提供 动员资金超 1770 亿元。 中国出口的风电、光伏产 品覆盖 200 多个国家和地 区,风电零部件产量占全 球70%以上。 “支撑能源转型” “推动协同治理” 第7页/共9页 理论逻辑和价值意蕴。 (8 分)","{""target"": ""B2_ECONOMICS"", ""target_score"": 0, ""boundary"": ""XB1_EXCLUDED"", ""boundary_score"": 4, ""matches"": {""XB1_EXCLUDED"": ""当代国际政治与经济,联合国,boost:当代国际政治与经济,boost:联合国""}, ""explicit_boundary_modules"": {""XB1_EXCLUDED"": [""当代国际政治与经济"", ""联合国""]}, ""override"": ""explicit_boundary_term""}"
2026_房山_一模,2026,房山,一模,16,16(1),1,ocr-cache,/Users/wanglifei/Desktop/北京高考政治/reports/必修二三与必修四文化_题源分类准备_20260617_1301/02_text_cache/ocr_cache/2026_房山_一模/试卷.ocr.txt,B2_ECONOMICS,included,resolved_target_subquestion,future_baodian_intake,"(1)结合材料一,运用《经济与社会》知识,说明该地因地制宜服务大局的思路。(7分) 材料二 因地制宜,本质就是实事求是。推进高质量发展没有“一招鲜”,否则就会 出现“干城一面”、盲目内卷。扶贫要实事求是,因地制宜;乡村振兴要因村制宜,精准 施策;生态冶理要宜林则林、宜草则草、宜沙则沙、宜荒则荒;区域协调发展要宜水则水、 宜山则山,宜粮则粮、宜农则农,宜工则工、宜商则商。","(1)结合材料一,运用《经济与社会》知识,说明该地因地制宜服务大局的思路。(7分)","{""target"": ""B2_ECONOMICS"", ""target_score"": 2, ""boundary"": ""B4_PHILOSOPHY_EXCLUDED"", ""boundary_score"": 0, ""matches"": {""B2_ECONOMICS"": ""经济与社会,boost:经济与社会""}}"
2026_房山_一模,2026,房山,一模,16,16(2),2,ocr-cache,/Users/wanglifei/Desktop/北京高考政治/reports/必修二三与必修四文化_题源分类准备_20260617_1301/02_text_cache/ocr_cache/2026_房山_一模/试卷.ocr.txt,B4_PHILOSOPHY_EXCLUDED,module-boundary-excluded,resolved_boundary_subquestion,exclude_from_three_target_lines,"(2)结合材料一和材料二,运用哲学却识,谈谈你对“因地制宜,本质就是实事求是” 的理解。(7分) ===== 试卷.pdf page 8 =====","(2)结合材料一和材料二,运用哲学却识,谈谈你对“因地制宜,本质就是实事求是” 的理解。(7分)","{""override"": ""prompt_router"", ""prompt_terms"": [""哲学""], ""classification_text"": ""(2)结合材料一和材料二,运用哲学却识,谈谈你对“因地制宜,本质就是实事求是” 的理解。(7分)"", ""base_decision"": ""{\""target\"": \""B2_ECONOMICS\"", \""target_score\"": 0, \""boundary\"": \""B4_PHILOSOPHY_EXCLUDED\"", \""boundary_score\"": 0, \""matches\"": {}}""}"
2026_朝阳_二模,2026,朝阳,二模,19,19(1),1,paper,/Users/wanglifei/Desktop/2026模拟题/2026各区二模/2026朝阳二模/试卷/2026北京朝阳高三二模政治（教师版）.docx,XB3_EXCLUDED,module-boundary-excluded,resolved_boundary_subquestion,exclude_from_three_target_lines,"(1)运用《逻辑与思维》中“明确概念内涵的方法”知识,分析材料一中是如何界定“生产性服务业”这一概念的。(6分) 材料二 随着经济发展水平提高,服务经济加快发展是国家现代化的一般规律。服务业已成为国民经济的第一大产业。2025年,我国服务业增加值占GDP比重达57.7%,对经济增长贡献率达61.4%,已成为经济增长的“主动力”。 当前,我国服务业发展面临以下挑战: 奋进“十五五”,我们要积极应对上述挑战,采取更加务实有力的举措促进服务业优质高效发展。","(1)运用《逻辑与思维》中“明确概念内涵的方法”知识,分析","{""target"": ""B2_ECONOMICS"", ""target_score"": 0, ""boundary"": ""XB3_EXCLUDED"", ""boundary_score"": 2, ""matches"": {""XB3_EXCLUDED"": ""逻辑与思维,boost:逻辑与思维""}, ""explicit_boundary_modules"": {""XB3_EXCLUDED"": [""逻辑与思维""]}, ""override"": ""explicit_boundary_term""}"
2026_朝阳_二模,2026,朝阳,二模,19,19(2),2,paper,/Users/wanglifei/Desktop/2026模拟题/2026各区二模/2026朝阳二模/试卷/2026北京朝阳高三二模政治（教师版）.docx,B2_ECONOMICS,included,resolved_target_subquestion,future_baodian_intake,"(2)结合材料二,运用《经济与社会》知识,对“只要统一服务准入标准,服务业就能实现优质高效发展”这一观点进行评析。(6分)","(2)结合材料二,运用《经济与社会》知识,对“只要统一服务准入标准,服务业就能实现优质高效发展”这一观点进行评析。(6分)","{""target"": ""B2_ECONOMICS"", ""target_score"": 2, ""boundary"": ""B4_PHILOSOPHY_EXCLUDED"", ""boundary_score"": 0, ""matches"": {""B2_ECONOMICS"": ""经济与社会,boost:经济与社会""}}"
2026_朝阳_期末,2026,朝阳,期末,21,21(1),1,paper,/Users/wanglifei/Desktop/2026模拟题/2026各区期末和期中/2026朝阳期中/试卷/试卷.pdf,B4_CULTURE,included,resolved_target_subquestion,future_baodian_intake,"(1)结合材料一,运用《经济与社会》和“文化传承与文化创新”知识,说明人文经济学理论研究的实 践意义。 第7页/共8页 材料二 将人文底蕴转化为经济发展优势,在冰雪季异军突起,从传统工业城市向现象级网红旅游目 的地的身份跃迁。 该市以冰雪文化为核心,突破传统物理景观局限,将 “冷资源”转化为“热经济”。通过冰雪大世界、 太阳岛雪博会等载体,将冰雕艺术从单一观赏升级为沉浸式体验,赋予冰雪以情感温度与文化叙事。同时, 通过“历史街区+数字艺术+社群共创”打造复合型文化空间,如中央大街有着百年历史的面包石路面叠加 全息投影,形成时空折叠的步行剧场;老道外中华巴洛克建筑群植入 “非遗工坊+剧本杀”业态,使静态 建筑转化为动态文化场景等,这种突破物理空间限制的柔性业态,形成 “文旅地产+艺术展演+社群经济” 的融合模式,创造出传统景区难以复制的差异化竞争力。","(1)结合材料一,运用《经济与社会》和“文化传承与文化创新”知识,说明人文经济学理论研究的实 践意义。 第7页/共8页 材料二 将人文底蕴转化为经济发展优势,在冰雪季异军突起,从传统工业城市向现象级网红旅游目 的地的身份跃迁。 该市以冰雪文化为核心,突破传统物理景观局限,将 “冷资源”转化为“热经济”。通过冰雪大世界、 太阳岛雪博会等载体,将冰雕艺术从单一观赏升级为沉浸式体验,赋予冰雪以情感温度与文化叙事。同时, 通过“历史街区+数字艺术+社群共创”打造复合型文化空间,如中央大街有着百年历史的面包石路面叠加 全息投影,形成时空折叠的步行剧场;老道外中华巴洛克建筑群植入 “非遗工坊+剧本杀”业态,使静态 建筑转化为动态文化场景等,这种突破物理空间限制的柔性业态,形成 “文旅地产+艺术展演+社群","{""target"": ""B4_CULTURE"", ""target_score"": 14, ""boundary"": ""B4_PHILOSOPHY_EXCLUDED"", ""boundary_score"": 0, ""matches"": {""B2_ECONOMICS"": ""经济与社会,boost:经济与社会"", ""B4_CULTURE"": ""文化,文化传承,文化创新,非遗,文旅,boost:文化传承,boost:文化创新,boost:非遗,boost:文旅""}}"
2026_朝阳_期末,2026,朝阳,期末,21,21(2),2,paper,/Users/wanglifei/Desktop/2026模拟题/2026各区期末和期中/2026朝阳期中/试卷/试卷.pdf,XB3_EXCLUDED,module-boundary-excluded,resolved_boundary_subquestion,exclude_from_three_target_lines,"(2)结合材料二,运用《逻辑与思维》知识,说明该市是如何运用创新思维将人文底蕴转化为经济发展 优势的。 第8页/共8页 参考答案 第一部分(选择题) 本部分共 15 题,每题 3 分,共 45 分。在每题列出的四个选项中,选出最符合题目要求的一 项。 1 2 3 4 5 6 7 8 9 10 11 12 13 14 15 A C C A B B D D C C A B D B D 第二部分(非选择题) 本部分共 6 题,共 55 分。","(2)结合材料二,运用《逻辑与思维》知识,说明该市是如何运用创新思维将人文底蕴转化为经济发展 优势的。 第8页/共8页 参考答案 第一部分(选择题) 本部分共 15 题,每题 3 分,共 45 分。在每题列出的四个选项中,选出最符合题目要求的一 项。 1 2 3 4 5 6 7 8 9 10 11 12 13 14 15 A C C A B B D D C C A B D B D 第二部分(非选择题) 本部分共 6 题,共 55 分。","{""target"": ""B2_ECONOMICS"", ""target_score"": 0, ""boundary"": ""XB3_EXCLUDED"", ""boundary_score"": 4, ""matches"": {""XB3_EXCLUDED"": ""逻辑与思维,创新思维,boost:逻辑与思维,boost:创新思维""}, ""explicit_boundary_modules"": {""XB3_EXCLUDED"": [""逻辑与思维"", ""创新思维""]}, ""override"": ""explicit_boundary_term""}"
2026_石景山_二模,2026,石景山,二模,17,17(1),1,paper,/Users/wanglifei/Desktop/2026模拟题/2026各区二模/2026石景山二模/试卷/2026北京石景山高三二模政治（教师版）.docx,B3_POLITICS_RULE_OF_LAW,included,resolved_target_subquestion,future_baodian_intake,"(1)结合材料一,运用《政治与法治》知识,分析《养老条例》如何促进养老从“小家之事”到“大城之治”。(8分) 材料二 从本次立法实践看,最大的难点在于如何将长期以来“多元参与”的原则性表述,转化为主体明确、划分清晰的责任体系。“政府保基本、市场供选择、社会补稳定、家庭为基础”,立法通过划分居家、社区、机构养老三类服务,为四方角色精准定位,编织起一张权责清晰、衔接有序的保障网络。从为照料者提供“喘息”机会,到加码专业照护指导,一个为家庭提供有力支撑的社会系统正加速构建。","(1)结合材料一,运用《政治与法治》知识,分析《养老条例》如何促进养老从“小家之事”到“大城之治”。(8分)","{""target"": ""B3_POLITICS_RULE_OF_LAW"", ""target_score"": 2, ""boundary"": ""B4_PHILOSOPHY_EXCLUDED"", ""boundary_score"": 0, ""matches"": {""B3_POLITICS_RULE_OF_LAW"": ""政治与法治,boost:政治与法治""}}"
2026_石景山_二模,2026,石景山,二模,17,17(2),2,paper,/Users/wanglifei/Desktop/2026模拟题/2026各区二模/2026石景山二模/试卷/2026北京石景山高三二模政治（教师版）.docx,XB3_EXCLUDED,module-boundary-excluded,resolved_boundary_subquestion,exclude_from_three_target_lines,"(2)结合材料二,运用《逻辑与思维》知识,分析如何以辩证思维方法应对养老立法的最大难点。(6分) 材料三 努力将制度设计的每一条,对应好老年人的一餐一饭、一医一药,将责任落实为人人可期的守护,这样的可及感、踏实感、获得感,支撑的不只是“老有所养”的基本保障,更是“老有优养”的品质追求。说到底,“良法”只是起点,“善治”才是目标。","(2)结合材料二,运用《逻辑与思维》知识,分析如何以辩证思维方法应对养老立法的最大难点。(6分)","{""target"": ""B2_ECONOMICS"", ""target_score"": 0, ""boundary"": ""XB3_EXCLUDED"", ""boundary_score"": 4, ""matches"": {""XB3_EXCLUDED"": ""逻辑与思维,辩证思维,boost:逻辑与思维,boost:辩证思维""}, ""explicit_boundary_modules"": {""XB3_EXCLUDED"": [""逻辑与思维"", ""辩证思维""]}, ""override"": ""explicit_boundary_term""}"
2026_石景山_二模,2026,石景山,二模,17,17(3),3,paper,/Users/wanglifei/Desktop/2026模拟题/2026各区二模/2026石景山二模/试卷/2026北京石景山高三二模政治（教师版）.docx,B4_PHILOSOPHY_EXCLUDED,module-boundary-excluded,resolved_boundary_subquestion,exclude_from_three_target_lines,"(3)从哲学角度,分析“良法”和“善治”的关联。(7分)","(3)从哲学角度,分析“良法”和“善治”的关联。(7分)","{""override"": ""prompt_router"", ""prompt_terms"": [""哲学""], ""classification_text"": ""(3)从哲学角度,分析“良法”和“善治”的关联。(7分)"", ""base_decision"": ""{\""target\"": \""B2_ECONOMICS\"", \""target_score\"": 0, \""boundary\"": \""B4_PHILOSOPHY_EXCLUDED\"", \""boundary_score\"": 0, \""matches\"": {}}""}"
