suite_id,year,district,stage,file_path,file_type,source_type,question_range,status,notes
2024_unknown_district_unknown_stage,2024,,,/Users/wanglifei/Desktop/2024模拟题/北京2024各区《经济与社会》考题-wlfwlf.docx,docx,paper,,inventory-only,metadata_needs_review
2024_unknown_district_unknown_stage,2024,,,/Users/wanglifei/Desktop/2024模拟题/北京及2024各区《经济与社会》考题-wlf.pdf,pdf,paper,,inventory-only,metadata_needs_review
2024_unknown_district_一模,2024,,一模,/Users/wanglifei/Desktop/2024模拟题/202404各区一模试题分类（按模块）/2024届各区一模试题分类汇编必修1.docx,docx,module-classification,,inventory-only,metadata_needs_review
2024_unknown_district_一模,2024,,一模,/Users/wanglifei/Desktop/2024模拟题/202404各区一模试题分类（按模块）/2024届各区一模试题分类汇编必修2 .docx,docx,module-classification,,inventory-only,metadata_needs_review
2024_unknown_district_一模,2024,,一模,/Users/wanglifei/Desktop/2024模拟题/202404各区一模试题分类（按模块）/2024届各区一模试题分类汇编必修3.docx,docx,module-classification,,inventory-only,metadata_needs_review
2024_unknown_district_一模,2024,,一模,/Users/wanglifei/Desktop/2024模拟题/202404各区一模试题分类（按模块）/2024届各区一模试题分类汇编必修4.docx,docx,module-classification,,inventory-only,metadata_needs_review
2024_unknown_district_一模,2024,,一模,/Users/wanglifei/Desktop/2024模拟题/202404各区一模试题分类（按模块）/2024届各区一模试题分类汇编选必1.docx,docx,module-classification,,inventory-only,metadata_needs_review
2024_unknown_district_一模,2024,,一模,/Users/wanglifei/Desktop/2024模拟题/202404各区一模试题分类（按模块）/2024届各区一模试题分类汇编选必2.docx,docx,module-classification,,inventory-only,metadata_needs_review
2024_unknown_district_一模,2024,,一模,/Users/wanglifei/Desktop/2024模拟题/202404各区一模试题分类（按模块）/2024届各区一模试题分类汇编选必3.doc,doc,module-classification,,inventory-only,metadata_needs_review
2024_unknown_district_一模,2024,,一模,/Users/wanglifei/GaokaoPolitics/2024各区模拟题/202404各区一模试题分类（按模块）/2024届各区一模试题分类汇编必修1.docx,docx,module-classification,,duplicate-or-drift,exact_duplicate_of=/Users/wanglifei/Desktop/2024模拟题/202404各区一模试题分类（按模块）/2024届各区一模试题分类汇编必修1.docx; metadata_needs_review
2024_unknown_district_一模,2024,,一模,/Users/wanglifei/GaokaoPolitics/2024各区模拟题/202404各区一模试题分类（按模块）/2024届各区一模试题分类汇编必修2 .docx,docx,module-classification,,duplicate-or-drift,exact_duplicate_of=/Users/wanglifei/Desktop/2024模拟题/202404各区一模试题分类（按模块）/2024届各区一模试题分类汇编必修2 .docx; metadata_needs_review
2024_unknown_district_一模,2024,,一模,/Users/wanglifei/GaokaoPolitics/2024各区模拟题/202404各区一模试题分类（按模块）/2024届各区一模试题分类汇编必修3.docx,docx,module-classification,,duplicate-or-drift,exact_duplicate_of=/Users/wanglifei/Desktop/2024模拟题/202404各区一模试题分类（按模块）/2024届各区一模试题分类汇编必修3.docx; metadata_needs_review
2024_unknown_district_一模,2024,,一模,/Users/wanglifei/GaokaoPolitics/2024各区模拟题/202404各区一模试题分类（按模块）/2024届各区一模试题分类汇编必修4.docx,docx,module-classification,,duplicate-or-drift,exact_duplicate_of=/Users/wanglifei/Desktop/2024模拟题/202404各区一模试题分类（按模块）/2024届各区一模试题分类汇编必修4.docx; metadata_needs_review
2024_unknown_district_一模,2024,,一模,/Users/wanglifei/GaokaoPolitics/2024各区模拟题/202404各区一模试题分类（按模块）/2024届各区一模试题分类汇编选必1.docx,docx,module-classification,,duplicate-or-drift,exact_duplicate_of=/Users/wanglifei/Desktop/2024模拟题/202404各区一模试题分类（按模块）/2024届各区一模试题分类汇编选必1.docx; metadata_needs_review
2024_unknown_district_一模,2024,,一模,/Users/wanglifei/GaokaoPolitics/2024各区模拟题/202404各区一模试题分类（按模块）/2024届各区一模试题分类汇编选必2.docx,docx,module-classification,,duplicate-or-drift,exact_duplicate_of=/Users/wanglifei/Desktop/2024模拟题/202404各区一模试题分类（按模块）/2024届各区一模试题分类汇编选必2.docx; metadata_needs_review
2024_unknown_district_一模,2024,,一模,/Users/wanglifei/GaokaoPolitics/2024各区模拟题/202404各区一模试题分类（按模块）/2024届各区一模试题分类汇编选必3.doc,doc,module-classification,,duplicate-or-drift,exact_duplicate_of=/Users/wanglifei/Desktop/2024模拟题/202404各区一模试题分类（按模块）/2024届各区一模试题分类汇编选必3.doc; metadata_needs_review
2024_东城_一模,2024,东城,一模,/Users/wanglifei/Desktop/2024模拟题/2024东城一模/试卷/试卷.pdf,pdf,paper,,inventory-only,
2024_东城_一模,2024,东城,一模,/Users/wanglifei/GaokaoPolitics/2024各区模拟题/2024东城一模/北京市东城区2023-2024学年度第二学期高三综合练习（一）思想政治试卷(1).pdf,pdf,paper,,duplicate-or-drift,exact_duplicate_of=/Users/wanglifei/Desktop/2024模拟题/2024东城一模/试卷/试卷.pdf
2024_东城_一模,2024,东城,一模,/Users/wanglifei/GaokaoPolitics/2024各区模拟题/2024东城一模/北京市东城区2023-2024学年度第二学期高三综合练习（一）思想政治答案(1).pdf,pdf,reference-answer,,duplicate-or-drift,exact_duplicate_of=/Users/wanglifei/Desktop/2024模拟题/2024东城一模/细则/补充材料/北京市东城区2023-2024学年度第二学期高三综合练习（一）思想政治答案(1).pdf
2024_东城_一模,2024,东城,一模,/Users/wanglifei/Desktop/2024模拟题/2024东城一模/细则/细则.pptx,pptx,rubric,,inventory-only,
2024_东城_一模,2024,东城,一模,/Users/wanglifei/Desktop/2024模拟题/2024东城一模/细则/补充材料/北京市东城区2023-2024学年度第二学期高三综合练习（一）思想政治答案(1).pdf,pdf,rubric,,inventory-only,
2024_东城_一模,2024,东城,一模,/Users/wanglifei/GaokaoPolitics/2024各区模拟题/2024东城一模/2024东城一模政治评标1.pptx,pptx,rubric,,duplicate-or-drift,exact_duplicate_of=/Users/wanglifei/Desktop/2024模拟题/2024东城一模/细则/细则.pptx
2024_东城_二模,2024,东城,二模,/Users/wanglifei/GaokaoPolitics/2024各区模拟题/东城二模/阅卷总结/16题/16题二模阅卷总结.docx,docx,marking-report,,duplicate-or-drift,exact_duplicate_of=/Users/wanglifei/Desktop/2024模拟题/东城二模/细则/分题细则/阅卷总结/16题/16题二模阅卷总结.docx
2024_东城_二模,2024,东城,二模,/Users/wanglifei/GaokaoPolitics/2024各区模拟题/东城二模/阅卷总结/17题/17(1).docx,docx,marking-report,,duplicate-or-drift,exact_duplicate_of=/Users/wanglifei/Desktop/2024模拟题/东城二模/细则/分题细则/阅卷总结/17题/17(1).docx
2024_东城_二模,2024,东城,二模,/Users/wanglifei/GaokaoPolitics/2024各区模拟题/东城二模/阅卷总结/17题/17-2.docx,docx,marking-report,,duplicate-or-drift,exact_duplicate_of=/Users/wanglifei/Desktop/2024模拟题/东城二模/细则/分题细则/阅卷总结/17题/17-2.docx
2024_东城_二模,2024,东城,二模,/Users/wanglifei/GaokaoPolitics/2024各区模拟题/东城二模/阅卷总结/18题/18(1).docx,docx,marking-report,,duplicate-or-drift,exact_duplicate_of=/Users/wanglifei/Desktop/2024模拟题/东城二模/细则/分题细则/阅卷总结/18题/18(1).docx
2024_东城_二模,2024,东城,二模,/Users/wanglifei/GaokaoPolitics/2024各区模拟题/东城二模/阅卷总结/18题/18（2）.docx,docx,marking-report,,duplicate-or-drift,exact_duplicate_of=/Users/wanglifei/Desktop/2024模拟题/东城二模/细则/分题细则/阅卷总结/18题/18（2）.docx
2024_东城_二模,2024,东城,二模,/Users/wanglifei/GaokaoPolitics/2024各区模拟题/东城二模/阅卷总结/19题/19（1）.docx,docx,marking-report,,duplicate-or-drift,exact_duplicate_of=/Users/wanglifei/Desktop/2024模拟题/东城二模/细则/分题细则/阅卷总结/19题/19（1）.docx
2024_东城_二模,2024,东城,二模,/Users/wanglifei/GaokaoPolitics/2024各区模拟题/东城二模/阅卷总结/19题/19（2）.docx,docx,marking-report,,duplicate-or-drift,exact_duplicate_of=/Users/wanglifei/Desktop/2024模拟题/东城二模/细则/分题细则/阅卷总结/19题/19（2）.docx
2024_东城_二模,2024,东城,二模,/Users/wanglifei/GaokaoPolitics/2024各区模拟题/东城二模/阅卷总结/21题/20小题二模阅卷总结.docx,docx,marking-report,,duplicate-or-drift,exact_duplicate_of=/Users/wanglifei/Desktop/2024模拟题/东城二模/细则/分题细则/阅卷总结/21题/20小题二模阅卷总结.docx
2024_东城_二模,2024,东城,二模,/Users/wanglifei/GaokaoPolitics/2024各区模拟题/东城二模/阅卷总结/21题/21.docx,docx,marking-report,,duplicate-or-drift,exact_duplicate_of=/Users/wanglifei/Desktop/2024模拟题/东城二模/细则/分题细则/阅卷总结/21题/21.docx
2024_东城_二模,2024,东城,二模,/Users/wanglifei/GaokaoPolitics/2024各区模拟题/东城二模/阅卷总结/21题/21题(1).pptx,pptx,marking-report,,duplicate-or-drift,exact_duplicate_of=/Users/wanglifei/Desktop/2024模拟题/东城二模/细则/分题细则/阅卷总结/21题/21题(1).pptx
2024_东城_二模,2024,东城,二模,/Users/wanglifei/Desktop/2024模拟题/东城二模/试卷/试卷.pdf,pdf,paper,,inventory-only,
2024_东城_二模,2024,东城,二模,/Users/wanglifei/GaokaoPolitics/2024各区模拟题/东城二模/001北京市东城区2023-2024学年度第二学期高三综合练习（二）思想政治.pdf,pdf,paper,,duplicate-or-drift,exact_duplicate_of=/Users/wanglifei/Desktop/2024模拟题/东城二模/试卷/试卷.pdf
2024_东城_二模,2024,东城,二模,/Users/wanglifei/GaokaoPolitics/2024各区模拟题/东城二模/002北京市东城区2023-2024学年度第二学期高三综合练习（二）思想政治答案.pdf,pdf,reference-answer,,duplicate-or-drift,exact_duplicate_of=/Users/wanglifei/Desktop/2024模拟题/东城二模/细则/补充材料/细则.pdf
2024_东城_二模,2024,东城,二模,/Users/wanglifei/Desktop/2024模拟题/东城二模/细则/分题细则/阅卷总结/16题/16题二模阅卷总结.docx,docx,rubric,,inventory-only,
2024_东城_二模,2024,东城,二模,/Users/wanglifei/Desktop/2024模拟题/东城二模/细则/分题细则/阅卷总结/16题/16题评分细则.pptx,pptx,rubric,,inventory-only,
2024_东城_二模,2024,东城,二模,/Users/wanglifei/Desktop/2024模拟题/东城二模/细则/分题细则/阅卷总结/17题/17(1).docx,docx,rubric,,inventory-only,
2024_东城_二模,2024,东城,二模,/Users/wanglifei/Desktop/2024模拟题/东城二模/细则/分题细则/阅卷总结/17题/17-2.docx,docx,rubric,,inventory-only,
2024_东城_二模,2024,东城,二模,/Users/wanglifei/Desktop/2024模拟题/东城二模/细则/分题细则/阅卷总结/18题/18(1).docx,docx,rubric,,inventory-only,
2024_东城_二模,2024,东城,二模,/Users/wanglifei/Desktop/2024模拟题/东城二模/细则/分题细则/阅卷总结/18题/18（2）.docx,docx,rubric,,inventory-only,
2024_东城_二模,2024,东城,二模,/Users/wanglifei/Desktop/2024模拟题/东城二模/细则/分题细则/阅卷总结/19题/19（1）.docx,docx,rubric,,inventory-only,
2024_东城_二模,2024,东城,二模,/Users/wanglifei/Desktop/2024模拟题/东城二模/细则/分题细则/阅卷总结/19题/19（2）.docx,docx,rubric,,inventory-only,
2024_东城_二模,2024,东城,二模,/Users/wanglifei/Desktop/2024模拟题/东城二模/细则/分题细则/阅卷总结/21题/20小题二模阅卷总结.docx,docx,rubric,,inventory-only,
2024_东城_二模,2024,东城,二模,/Users/wanglifei/Desktop/2024模拟题/东城二模/细则/分题细则/阅卷总结/21题/21.docx,docx,rubric,,inventory-only,
2024_东城_二模,2024,东城,二模,/Users/wanglifei/Desktop/2024模拟题/东城二模/细则/分题细则/阅卷总结/21题/21题(1).pptx,pptx,rubric,,inventory-only,
2024_东城_二模,2024,东城,二模,/Users/wanglifei/Desktop/2024模拟题/东城二模/细则/补充材料/细则.pdf,pdf,rubric,,inventory-only,
2024_东城_二模,2024,东城,二模,/Users/wanglifei/GaokaoPolitics/2024各区模拟题/东城二模/阅卷总结/16题/16题评分细则.pptx,pptx,rubric,,duplicate-or-drift,exact_duplicate_of=/Users/wanglifei/Desktop/2024模拟题/东城二模/细则/分题细则/阅卷总结/16题/16题评分细则.pptx
2024_丰台_一模,2024,丰台,一模,/Users/wanglifei/Desktop/2024模拟题/丰台一模/试卷/试卷.pdf,pdf,paper,,inventory-only,
2024_丰台_一模,2024,丰台,一模,/Users/wanglifei/GaokaoPolitics/2024各区模拟题/丰台一模/丰台高三一模政治试卷终版.pdf,pdf,paper,,duplicate-or-drift,exact_duplicate_of=/Users/wanglifei/Desktop/2024模拟题/丰台一模/试卷/试卷.pdf
2024_丰台_一模,2024,丰台,一模,/Users/wanglifei/Desktop/2024模拟题/丰台一模/试卷/补充材料/2024北京丰台高三一模政治试题及答案.pdf,pdf,reference-answer,,inventory-only,
2024_丰台_一模,2024,丰台,一模,/Users/wanglifei/GaokaoPolitics/2024各区模拟题/丰台一模/2024北京丰台高三一模政治试题及答案.pdf,pdf,reference-answer,,duplicate-or-drift,exact_duplicate_of=/Users/wanglifei/Desktop/2024模拟题/丰台一模/试卷/补充材料/2024北京丰台高三一模政治试题及答案.pdf
2024_丰台_一模,2024,丰台,一模,/Users/wanglifei/Desktop/2024模拟题/丰台一模/细则/细则.docx,docx,rubric,,inventory-only,
2024_丰台_一模,2024,丰台,一模,/Users/wanglifei/GaokaoPolitics/2024各区模拟题/丰台一模/丰台一模评标细则汇总.docx,docx,rubric,,duplicate-or-drift,exact_duplicate_of=/Users/wanglifei/Desktop/2024模拟题/丰台一模/细则/细则.docx
2024_丰台_二模,2024,丰台,二模,/Users/wanglifei/Desktop/2024模拟题/丰台二模/试卷/试卷.pdf,pdf,paper,,inventory-only,
2024_丰台_二模,2024,丰台,二模,/Users/wanglifei/GaokaoPolitics/2024各区模拟题/丰台二模/丰台高三二模政治试卷.pdf,pdf,paper,,duplicate-or-drift,exact_duplicate_of=/Users/wanglifei/Desktop/2024模拟题/丰台二模/试卷/试卷.pdf
2024_丰台_二模,2024,丰台,二模,/Users/wanglifei/Desktop/2024模拟题/丰台二模/细则/细则.docx,docx,rubric,,inventory-only,
2024_丰台_二模,2024,丰台,二模,/Users/wanglifei/GaokaoPolitics/2024各区模拟题/丰台二模/丰台政治二模阅卷评标.docx,docx,rubric,,duplicate-or-drift,exact_duplicate_of=/Users/wanglifei/Desktop/2024模拟题/丰台二模/细则/细则.docx
2024_朝阳_一模,2024,朝阳,一模,/Users/wanglifei/Desktop/2024模拟题/2024朝阳一模/其他材料/202404朝阳高三政治一模试卷讲评.pptx,pptx,marking-report,,duplicate-or-drift,exact_duplicate_of=/Users/wanglifei/Desktop/2024模拟题/2024朝阳一模/细则/细则.pptx
2024_朝阳_一模,2024,朝阳,一模,/Users/wanglifei/GaokaoPolitics/2024各区模拟题/2024朝阳一模/202404朝阳高三政治一模试卷讲评.pptx,pptx,marking-report,,duplicate-or-drift,exact_duplicate_of=/Users/wanglifei/Desktop/2024模拟题/2024朝阳一模/细则/细则.pptx
2024_朝阳_一模,2024,朝阳,一模,/Users/wanglifei/Desktop/2024模拟题/2024朝阳一模/试卷/试卷.pdf,pdf,paper,,inventory-only,
2024_朝阳_一模,2024,朝阳,一模,/Users/wanglifei/GaokaoPolitics/2024各区模拟题/2024朝阳一模/202404朝阳高三一模试题.pdf,pdf,paper,,duplicate-or-drift,exact_duplicate_of=/Users/wanglifei/Desktop/2024模拟题/2024朝阳一模/试卷/试卷.pdf
2024_朝阳_一模,2024,朝阳,一模,/Users/wanglifei/GaokaoPolitics/2024各区模拟题/2024朝阳一模/202404朝阳高三政治质量检测一参考答案 上交版.docx,docx,reference-answer,,duplicate-or-drift,exact_duplicate_of=/Users/wanglifei/Desktop/2024模拟题/2024朝阳一模/细则/补充材料/细则.docx
2024_朝阳_一模,2024,朝阳,一模,/Users/wanglifei/Desktop/2024模拟题/2024朝阳一模/细则/细则.pptx,pptx,rubric,,inventory-only,
2024_朝阳_一模,2024,朝阳,一模,/Users/wanglifei/Desktop/2024模拟题/2024朝阳一模/细则/补充材料/细则.docx,docx,rubric,,inventory-only,
2024_朝阳_一模,2024,朝阳,一模,/Users/wanglifei/GaokaoPolitics/2024各区模拟题/2024朝阳一模/2024朝阳一模政治评标.pptx,pptx,rubric,,duplicate-or-drift,exact_duplicate_of=/Users/wanglifei/Desktop/2024模拟题/2024朝阳一模/细则/细则.pptx
2024_朝阳_二模,2024,朝阳,二模,/Users/wanglifei/GaokaoPolitics/2024各区模拟题/2024朝阳二模/2024年朝阳二模主观题阅卷总结.pdf,pdf,marking-report,,duplicate-or-drift,exact_duplicate_of=/Users/wanglifei/Desktop/2024模拟题/2024朝阳二模/细则/细则.pdf
2024_朝阳_二模,2024,朝阳,二模,/Users/wanglifei/Desktop/2024模拟题/2024朝阳二模/试卷/试卷.pdf,pdf,paper,,inventory-only,
2024_朝阳_二模,2024,朝阳,二模,/Users/wanglifei/GaokaoPolitics/2024各区模拟题/2024朝阳二模/003202405朝阳高三二模政治试题.pdf,pdf,paper,,duplicate-or-drift,exact_duplicate_of=/Users/wanglifei/Desktop/2024模拟题/2024朝阳二模/试卷/试卷.pdf
2024_朝阳_二模,2024,朝阳,二模,/Users/wanglifei/GaokaoPolitics/2024各区模拟题/2024朝阳二模/004202405朝阳高三政治质量检测二参考答案（以PDF为准）.docx,docx,reference-answer,,duplicate-or-drift,exact_duplicate_of=/Users/wanglifei/Desktop/2024模拟题/2024朝阳二模/细则/补充材料/细则.docx
2024_朝阳_二模,2024,朝阳,二模,/Users/wanglifei/Desktop/2024模拟题/2024朝阳二模/细则/细则.pdf,pdf,rubric,,inventory-only,
2024_朝阳_二模,2024,朝阳,二模,/Users/wanglifei/Desktop/2024模拟题/2024朝阳二模/细则/补充材料/细则.docx,docx,rubric,,inventory-only,
2024_朝阳_期中,2024,朝阳,期中,/Users/wanglifei/Desktop/2024模拟题/2024朝阳期中/试卷/补充材料/202411朝阳高三政治 期中1试题(1).pdf,pdf,paper,,duplicate-or-drift,exact_duplicate_of=/Users/wanglifei/Desktop/2024模拟题/2024朝阳期中/试卷/试卷.pdf
2024_朝阳_期中,2024,朝阳,期中,/Users/wanglifei/Desktop/2024模拟题/2024朝阳期中/试卷/试卷.pdf,pdf,paper,,inventory-only,
2024_朝阳_期中,2024,朝阳,期中,/Users/wanglifei/GaokaoPolitics/2024各区模拟题/2024朝阳期中/202411朝阳高三政治 期中1试题(1).pdf,pdf,paper,,duplicate-or-drift,exact_duplicate_of=/Users/wanglifei/Desktop/2024模拟题/2024朝阳期中/试卷/试卷.pdf
2024_朝阳_期中,2024,朝阳,期中,/Users/wanglifei/GaokaoPolitics/2024各区模拟题/2024朝阳期中/202411朝阳高三政治 期中1试题.pdf,pdf,paper,,duplicate-or-drift,exact_duplicate_of=/Users/wanglifei/Desktop/2024模拟题/2024朝阳期中/试卷/试卷.pdf
2024_朝阳_期中,2024,朝阳,期中,/Users/wanglifei/Desktop/2024模拟题/2024朝阳期中/细则/细则.docx,docx,rubric,,inventory-only,
2024_朝阳_期中,2024,朝阳,期中,/Users/wanglifei/Desktop/2024模拟题/2024朝阳期中/细则/补充材料/2024.11期中政治朝阳评标2.docx,docx,rubric,,inventory-only,
2024_朝阳_期中,2024,朝阳,期中,/Users/wanglifei/GaokaoPolitics/2024各区模拟题/2024朝阳期中/2024.11期中政治朝阳评标2.docx,docx,rubric,,duplicate-or-drift,exact_duplicate_of=/Users/wanglifei/Desktop/2024模拟题/2024朝阳期中/细则/补充材料/2024.11期中政治朝阳评标2.docx
2024_朝阳_期中,2024,朝阳,期中,/Users/wanglifei/GaokaoPolitics/2024各区模拟题/2024朝阳期中/2024.11期中政治朝阳评标docx.docx,docx,rubric,,duplicate-or-drift,exact_duplicate_of=/Users/wanglifei/Desktop/2024模拟题/2024朝阳期中/细则/细则.docx
2024_海淀_一模,2024,海淀,一模,/Users/wanglifei/Desktop/2024模拟题/2024海淀一模/试卷/试卷.pdf,pdf,paper,,inventory-only,
2024_海淀_一模,2024,海淀,一模,/Users/wanglifei/GaokaoPolitics/2024各区模拟题/2024海淀一模/高三政治：一模试题.pdf,pdf,paper,,duplicate-or-drift,exact_duplicate_of=/Users/wanglifei/Desktop/2024模拟题/2024海淀一模/试卷/试卷.pdf
2024_海淀_一模,2024,海淀,一模,/Users/wanglifei/GaokaoPolitics/2024各区模拟题/2024海淀一模/一模政治-答案.docx,docx,reference-answer,,duplicate-or-drift,exact_duplicate_of=/Users/wanglifei/Desktop/2024模拟题/2024海淀一模/细则/补充材料/一模政治-答案.docx
2024_海淀_一模,2024,海淀,一模,/Users/wanglifei/Desktop/2024模拟题/2024海淀一模/细则/细则.docx,docx,rubric,,inventory-only,
2024_海淀_一模,2024,海淀,一模,/Users/wanglifei/Desktop/2024模拟题/2024海淀一模/细则/补充材料/一模政治-答案.docx,docx,rubric,,inventory-only,
2024_海淀_一模,2024,海淀,一模,/Users/wanglifei/GaokaoPolitics/2024各区模拟题/2024海淀一模/海淀区一模细则及答案docx.docx,docx,rubric,,duplicate-or-drift,exact_duplicate_of=/Users/wanglifei/Desktop/2024模拟题/2024海淀一模/细则/细则.docx
2024_海淀_二模,2024,海淀,二模,/Users/wanglifei/Desktop/2024模拟题/海淀二模/试卷/补充材料/高三二模：政治试题（以PDF为准）(1).docx,docx,paper,,inventory-only,
2024_海淀_二模,2024,海淀,二模,/Users/wanglifei/Desktop/2024模拟题/海淀二模/试卷/试卷.pdf,pdf,paper,,inventory-only,
2024_海淀_二模,2024,海淀,二模,/Users/wanglifei/GaokaoPolitics/2024各区模拟题/海淀二模/高三二模：政治试题（以PDF为准）(1).docx,docx,paper,,duplicate-or-drift,exact_duplicate_of=/Users/wanglifei/Desktop/2024模拟题/海淀二模/试卷/补充材料/高三二模：政治试题（以PDF为准）(1).docx
2024_海淀_二模,2024,海淀,二模,/Users/wanglifei/GaokaoPolitics/2024各区模拟题/海淀二模/高三政治：二模试题（海）(1).pdf,pdf,paper,,duplicate-or-drift,exact_duplicate_of=/Users/wanglifei/Desktop/2024模拟题/海淀二模/试卷/试卷.pdf
2024_海淀_二模,2024,海淀,二模,/Users/wanglifei/GaokaoPolitics/2024各区模拟题/海淀二模/高三二模：政治答案(2).docx,docx,reference-answer,,duplicate-or-drift,exact_duplicate_of=/Users/wanglifei/Desktop/2024模拟题/海淀二模/细则/补充材料/高三二模：政治答案(2).docx
2024_海淀_二模,2024,海淀,二模,/Users/wanglifei/Desktop/2024模拟题/海淀二模/细则/细则.docx,docx,rubric,,inventory-only,
2024_海淀_二模,2024,海淀,二模,/Users/wanglifei/Desktop/2024模拟题/海淀二模/细则/补充材料/高三二模：政治答案(2).docx,docx,rubric,,inventory-only,
2024_海淀_二模,2024,海淀,二模,/Users/wanglifei/GaokaoPolitics/2024各区模拟题/海淀二模/高三二模：政治答案+细则.docx,docx,rubric,,duplicate-or-drift,exact_duplicate_of=/Users/wanglifei/Desktop/2024模拟题/海淀二模/细则/细则.docx
2024_海淀_期中,2024,海淀,期中,/Users/wanglifei/GaokaoPolitics/2024各区模拟题/2024海淀期中/区里最后的讲评.pdf,pdf,marking-report,,duplicate-or-drift,exact_duplicate_of=/Users/wanglifei/Desktop/2024模拟题/2024海淀期中/细则/细则.pdf
2024_海淀_期中,2024,海淀,期中,/Users/wanglifei/Desktop/2024模拟题/2024海淀期中/试卷/试卷.pdf,pdf,paper,,inventory-only,
2024_海淀_期中,2024,海淀,期中,/Users/wanglifei/GaokaoPolitics/2024各区模拟题/2024海淀期中/海淀区2024～2025学年第一学期期中练习政治试题.pdf,pdf,paper,,duplicate-or-drift,exact_duplicate_of=/Users/wanglifei/Desktop/2024模拟题/2024海淀期中/试卷/试卷.pdf
2024_海淀_期中,2024,海淀,期中,/Users/wanglifei/Desktop/2024模拟题/2024海淀期中/细则/细则.pdf,pdf,rubric,,inventory-only,
2024_石景山_一模,2024,石景山,一模,/Users/wanglifei/Desktop/2024模拟题/石景山一模/试卷/试卷.docx,docx,paper,,inventory-only,
2024_石景山_一模,2024,石景山,一模,/Users/wanglifei/GaokaoPolitics/2024各区模拟题/石景山一模/2024年石景山一模.pptx,pptx,paper,,duplicate-or-drift,exact_duplicate_of=/Users/wanglifei/Desktop/2024模拟题/石景山一模/细则/细则.pptx
2024_石景山_一模,2024,石景山,一模,/Users/wanglifei/GaokaoPolitics/2024各区模拟题/石景山一模/2024北京石景山高三一模政治（教师版带答案）.docx,docx,reference-answer,,duplicate-or-drift,exact_duplicate_of=/Users/wanglifei/Desktop/2024模拟题/石景山一模/试卷/试卷.docx
2024_石景山_一模,2024,石景山,一模,/Users/wanglifei/Desktop/2024模拟题/石景山一模/细则/细则.pptx,pptx,rubric,,inventory-only,
2024_西城_一模,2024,西城,一模,/Users/wanglifei/Desktop/2024模拟题/西城一模/试卷/试卷.docx,docx,paper,,inventory-only,
2024_西城_一模,2024,西城,一模,/Users/wanglifei/GaokaoPolitics/2024各区模拟题/西城一模/2024.4高三统一测试思想政治试卷.docx,docx,paper,,duplicate-or-drift,exact_duplicate_of=/Users/wanglifei/Desktop/2024模拟题/西城一模/试卷/试卷.docx
2024_西城_一模,2024,西城,一模,/Users/wanglifei/GaokaoPolitics/2024各区模拟题/西城一模/2024.4高三统一测试思想政治答案.docx,docx,reference-answer,,duplicate-or-drift,exact_duplicate_of=/Users/wanglifei/Desktop/2024模拟题/西城一模/细则/补充材料/2024.4高三统一测试思想政治答案.docx
2024_西城_一模,2024,西城,一模,/Users/wanglifei/Desktop/2024模拟题/西城一模/细则/细则.docx,docx,rubric,,inventory-only,
2024_西城_一模,2024,西城,一模,/Users/wanglifei/Desktop/2024模拟题/西城一模/细则/补充材料/2024.4高三统一测试思想政治答案.docx,docx,rubric,,inventory-only,
2024_西城_一模,2024,西城,一模,/Users/wanglifei/GaokaoPolitics/2024各区模拟题/西城一模/2024.4西城高三统一测试思想政治答案 阅卷细则（调整）.docx,docx,rubric,,duplicate-or-drift,exact_duplicate_of=/Users/wanglifei/Desktop/2024模拟题/西城一模/细则/细则.docx
2024_西城_二模,2024,西城,二模,/Users/wanglifei/Desktop/2024模拟题/西城二模/其他材料/西城东城二模选择题讲评.pdf,pdf,marking-report,,inventory-only,
2024_西城_二模,2024,西城,二模,/Users/wanglifei/Desktop/2024模拟题/西城二模/其他材料/西城东城二模选择题讲评.pptx,pptx,marking-report,,inventory-only,
2024_西城_二模,2024,西城,二模,/Users/wanglifei/GaokaoPolitics/2024各区模拟题/西城二模/西城东城二模选择题讲评.pdf,pdf,marking-report,,duplicate-or-drift,exact_duplicate_of=/Users/wanglifei/Desktop/2024模拟题/西城二模/其他材料/西城东城二模选择题讲评.pdf
2024_西城_二模,2024,西城,二模,/Users/wanglifei/GaokaoPolitics/2024各区模拟题/西城二模/西城东城二模选择题讲评.pptx,pptx,marking-report,,duplicate-or-drift,exact_duplicate_of=/Users/wanglifei/Desktop/2024模拟题/西城二模/其他材料/西城东城二模选择题讲评.pptx
2024_西城_二模,2024,西城,二模,/Users/wanglifei/Desktop/2024模拟题/西城二模/试卷/试卷.docx,docx,paper,,inventory-only,
2024_西城_二模,2024,西城,二模,/Users/wanglifei/GaokaoPolitics/2024各区模拟题/西城二模/高三模拟测试思想政治试卷.docx,docx,paper,,duplicate-or-drift,exact_duplicate_of=/Users/wanglifei/Desktop/2024模拟题/西城二模/试卷/试卷.docx
2024_西城_二模,2024,西城,二模,/Users/wanglifei/GaokaoPolitics/2024各区模拟题/西城二模/高三模拟测试思想政治答案.docx,docx,reference-answer,,duplicate-or-drift,exact_duplicate_of=/Users/wanglifei/Desktop/2024模拟题/西城二模/细则/补充材料/高三模拟测试思想政治答案.docx
2024_西城_二模,2024,西城,二模,/Users/wanglifei/Desktop/2024模拟题/西城二模/细则/细则.docx,docx,rubric,,inventory-only,
2024_西城_二模,2024,西城,二模,/Users/wanglifei/Desktop/2024模拟题/西城二模/细则/补充材料/高三模拟测试思想政治答案.docx,docx,rubric,,inventory-only,
2024_西城_二模,2024,西城,二模,/Users/wanglifei/GaokaoPolitics/2024各区模拟题/西城二模/高三模拟测试思想政治答案细则.docx,docx,rubric,,duplicate-or-drift,exact_duplicate_of=/Users/wanglifei/Desktop/2024模拟题/西城二模/细则/细则.docx
2024_顺义_二模,2024,顺义,二模,/Users/wanglifei/Desktop/2024模拟题/顺义思政二模/试卷/试卷.docx,docx,paper,,inventory-only,
2024_顺义_二模,2024,顺义,二模,/Users/wanglifei/GaokaoPolitics/2024各区模拟题/顺义思政二模/20240318顺义思政二模试题（定）.docx,docx,paper,,duplicate-or-drift,exact_duplicate_of=/Users/wanglifei/Desktop/2024模拟题/顺义思政二模/试卷/试卷.docx
2024_顺义_二模,2024,顺义,二模,/Users/wanglifei/GaokaoPolitics/2024各区模拟题/顺义思政二模/顺义区 2024届高三第二次统练试题（思想政治）参考答案docx.docx,docx,reference-answer,,duplicate-or-drift,exact_duplicate_of=/Users/wanglifei/Desktop/2024模拟题/顺义思政二模/细则/细则.docx
2024_顺义_二模,2024,顺义,二模,/Users/wanglifei/Desktop/2024模拟题/顺义思政二模/细则/细则.docx,docx,rubric,,inventory-only,
2025_东城_一模,2025,东城,一模,/Users/wanglifei/GaokaoPolitics/2025各区模拟题/2025各区一模/2025东城一模/东城区25届高三政治一模统测阅卷报告 4.12.pdf,pdf,marking-report,,duplicate-or-drift,exact_duplicate_of=/Users/wanglifei/Desktop/2025模拟题/2025各区一模/2025东城一模/细则/细则.pdf
2025_东城_一模,2025,东城,一模,/Users/wanglifei/Desktop/2025模拟题/2025各区一模/2025东城一模/试卷/试卷.pdf,pdf,paper,,inventory-only,
2025_东城_一模,2025,东城,一模,/Users/wanglifei/GaokaoPolitics/2025各区模拟题/2025各区一模/2025东城一模/2025北京东城高三一模政治（教师版）.pdf,pdf,paper,,duplicate-or-drift,exact_duplicate_of=/Users/wanglifei/Desktop/2025模拟题/2025各区一模/2025东城一模/试卷/试卷.pdf
2025_东城_一模,2025,东城,一模,/Users/wanglifei/Desktop/2025模拟题/2025各区一模/2025东城一模/细则/细则.pdf,pdf,rubric,,inventory-only,
2025_东城_二模,2025,东城,二模,/Users/wanglifei/GaokaoPolitics/2025各区模拟题/2025各区二模/2025东城二模/东城区25届高三政治二模统测阅卷报告 5.9.pdf,pdf,marking-report,,duplicate-or-drift,exact_duplicate_of=/Users/wanglifei/Desktop/2025模拟题/2025各区二模/2025东城二模/细则/细则.pdf
2025_东城_二模,2025,东城,二模,/Users/wanglifei/Desktop/2025模拟题/2025各区二模/2025东城二模/试卷/试卷.pdf,pdf,paper,,inventory-only,
2025_东城_二模,2025,东城,二模,/Users/wanglifei/GaokaoPolitics/2025各区模拟题/2025各区二模/2025东城二模/2025北京东城高三二模政治（教师版）.pdf,pdf,paper,,duplicate-or-drift,exact_duplicate_of=/Users/wanglifei/Desktop/2025模拟题/2025各区二模/2025东城二模/试卷/试卷.pdf
2025_东城_二模,2025,东城,二模,/Users/wanglifei/Desktop/2025模拟题/2025各区二模/2025东城二模/细则/细则.pdf,pdf,rubric,,inventory-only,
2025_东城_期末,2025,东城,期末,/Users/wanglifei/GaokaoPolitics/2025各区模拟题/2025各区期末/2025东城期末/2025。1东城讲评 修改.pdf,pdf,marking-report,,duplicate-or-drift,exact_duplicate_of=/Users/wanglifei/Desktop/2025模拟题/2025各区期末/2025东城期末/细则/细则.pdf
2025_东城_期末,2025,东城,期末,/Users/wanglifei/Desktop/2025模拟题/2025各区期末/2025东城期末/试卷/试卷.pdf,pdf,paper,,inventory-only,
2025_东城_期末,2025,东城,期末,/Users/wanglifei/GaokaoPolitics/2025各区模拟题/2025各区期末/2025东城期末/2025北京东城高三（上）期末政治（教师版）.pdf,pdf,paper,,duplicate-or-drift,exact_duplicate_of=/Users/wanglifei/Desktop/2025模拟题/2025各区期末/2025东城期末/试卷/试卷.pdf
2025_东城_期末,2025,东城,期末,/Users/wanglifei/GaokaoPolitics/2025各区模拟题/2025各区期末/2025东城期末/东城期末.pptx,pptx,paper,,duplicate-or-drift,exact_duplicate_of=/Users/wanglifei/Desktop/2025模拟题/2025各区期末/2025东城期末/细则/补充材料/东城期末.pptx
2025_东城_期末,2025,东城,期末,/Users/wanglifei/Desktop/2025模拟题/2025各区期末/2025东城期末/细则/细则.pdf,pdf,rubric,,inventory-only,
2025_东城_期末,2025,东城,期末,/Users/wanglifei/Desktop/2025模拟题/2025各区期末/2025东城期末/细则/补充材料/东城期末.pptx,pptx,rubric,,inventory-only,
2025_丰台_一模,2025,丰台,一模,/Users/wanglifei/Desktop/2025模拟题/2025各区一模/2025丰台一模/试卷/试卷.pdf,pdf,paper,,inventory-only,
2025_丰台_一模,2025,丰台,一模,/Users/wanglifei/GaokaoPolitics/2025各区模拟题/2025各区一模/2025丰台一模/2025北京丰台高三一模政治（教师版）.pdf,pdf,paper,,duplicate-or-drift,exact_duplicate_of=/Users/wanglifei/Desktop/2025模拟题/2025各区一模/2025丰台一模/试卷/试卷.pdf
2025_丰台_一模,2025,丰台,一模,/Users/wanglifei/Desktop/2025模拟题/2025各区一模/2025丰台一模/细则/细则.docx,docx,rubric,,inventory-only,
2025_丰台_一模,2025,丰台,一模,/Users/wanglifei/GaokaoPolitics/2025各区模拟题/2025各区一模/2025丰台一模/丰台高三一模阅卷细则 2025.docx,docx,rubric,,duplicate-or-drift,exact_duplicate_of=/Users/wanglifei/Desktop/2025模拟题/2025各区一模/2025丰台一模/细则/细则.docx
2025_丰台_二模,2025,丰台,二模,/Users/wanglifei/Desktop/2025模拟题/2025各区二模/2025丰台二模/试卷/试卷.pdf,pdf,paper,,inventory-only,
2025_丰台_二模,2025,丰台,二模,/Users/wanglifei/GaokaoPolitics/2025各区模拟题/2025各区二模/2025丰台二模/2025北京丰台高三二模政治（教师版）.pdf,pdf,paper,,duplicate-or-drift,exact_duplicate_of=/Users/wanglifei/Desktop/2025模拟题/2025各区二模/2025丰台二模/试卷/试卷.pdf
2025_丰台_二模,2025,丰台,二模,/Users/wanglifei/Desktop/2025模拟题/2025各区二模/2025丰台二模/细则/分题细则/2025丰台二模评标细则/2025丰台二模评标细则/16.(1).doc,doc,rubric,,inventory-only,
2025_丰台_二模,2025,丰台,二模,/Users/wanglifei/Desktop/2025模拟题/2025各区二模/2025丰台二模/细则/分题细则/2025丰台二模评标细则/2025丰台二模评标细则/16.(2).docx,docx,rubric,,inventory-only,
2025_丰台_二模,2025,丰台,二模,/Users/wanglifei/Desktop/2025模拟题/2025各区二模/2025丰台二模/细则/分题细则/2025丰台二模评标细则/2025丰台二模评标细则/17题.docx,docx,rubric,,inventory-only,
2025_丰台_二模,2025,丰台,二模,/Users/wanglifei/Desktop/2025模拟题/2025各区二模/2025丰台二模/细则/分题细则/2025丰台二模评标细则/2025丰台二模评标细则/18题 .docx,docx,rubric,,inventory-only,
2025_丰台_二模,2025,丰台,二模,/Users/wanglifei/Desktop/2025模拟题/2025各区二模/2025丰台二模/细则/分题细则/2025丰台二模评标细则/2025丰台二模评标细则/19.(1).docx,docx,rubric,,inventory-only,
2025_丰台_二模,2025,丰台,二模,/Users/wanglifei/Desktop/2025模拟题/2025各区二模/2025丰台二模/细则/分题细则/2025丰台二模评标细则/2025丰台二模评标细则/19.(2).docx,docx,rubric,,inventory-only,
2025_丰台_二模,2025,丰台,二模,/Users/wanglifei/Desktop/2025模拟题/2025各区二模/2025丰台二模/细则/分题细则/2025丰台二模评标细则/2025丰台二模评标细则/20题.docx,docx,rubric,,inventory-only,
2025_丰台_二模,2025,丰台,二模,/Users/wanglifei/Desktop/2025模拟题/2025各区二模/2025丰台二模/细则/分题细则/2025丰台二模评标细则/2025丰台二模评标细则/21题.docx,docx,rubric,,inventory-only,
2025_丰台_二模,2025,丰台,二模,/Users/wanglifei/GaokaoPolitics/2025各区模拟题/2025各区二模/2025丰台二模/2025丰台二模评标细则/2025丰台二模评标细则/16.(1).doc,doc,rubric,,duplicate-or-drift,exact_duplicate_of=/Users/wanglifei/Desktop/2025模拟题/2025各区二模/2025丰台二模/细则/分题细则/2025丰台二模评标细则/2025丰台二模评标细则/16.(1).doc
2025_丰台_二模,2025,丰台,二模,/Users/wanglifei/GaokaoPolitics/2025各区模拟题/2025各区二模/2025丰台二模/2025丰台二模评标细则/2025丰台二模评标细则/16.(2).docx,docx,rubric,,duplicate-or-drift,exact_duplicate_of=/Users/wanglifei/Desktop/2025模拟题/2025各区二模/2025丰台二模/细则/分题细则/2025丰台二模评标细则/2025丰台二模评标细则/16.(2).docx
2025_丰台_二模,2025,丰台,二模,/Users/wanglifei/GaokaoPolitics/2025各区模拟题/2025各区二模/2025丰台二模/2025丰台二模评标细则/2025丰台二模评标细则/17题.docx,docx,rubric,,duplicate-or-drift,exact_duplicate_of=/Users/wanglifei/Desktop/2025模拟题/2025各区二模/2025丰台二模/细则/分题细则/2025丰台二模评标细则/2025丰台二模评标细则/17题.docx
2025_丰台_二模,2025,丰台,二模,/Users/wanglifei/GaokaoPolitics/2025各区模拟题/2025各区二模/2025丰台二模/2025丰台二模评标细则/2025丰台二模评标细则/18题 .docx,docx,rubric,,duplicate-or-drift,exact_duplicate_of=/Users/wanglifei/Desktop/2025模拟题/2025各区二模/2025丰台二模/细则/分题细则/2025丰台二模评标细则/2025丰台二模评标细则/18题 .docx
2025_丰台_二模,2025,丰台,二模,/Users/wanglifei/GaokaoPolitics/2025各区模拟题/2025各区二模/2025丰台二模/2025丰台二模评标细则/2025丰台二模评标细则/19.(1).docx,docx,rubric,,duplicate-or-drift,exact_duplicate_of=/Users/wanglifei/Desktop/2025模拟题/2025各区二模/2025丰台二模/细则/分题细则/2025丰台二模评标细则/2025丰台二模评标细则/19.(1).docx
2025_丰台_二模,2025,丰台,二模,/Users/wanglifei/GaokaoPolitics/2025各区模拟题/2025各区二模/2025丰台二模/2025丰台二模评标细则/2025丰台二模评标细则/19.(2).docx,docx,rubric,,duplicate-or-drift,exact_duplicate_of=/Users/wanglifei/Desktop/2025模拟题/2025各区二模/2025丰台二模/细则/分题细则/2025丰台二模评标细则/2025丰台二模评标细则/19.(2).docx
2025_丰台_二模,2025,丰台,二模,/Users/wanglifei/GaokaoPolitics/2025各区模拟题/2025各区二模/2025丰台二模/2025丰台二模评标细则/2025丰台二模评标细则/20题.docx,docx,rubric,,duplicate-or-drift,exact_duplicate_of=/Users/wanglifei/Desktop/2025模拟题/2025各区二模/2025丰台二模/细则/分题细则/2025丰台二模评标细则/2025丰台二模评标细则/20题.docx
2025_丰台_二模,2025,丰台,二模,/Users/wanglifei/GaokaoPolitics/2025各区模拟题/2025各区二模/2025丰台二模/2025丰台二模评标细则/2025丰台二模评标细则/21题.docx,docx,rubric,,duplicate-or-drift,exact_duplicate_of=/Users/wanglifei/Desktop/2025模拟题/2025各区二模/2025丰台二模/细则/分题细则/2025丰台二模评标细则/2025丰台二模评标细则/21题.docx
2025_丰台_期末,2025,丰台,期末,/Users/wanglifei/Desktop/2025模拟题/2025各区期末/2025丰台期末/试卷/试卷.pdf,pdf,paper,,inventory-only,
2025_丰台_期末,2025,丰台,期末,/Users/wanglifei/GaokaoPolitics/2025各区模拟题/2025各区期末/2025丰台期末/2025北京丰台高三（上）期末政治（教师版）.pdf,pdf,paper,,duplicate-or-drift,exact_duplicate_of=/Users/wanglifei/Desktop/2025模拟题/2025各区期末/2025丰台期末/试卷/试卷.pdf
2025_丰台_期末,2025,丰台,期末,/Users/wanglifei/Desktop/2025模拟题/2025各区期末/2025丰台期末/细则/细则.pptx,pptx,rubric,,inventory-only,
2025_丰台_期末,2025,丰台,期末,/Users/wanglifei/GaokaoPolitics/2025各区模拟题/2025各区期末/2025丰台期末/丰台期末细则.pptx,pptx,rubric,,duplicate-or-drift,exact_duplicate_of=/Users/wanglifei/Desktop/2025模拟题/2025各区期末/2025丰台期末/细则/细则.pptx
2025_延庆_一模,2025,延庆,一模,/Users/wanglifei/Desktop/2025模拟题/2025各区一模/2025延庆一模/试卷/试卷.pdf,pdf,paper,,inventory-only,
2025_延庆_一模,2025,延庆,一模,/Users/wanglifei/GaokaoPolitics/2025各区模拟题/2025各区一模/2025延庆一模/2025北京延庆高三一模政治（教师版）.pdf,pdf,paper,,duplicate-or-drift,exact_duplicate_of=/Users/wanglifei/Desktop/2025模拟题/2025各区一模/2025延庆一模/试卷/试卷.pdf
2025_延庆_一模,2025,延庆,一模,/Users/wanglifei/GaokaoPolitics/2025各区模拟题/2025各区一模/2025延庆一模/2025延庆区一模政治 答案.docx,docx,reference-answer,,duplicate-or-drift,exact_duplicate_of=/Users/wanglifei/Desktop/2025模拟题/2025各区一模/2025延庆一模/细则/细则.docx
2025_延庆_一模,2025,延庆,一模,/Users/wanglifei/Desktop/2025模拟题/2025各区一模/2025延庆一模/细则/细则.docx,docx,rubric,,inventory-only,
2025_房山_一模,2025,房山,一模,/Users/wanglifei/Desktop/2025模拟题/2025各区一模/2025房山一模/试卷/试卷.pdf,pdf,paper,,inventory-only,
2025_房山_一模,2025,房山,一模,/Users/wanglifei/GaokaoPolitics/2025各区模拟题/2025各区一模/2025房山一模/2025北京房山高三一模政治（教师版）.pdf,pdf,paper,,duplicate-or-drift,exact_duplicate_of=/Users/wanglifei/Desktop/2025模拟题/2025各区一模/2025房山一模/试卷/试卷.pdf
2025_房山_一模,2025,房山,一模,/Users/wanglifei/Desktop/2025模拟题/2025各区一模/2025房山一模/细则/细则.pdf,pdf,rubric,,inventory-only,
2025_房山_一模,2025,房山,一模,/Users/wanglifei/GaokaoPolitics/2025各区模拟题/2025各区一模/2025房山一模/房山一模政治参考答案细则(4).pdf,pdf,rubric,,duplicate-or-drift,exact_duplicate_of=/Users/wanglifei/Desktop/2025模拟题/2025各区一模/2025房山一模/细则/细则.pdf
2025_昌平_二模,2025,昌平,二模,/Users/wanglifei/Desktop/2025模拟题/2025各区二模/2025昌平二模/试卷/试卷.pdf,pdf,paper,,inventory-only,
2025_昌平_二模,2025,昌平,二模,/Users/wanglifei/GaokaoPolitics/2025各区模拟题/2025各区二模/2025昌平二模/2025北京昌平高三二模政治（教师版）.pdf,pdf,paper,,duplicate-or-drift,exact_duplicate_of=/Users/wanglifei/Desktop/2025模拟题/2025各区二模/2025昌平二模/试卷/试卷.pdf
2025_昌平_二模,2025,昌平,二模,/Users/wanglifei/Desktop/2025模拟题/2025各区二模/2025昌平二模/细则/细则.pptx,pptx,rubric,,inventory-only,
2025_昌平_二模,2025,昌平,二模,/Users/wanglifei/GaokaoPolitics/2025各区模拟题/2025各区二模/2025昌平二模/2025昌平二模 政治评标.pptx,pptx,rubric,,duplicate-or-drift,exact_duplicate_of=/Users/wanglifei/Desktop/2025模拟题/2025各区二模/2025昌平二模/细则/细则.pptx
2025_朝阳_一模,2025,朝阳,一模,/Users/wanglifei/Desktop/2025模拟题/2025各区一模/2025朝阳一模/其他材料/高三政治一模试卷讲评.pptx,pptx,marking-report,,inventory-only,
2025_朝阳_一模,2025,朝阳,一模,/Users/wanglifei/GaokaoPolitics/2025各区模拟题/2025各区一模/2025朝阳一模/20250329高3阅卷总结17 1题 具身智能 任会波组 阐释论证.doc,doc,marking-report,,duplicate-or-drift,exact_duplicate_of=/Users/wanglifei/Desktop/2025模拟题/2025各区一模/2025朝阳一模/细则/补充材料/20250329高3阅卷总结17 1题 具身智能 任会波组 阐释论证.doc
2025_朝阳_一模,2025,朝阳,一模,/Users/wanglifei/GaokaoPolitics/2025各区模拟题/2025各区一模/2025朝阳一模/20250329高3阅卷总结18题 社区治理 汤桃玲组 探究建构.doc,doc,marking-report,,duplicate-or-drift,exact_duplicate_of=/Users/wanglifei/Desktop/2025模拟题/2025各区一模/2025朝阳一模/细则/补充材料/20250329高3阅卷总结18题 社区治理 汤桃玲组 探究建构.doc
2025_朝阳_一模,2025,朝阳,一模,/Users/wanglifei/GaokaoPolitics/2025各区模拟题/2025各区一模/2025朝阳一模/20250329高3阅卷总结19题 合同欺诈  阐释论证.doc,doc,marking-report,,duplicate-or-drift,exact_duplicate_of=/Users/wanglifei/Desktop/2025模拟题/2025各区一模/2025朝阳一模/细则/补充材料/20250329高3阅卷总结19题 合同欺诈  阐释论证.doc
2025_朝阳_一模,2025,朝阳,一模,/Users/wanglifei/GaokaoPolitics/2025各区模拟题/2025各区一模/2025朝阳一模/高三政治一模试卷讲评.pptx,pptx,marking-report,,duplicate-or-drift,exact_duplicate_of=/Users/wanglifei/Desktop/2025模拟题/2025各区一模/2025朝阳一模/其他材料/高三政治一模试卷讲评.pptx
2025_朝阳_一模,2025,朝阳,一模,/Users/wanglifei/Desktop/2025模拟题/2025各区一模/2025朝阳一模/试卷/试卷.pdf,pdf,paper,,inventory-only,
2025_朝阳_一模,2025,朝阳,一模,/Users/wanglifei/GaokaoPolitics/2025各区模拟题/2025各区一模/2025朝阳一模/2025北京朝阳高三一模政治（教师版）.pdf,pdf,paper,,duplicate-or-drift,exact_duplicate_of=/Users/wanglifei/Desktop/2025模拟题/2025各区一模/2025朝阳一模/试卷/试卷.pdf
2025_朝阳_一模,2025,朝阳,一模,/Users/wanglifei/Desktop/2025模拟题/2025各区一模/2025朝阳一模/细则/细则.pdf,pdf,rubric,,inventory-only,
2025_朝阳_一模,2025,朝阳,一模,/Users/wanglifei/Desktop/2025模拟题/2025各区一模/2025朝阳一模/细则/补充材料/20250329高3阅卷总结17 1题 具身智能 任会波组 阐释论证.doc,doc,rubric,,inventory-only,
2025_朝阳_一模,2025,朝阳,一模,/Users/wanglifei/Desktop/2025模拟题/2025各区一模/2025朝阳一模/细则/补充材料/20250329高3阅卷总结18题 社区治理 汤桃玲组 探究建构.doc,doc,rubric,,inventory-only,
2025_朝阳_一模,2025,朝阳,一模,/Users/wanglifei/Desktop/2025模拟题/2025各区一模/2025朝阳一模/细则/补充材料/20250329高3阅卷总结19题 合同欺诈  阐释论证.doc,doc,rubric,,inventory-only,
2025_朝阳_一模,2025,朝阳,一模,/Users/wanglifei/GaokaoPolitics/2025各区模拟题/2025各区一模/2025朝阳一模/2025朝阳一模细则.pdf,pdf,rubric,,duplicate-or-drift,exact_duplicate_of=/Users/wanglifei/Desktop/2025模拟题/2025各区一模/2025朝阳一模/细则/细则.pdf
2025_朝阳_二模,2025,朝阳,二模,/Users/wanglifei/Desktop/2025模拟题/2025各区二模/2025朝阳二模/试卷/补充材料/扫描全能王 2025-05-13 21.42.pdf,pdf,paper,,inventory-only,
2025_朝阳_二模,2025,朝阳,二模,/Users/wanglifei/Desktop/2025模拟题/2025各区二模/2025朝阳二模/试卷/试卷.pdf,pdf,paper,,inventory-only,
2025_朝阳_二模,2025,朝阳,二模,/Users/wanglifei/GaokaoPolitics/2025各区模拟题/2025各区二模/2025朝阳二模/2025北京朝阳高三二模政治（教师版）.pdf,pdf,paper,,duplicate-or-drift,exact_duplicate_of=/Users/wanglifei/Desktop/2025模拟题/2025各区二模/2025朝阳二模/试卷/试卷.pdf
2025_朝阳_二模,2025,朝阳,二模,/Users/wanglifei/GaokaoPolitics/2025各区模拟题/2025各区二模/2025朝阳二模/扫描全能王 2025-05-13 21.42.pdf,pdf,paper,,duplicate-or-drift,exact_duplicate_of=/Users/wanglifei/Desktop/2025模拟题/2025各区二模/2025朝阳二模/试卷/补充材料/扫描全能王 2025-05-13 21.42.pdf
2025_朝阳_二模,2025,朝阳,二模,/Users/wanglifei/GaokaoPolitics/2025各区模拟题/2025各区二模/2025朝阳二模/朝阳.docx,docx,paper,,duplicate-or-drift,exact_duplicate_of=/Users/wanglifei/Desktop/2025模拟题/2025各区二模/2025朝阳二模/细则/细则.docx
2025_朝阳_二模,2025,朝阳,二模,/Users/wanglifei/Desktop/2025模拟题/2025各区二模/2025朝阳二模/细则/细则.docx,docx,rubric,,inventory-only,
2025_朝阳_期末,2025,朝阳,期末,/Users/wanglifei/Desktop/2025模拟题/2025各区期末/2025朝阳期末/其他材料/朝阳高三期末2025.pptx,pptx,paper,,inventory-only,
2025_朝阳_期末,2025,朝阳,期末,/Users/wanglifei/Desktop/2025模拟题/2025各区期末/2025朝阳期末/试卷/试卷.pdf,pdf,paper,,inventory-only,
2025_朝阳_期末,2025,朝阳,期末,/Users/wanglifei/GaokaoPolitics/2025各区模拟题/2025各区期末/2025朝阳期末/2025北京朝阳高三（上）期末政治（教师版）.pdf,pdf,paper,,duplicate-or-drift,exact_duplicate_of=/Users/wanglifei/Desktop/2025模拟题/2025各区期末/2025朝阳期末/试卷/试卷.pdf
2025_朝阳_期末,2025,朝阳,期末,/Users/wanglifei/GaokaoPolitics/2025各区模拟题/2025各区期末/2025朝阳期末/朝阳高三期末2025.pptx,pptx,paper,,duplicate-or-drift,exact_duplicate_of=/Users/wanglifei/Desktop/2025模拟题/2025各区期末/2025朝阳期末/其他材料/朝阳高三期末2025.pptx
2025_朝阳_期末,2025,朝阳,期末,/Users/wanglifei/Desktop/2025模拟题/2025各区期末/2025朝阳期末/细则/细则.pdf,pdf,rubric,,inventory-only,
2025_朝阳_期末,2025,朝阳,期末,/Users/wanglifei/GaokaoPolitics/2025各区模拟题/2025各区期末/2025朝阳期末/朝阳期末评标.pdf,pdf,rubric,,duplicate-or-drift,exact_duplicate_of=/Users/wanglifei/Desktop/2025模拟题/2025各区期末/2025朝阳期末/细则/细则.pdf
2025_海淀_一模,2025,海淀,一模,/Users/wanglifei/Desktop/2025模拟题/2025各区一模/2025海淀一模/试卷/补充材料/EDU_1500334100000021014_61af1789-0742-472d-86cd-e6cb420b0ecb.pdf,pdf,paper,,inventory-only,
2025_海淀_一模,2025,海淀,一模,/Users/wanglifei/Desktop/2025模拟题/2025各区一模/2025海淀一模/试卷/试卷.pdf,pdf,paper,,inventory-only,
2025_海淀_一模,2025,海淀,一模,/Users/wanglifei/GaokaoPolitics/2025各区模拟题/2025各区一模/2025海淀一模/2025北京海淀高三一模政治（教师版）.pdf,pdf,paper,,duplicate-or-drift,exact_duplicate_of=/Users/wanglifei/Desktop/2025模拟题/2025各区一模/2025海淀一模/试卷/试卷.pdf
2025_海淀_一模,2025,海淀,一模,/Users/wanglifei/GaokaoPolitics/2025各区模拟题/2025各区一模/2025海淀一模/EDU_1500334100000021014_61af1789-0742-472d-86cd-e6cb420b0ecb.pdf,pdf,paper,,duplicate-or-drift,exact_duplicate_of=/Users/wanglifei/Desktop/2025模拟题/2025各区一模/2025海淀一模/试卷/补充材料/EDU_1500334100000021014_61af1789-0742-472d-86cd-e6cb420b0ecb.pdf
2025_海淀_一模,2025,海淀,一模,/Users/wanglifei/Desktop/2025模拟题/2025各区一模/2025海淀一模/细则/细则.docx,docx,rubric,,inventory-only,
2025_海淀_一模,2025,海淀,一模,/Users/wanglifei/GaokaoPolitics/2025各区模拟题/2025各区一模/2025海淀一模/一模评分细则.docx,docx,rubric,,duplicate-or-drift,exact_duplicate_of=/Users/wanglifei/Desktop/2025模拟题/2025各区一模/2025海淀一模/细则/细则.docx
2025_海淀_二模,2025,海淀,二模,/Users/wanglifei/Desktop/2025模拟题/2025各区二模/2025海淀二模/其他材料/2025届二模考试讲评0510.pdf,pdf,marking-report,,inventory-only,
2025_海淀_二模,2025,海淀,二模,/Users/wanglifei/GaokaoPolitics/2025各区模拟题/2025各区二模/2025海淀二模/2025届二模考试讲评0510.pdf,pdf,marking-report,,duplicate-or-drift,exact_duplicate_of=/Users/wanglifei/Desktop/2025模拟题/2025各区二模/2025海淀二模/其他材料/2025届二模考试讲评0510.pdf
2025_海淀_二模,2025,海淀,二模,/Users/wanglifei/Desktop/2025模拟题/2025各区二模/2025海淀二模/试卷/试卷.pdf,pdf,paper,,inventory-only,
2025_海淀_二模,2025,海淀,二模,/Users/wanglifei/GaokaoPolitics/2025各区模拟题/2025各区二模/2025海淀二模/2025北京海淀高三二模政治.pdf,pdf,paper,,duplicate-or-drift,exact_duplicate_of=/Users/wanglifei/Desktop/2025模拟题/2025各区二模/2025海淀二模/试卷/试卷.pdf
2025_海淀_二模,2025,海淀,二模,/Users/wanglifei/Desktop/2025模拟题/2025各区二模/2025海淀二模/细则/细则.docx,docx,rubric,,inventory-only,
2025_海淀_二模,2025,海淀,二模,/Users/wanglifei/Desktop/2025模拟题/2025各区二模/2025海淀二模/细则/补充材料/2025年海淀二模评标实录.docx,docx,rubric,,inventory-only,
2025_海淀_二模,2025,海淀,二模,/Users/wanglifei/GaokaoPolitics/2025各区模拟题/2025各区二模/2025海淀二模/2025年海淀二模评标实录.docx,docx,rubric,,duplicate-or-drift,exact_duplicate_of=/Users/wanglifei/Desktop/2025模拟题/2025各区二模/2025海淀二模/细则/补充材料/2025年海淀二模评标实录.docx
2025_海淀_二模,2025,海淀,二模,/Users/wanglifei/GaokaoPolitics/2025各区模拟题/2025各区二模/2025海淀二模/2025海淀二模政治评标-1.docx,docx,rubric,,duplicate-or-drift,exact_duplicate_of=/Users/wanglifei/Desktop/2025模拟题/2025各区二模/2025海淀二模/细则/细则.docx
2025_海淀_期中,2025,海淀,期中,/Users/wanglifei/Desktop/2025模拟题/2025各区期末/2025海淀期中/试卷/试卷.pdf,pdf,paper,,inventory-only,
2025_海淀_期末,2025,海淀,期末,/Users/wanglifei/Desktop/2025模拟题/2025各区期末/2025海淀期末/试卷/试卷.docx,docx,paper,,inventory-only,
2025_海淀_期中,2025,海淀,期中,/Users/wanglifei/GaokaoPolitics/2025各区模拟题/2025各区期末/2025海淀期中/2024北京海淀高三（上）期中政治（教师版）.pdf,pdf,paper,,duplicate-or-drift,exact_duplicate_of=/Users/wanglifei/Desktop/2025模拟题/2025各区期末/2025海淀期中/试卷/试卷.pdf
2025_海淀_期末,2025,海淀,期末,/Users/wanglifei/GaokaoPolitics/2025各区模拟题/2025各区期末/2025海淀期末/2025北京海淀高三（上）期末政治（教师版）.docx,docx,paper,,duplicate-or-drift,exact_duplicate_of=/Users/wanglifei/Desktop/2025模拟题/2025各区期末/2025海淀期末/试卷/试卷.docx
2025_海淀_期末,2025,海淀,期末,/Users/wanglifei/GaokaoPolitics/2025各区模拟题/2025各区期末/2025海淀期末/2025届期末考试0118(2).pptx,pptx,paper,,duplicate-or-drift,exact_duplicate_of=/Users/wanglifei/Desktop/2025模拟题/2025各区期末/2025海淀期末/细则/细则.pptx
2025_海淀_期中,2025,海淀,期中,/Users/wanglifei/GaokaoPolitics/2025各区模拟题/2025各区期末/2025海淀期中/海淀区2024～2025学年第一学期期中练习政治参考答案(2).docx,docx,reference-answer,,duplicate-or-drift,exact_duplicate_of=/Users/wanglifei/Desktop/2025模拟题/2025各区期末/2025海淀期中/细则/细则.docx
2025_海淀_期中,2025,海淀,期中,/Users/wanglifei/Desktop/2025模拟题/2025各区期末/2025海淀期中/细则/细则.docx,docx,rubric,,inventory-only,
2025_海淀_期末,2025,海淀,期末,/Users/wanglifei/Desktop/2025模拟题/2025各区期末/2025海淀期末/细则/细则.pptx,pptx,rubric,,inventory-only,
2025_石景山_一模,2025,石景山,一模,/Users/wanglifei/Desktop/2025模拟题/2025各区一模/2025石景山一模/试卷/试卷.pdf,pdf,paper,,inventory-only,
2025_石景山_一模,2025,石景山,一模,/Users/wanglifei/GaokaoPolitics/2025各区模拟题/2025各区一模/2025石景山一模/2025北京石景山高三一模政治（教师版）.pdf,pdf,paper,,duplicate-or-drift,exact_duplicate_of=/Users/wanglifei/Desktop/2025模拟题/2025各区一模/2025石景山一模/试卷/试卷.pdf
2025_石景山_一模,2025,石景山,一模,/Users/wanglifei/Desktop/2025模拟题/2025各区一模/2025石景山一模/细则/细则.doc,doc,rubric,,inventory-only,
2025_石景山_一模,2025,石景山,一模,/Users/wanglifei/GaokaoPolitics/2025各区模拟题/2025各区一模/2025石景山一模/石景山 高三政治评分细则.doc,doc,rubric,,duplicate-or-drift,exact_duplicate_of=/Users/wanglifei/Desktop/2025模拟题/2025各区一模/2025石景山一模/细则/细则.doc
2025_西城_一模,2025,西城,一模,/Users/wanglifei/Desktop/2025模拟题/2025各区一模/2025西城一模/试卷/试卷.pdf,pdf,paper,,inventory-only,
2025_西城_一模,2025,西城,一模,/Users/wanglifei/GaokaoPolitics/2025各区模拟题/2025各区一模/2025西城一模/2025北京西城高三一模政治（教师版）.pdf,pdf,paper,,duplicate-or-drift,exact_duplicate_of=/Users/wanglifei/Desktop/2025模拟题/2025各区一模/2025西城一模/试卷/试卷.pdf
2025_西城_一模,2025,西城,一模,/Users/wanglifei/Desktop/2025模拟题/2025各区一模/2025西城一模/细则/细则.docx,docx,rubric,,inventory-only,
2025_西城_一模,2025,西城,一模,/Users/wanglifei/GaokaoPolitics/2025各区模拟题/2025各区一模/2025西城一模/细则-西城一模政治25.4.docx,docx,rubric,,duplicate-or-drift,exact_duplicate_of=/Users/wanglifei/Desktop/2025模拟题/2025各区一模/2025西城一模/细则/细则.docx
2025_西城_二模,2025,西城,二模,/Users/wanglifei/Desktop/2025模拟题/2025各区二模/2025西城二模/试卷/试卷.pdf,pdf,paper,,inventory-only,
2025_西城_二模,2025,西城,二模,/Users/wanglifei/GaokaoPolitics/2025各区模拟题/2025各区二模/2025西城二模/2025北京西城高三二模政治（教师版）.pdf,pdf,paper,,duplicate-or-drift,exact_duplicate_of=/Users/wanglifei/Desktop/2025模拟题/2025各区二模/2025西城二模/试卷/试卷.pdf
2025_西城_二模,2025,西城,二模,/Users/wanglifei/Desktop/2025模拟题/2025各区二模/2025西城二模/细则/细则.docx,docx,rubric,,inventory-only,
2025_西城_二模,2025,西城,二模,/Users/wanglifei/GaokaoPolitics/2025各区模拟题/2025各区二模/2025西城二模/讨论定稿-答案细则 -25.5西城高三政治二模-1.docx,docx,rubric,,duplicate-or-drift,exact_duplicate_of=/Users/wanglifei/Desktop/2025模拟题/2025各区二模/2025西城二模/细则/细则.docx
2025_西城_期末,2025,西城,期末,/Users/wanglifei/Desktop/2025模拟题/2025各区期末/2025西城期末/试卷/试卷.pdf,pdf,paper,,inventory-only,
2025_西城_期末,2025,西城,期末,/Users/wanglifei/GaokaoPolitics/2025各区模拟题/2025各区期末/2025西城期末/2025北京西城高三（上）期末政治（教师版）.pdf,pdf,paper,,duplicate-or-drift,exact_duplicate_of=/Users/wanglifei/Desktop/2025模拟题/2025各区期末/2025西城期末/试卷/试卷.pdf
2025_西城_期末,2025,西城,期末,/Users/wanglifei/GaokaoPolitics/2025各区模拟题/2025各区期末/2025西城期末/西城期末答案 解析.pdf,pdf,reference-answer,,duplicate-or-drift,exact_duplicate_of=/Users/wanglifei/Desktop/2025模拟题/2025各区期末/2025西城期末/细则/细则.pdf
2025_西城_期末,2025,西城,期末,/Users/wanglifei/Desktop/2025模拟题/2025各区期末/2025西城期末/细则/细则.pdf,pdf,rubric,,inventory-only,
2025_门头沟_一模,2025,门头沟,一模,/Users/wanglifei/Desktop/2025模拟题/2025各区一模/2025门头沟一模/试卷/试卷.pdf,pdf,paper,,inventory-only,
2025_门头沟_一模,2025,门头沟,一模,/Users/wanglifei/GaokaoPolitics/2025各区模拟题/2025各区一模/2025门头沟一模/2025北京门头沟高三一模政治（教师版）.pdf,pdf,paper,,duplicate-or-drift,exact_duplicate_of=/Users/wanglifei/Desktop/2025模拟题/2025各区一模/2025门头沟一模/试卷/试卷.pdf
2025_门头沟_一模,2025,门头沟,一模,/Users/wanglifei/Desktop/2025模拟题/2025各区一模/2025门头沟一模/细则/细则.doc,doc,rubric,,inventory-only,
2025_门头沟_一模,2025,门头沟,一模,/Users/wanglifei/GaokaoPolitics/2025各区模拟题/2025各区一模/2025门头沟一模/门头沟一模细则.doc,doc,rubric,,duplicate-or-drift,exact_duplicate_of=/Users/wanglifei/Desktop/2025模拟题/2025各区一模/2025门头沟一模/细则/细则.doc
2025_顺义_一模,2025,顺义,一模,/Users/wanglifei/Desktop/2025模拟题/2025各区一模/2025顺义一模/试卷/试卷.pdf,pdf,paper,,inventory-only,
2025_顺义_一模,2025,顺义,一模,/Users/wanglifei/GaokaoPolitics/2025各区模拟题/2025各区一模/2025顺义一模/2025北京顺义高三一模政治（教师版）.pdf,pdf,paper,,duplicate-or-drift,exact_duplicate_of=/Users/wanglifei/Desktop/2025模拟题/2025各区一模/2025顺义一模/试卷/试卷.pdf
2025_顺义_一模,2025,顺义,一模,/Users/wanglifei/Desktop/2025模拟题/2025各区一模/2025顺义一模/细则/细则.docx,docx,rubric,,inventory-only,
2025_顺义_一模,2025,顺义,一模,/Users/wanglifei/GaokaoPolitics/2025各区模拟题/2025各区一模/2025顺义一模/顺义区2025届高三第一次模拟考试参考答案—评分细则.docx,docx,rubric,,duplicate-or-drift,exact_duplicate_of=/Users/wanglifei/Desktop/2025模拟题/2025各区一模/2025顺义一模/细则/细则.docx
2026_东城_一模,2026,东城,一模,/Users/wanglifei/Desktop/2026模拟题/2026各区一模/2026东城一模/试卷/补充材料/2026东城一模 原卷扫描版.pdf,pdf,paper,,inventory-only,
2026_东城_一模,2026,东城,一模,/Users/wanglifei/Desktop/2026模拟题/2026各区一模/2026东城一模/试卷/试卷.pdf,pdf,paper,,inventory-only,
2026_东城_一模,2026,东城,一模,/Users/wanglifei/GaokaoPolitics/2026各区模拟题/2026各区一模/2026东城一模/2026东城一模 原卷扫描版.pdf,pdf,paper,,duplicate-or-drift,exact_duplicate_of=/Users/wanglifei/Desktop/2026模拟题/2026各区一模/2026东城一模/试卷/补充材料/2026东城一模 原卷扫描版.pdf
2026_东城_一模,2026,东城,一模,/Users/wanglifei/GaokaoPolitics/2026各区模拟题/2026各区一模/2026东城一模/2026北京东城高三一模政治（教师版）.pdf,pdf,paper,,duplicate-or-drift,exact_duplicate_of=/Users/wanglifei/Desktop/2026模拟题/2026各区一模/2026东城一模/试卷/试卷.pdf
2026_东城_一模,2026,东城,一模,/Users/wanglifei/Desktop/2026模拟题/2026各区一模/2026东城一模/细则/分题细则/东城一模评标细则（勿传）/16.pptx,pptx,rubric,,inventory-only,
2026_东城_一模,2026,东城,一模,/Users/wanglifei/Desktop/2026模拟题/2026各区一模/2026东城一模/细则/分题细则/东城一模评标细则（勿传）/17.pptx,pptx,rubric,,inventory-only,
2026_东城_一模,2026,东城,一模,/Users/wanglifei/Desktop/2026模拟题/2026各区一模/2026东城一模/细则/分题细则/东城一模评标细则（勿传）/18+选择7、13.pptx,pptx,rubric,,inventory-only,
2026_东城_一模,2026,东城,一模,/Users/wanglifei/Desktop/2026模拟题/2026各区一模/2026东城一模/细则/分题细则/东城一模评标细则（勿传）/19（1）.pptx,pptx,rubric,,inventory-only,
2026_东城_一模,2026,东城,一模,/Users/wanglifei/Desktop/2026模拟题/2026各区一模/2026东城一模/细则/分题细则/东城一模评标细则（勿传）/19（2）.pptx,pptx,rubric,,inventory-only,
2026_东城_一模,2026,东城,一模,/Users/wanglifei/Desktop/2026模拟题/2026各区一模/2026东城一模/细则/分题细则/东城一模评标细则（勿传）/19（3）.pptx,pptx,rubric,,inventory-only,
2026_东城_一模,2026,东城,一模,/Users/wanglifei/Desktop/2026模拟题/2026各区一模/2026东城一模/细则/分题细则/东城一模评标细则（勿传）/19（4）.pptx,pptx,rubric,,inventory-only,
2026_东城_一模,2026,东城,一模,/Users/wanglifei/Desktop/2026模拟题/2026各区一模/2026东城一模/细则/分题细则/东城一模评标细则（勿传）/20.pptx,pptx,rubric,,inventory-only,
2026_东城_一模,2026,东城,一模,/Users/wanglifei/Desktop/2026模拟题/2026各区一模/2026东城一模/细则/细则.pdf,pdf,rubric,,inventory-only,
2026_东城_一模,2026,东城,一模,/Users/wanglifei/Desktop/2026模拟题/2026各区一模/2026东城一模/细则/补充材料/26东城一模细则.pdf,pdf,rubric,,inventory-only,
2026_东城_一模,2026,东城,一模,/Users/wanglifei/GaokaoPolitics/2026各区模拟题/2026各区一模/2026东城一模/26东城一模细则.pdf,pdf,rubric,,duplicate-or-drift,exact_duplicate_of=/Users/wanglifei/Desktop/2026模拟题/2026各区一模/2026东城一模/细则/补充材料/26东城一模细则.pdf
2026_东城_一模,2026,东城,一模,/Users/wanglifei/GaokaoPolitics/2026各区模拟题/2026各区一模/2026东城一模/东城一模细则.pdf,pdf,rubric,,duplicate-or-drift,exact_duplicate_of=/Users/wanglifei/Desktop/2026模拟题/2026各区一模/2026东城一模/细则/细则.pdf
2026_东城_一模,2026,东城,一模,/Users/wanglifei/GaokaoPolitics/2026各区模拟题/2026各区一模/2026东城一模/东城一模评标细则（勿传）/16.pptx,pptx,rubric,,duplicate-or-drift,exact_duplicate_of=/Users/wanglifei/Desktop/2026模拟题/2026各区一模/2026东城一模/细则/分题细则/东城一模评标细则（勿传）/16.pptx
2026_东城_一模,2026,东城,一模,/Users/wanglifei/GaokaoPolitics/2026各区模拟题/2026各区一模/2026东城一模/东城一模评标细则（勿传）/17.pptx,pptx,rubric,,duplicate-or-drift,exact_duplicate_of=/Users/wanglifei/Desktop/2026模拟题/2026各区一模/2026东城一模/细则/分题细则/东城一模评标细则（勿传）/17.pptx
2026_东城_一模,2026,东城,一模,/Users/wanglifei/GaokaoPolitics/2026各区模拟题/2026各区一模/2026东城一模/东城一模评标细则（勿传）/18+选择7、13.pptx,pptx,rubric,,duplicate-or-drift,exact_duplicate_of=/Users/wanglifei/Desktop/2026模拟题/2026各区一模/2026东城一模/细则/分题细则/东城一模评标细则（勿传）/18+选择7、13.pptx
2026_东城_一模,2026,东城,一模,/Users/wanglifei/GaokaoPolitics/2026各区模拟题/2026各区一模/2026东城一模/东城一模评标细则（勿传）/19（1）.pptx,pptx,rubric,,duplicate-or-drift,exact_duplicate_of=/Users/wanglifei/Desktop/2026模拟题/2026各区一模/2026东城一模/细则/分题细则/东城一模评标细则（勿传）/19（1）.pptx
2026_东城_一模,2026,东城,一模,/Users/wanglifei/GaokaoPolitics/2026各区模拟题/2026各区一模/2026东城一模/东城一模评标细则（勿传）/19（2）.pptx,pptx,rubric,,duplicate-or-drift,exact_duplicate_of=/Users/wanglifei/Desktop/2026模拟题/2026各区一模/2026东城一模/细则/分题细则/东城一模评标细则（勿传）/19（2）.pptx
2026_东城_一模,2026,东城,一模,/Users/wanglifei/GaokaoPolitics/2026各区模拟题/2026各区一模/2026东城一模/东城一模评标细则（勿传）/19（3）.pptx,pptx,rubric,,duplicate-or-drift,exact_duplicate_of=/Users/wanglifei/Desktop/2026模拟题/2026各区一模/2026东城一模/细则/分题细则/东城一模评标细则（勿传）/19（3）.pptx
2026_东城_一模,2026,东城,一模,/Users/wanglifei/GaokaoPolitics/2026各区模拟题/2026各区一模/2026东城一模/东城一模评标细则（勿传）/19（4）.pptx,pptx,rubric,,duplicate-or-drift,exact_duplicate_of=/Users/wanglifei/Desktop/2026模拟题/2026各区一模/2026东城一模/细则/分题细则/东城一模评标细则（勿传）/19（4）.pptx
2026_东城_一模,2026,东城,一模,/Users/wanglifei/GaokaoPolitics/2026各区模拟题/2026各区一模/2026东城一模/东城一模评标细则（勿传）/20.pptx,pptx,rubric,,duplicate-or-drift,exact_duplicate_of=/Users/wanglifei/Desktop/2026模拟题/2026各区一模/2026东城一模/细则/分题细则/东城一模评标细则（勿传）/20.pptx
2026_东城_二模,2026,东城,二模,/Users/wanglifei/Desktop/2026模拟题/2026各区二模/2026东城二模/试卷/2026北京东城高三二模政治（教师版）.docx,docx,paper,,inventory-only,
2026_东城_二模,2026,东城,二模,/Users/wanglifei/Desktop/2026模拟题/2026各区二模/2026东城二模/细则/16.pdf,pdf,rubric,,inventory-only,
2026_东城_二模,2026,东城,二模,/Users/wanglifei/Desktop/2026模拟题/2026各区二模/2026东城二模/细则/17题评标.pdf,pdf,rubric,,inventory-only,
2026_东城_二模,2026,东城,二模,/Users/wanglifei/Desktop/2026模拟题/2026各区二模/2026东城二模/细则/18题阅卷细则(5.9).pdf,pdf,rubric,,inventory-only,
2026_东城_二模,2026,东城,二模,/Users/wanglifei/Desktop/2026模拟题/2026各区二模/2026东城二模/细则/20题（1+2）.pdf,pdf,rubric,,inventory-only,
2026_东城_二模,2026,东城,二模,/Users/wanglifei/Desktop/2026模拟题/2026各区二模/2026东城二模/细则/26年东城二模20（3）.pdf,pdf,rubric,,inventory-only,
2026_东城_二模,2026,东城,二模,/Users/wanglifei/Desktop/2026模拟题/2026各区二模/2026东城二模/细则/东城二模 19题阅卷细则.pdf,pdf,rubric,,inventory-only,
2026_东城_二模,2026,东城,二模,/Users/wanglifei/Desktop/2026模拟题/2026各区二模/2026东城二模/细则/二模21题细则模版.pdf,pdf,rubric,,inventory-only,
2026_东城_期末,2026,东城,期末,/Users/wanglifei/Desktop/2026模拟题/2026各区期末和期中/2026东城期末/试卷/试卷.pdf,pdf,paper,,inventory-only,
2026_东城_期末,2026,东城,期末,/Users/wanglifei/GaokaoPolitics/2026各区模拟题/2026各区期末和期中/2026东城期末/2026北京东城高三（上）期末政治（教师版）.pdf,pdf,paper,,duplicate-or-drift,exact_duplicate_of=/Users/wanglifei/Desktop/2026模拟题/2026各区期末和期中/2026东城期末/试卷/试卷.pdf
2026_东城_期末,2026,东城,期末,/Users/wanglifei/GaokaoPolitics/2026各区模拟题/2026各区期末和期中/2026东城期末/东城期末.pptx,pptx,paper,,duplicate-or-drift,exact_duplicate_of=/Users/wanglifei/Desktop/2026模拟题/2026各区期末和期中/2026东城期末/细则/细则.pptx
2026_东城_期末,2026,东城,期末,/Users/wanglifei/Desktop/2026模拟题/2026各区期末和期中/2026东城期末/细则/细则.pptx,pptx,rubric,,inventory-only,
2026_丰台_一模,2026,丰台,一模,/Users/wanglifei/Desktop/2026模拟题/2026各区一模/2026丰台一模/试卷/试卷.pdf,pdf,paper,,inventory-only,
2026_丰台_一模,2026,丰台,一模,/Users/wanglifei/GaokaoPolitics/2026各区模拟题/2026各区一模/2026丰台一模/26 丰台一模政治(1).pptx,pptx,paper,,duplicate-or-drift,exact_duplicate_of=/Users/wanglifei/Desktop/2026模拟题/2026各区一模/2026丰台一模/细则/细则.pptx
2026_丰台_一模,2026,丰台,一模,/Users/wanglifei/GaokaoPolitics/2026各区模拟题/2026各区一模/2026丰台一模/丰台一模.pdf,pdf,paper,,duplicate-or-drift,exact_duplicate_of=/Users/wanglifei/Desktop/2026模拟题/2026各区一模/2026丰台一模/试卷/试卷.pdf
2026_丰台_一模,2026,丰台,一模,/Users/wanglifei/Desktop/2026模拟题/2026各区一模/2026丰台一模/细则/细则.pptx,pptx,rubric,,inventory-only,
2026_丰台_二模,2026,丰台,二模,/Users/wanglifei/Desktop/2026模拟题/2026各区二模/2026丰台二模/试卷/2026北京丰台高三二模政治（教师版）.pdf,pdf,paper,,inventory-only,
2026_丰台_二模,2026,丰台,二模,/Users/wanglifei/Desktop/2026模拟题/2026各区二模/2026丰台二模/细则/2026丰台区二模主观题阅卷细则(1).pptx,pptx,rubric,,inventory-only,
2026_丰台_期末,2026,丰台,期末,/Users/wanglifei/Desktop/2026模拟题/2026各区期末和期中/2026丰台期末/试卷/试卷.pdf,pdf,paper,,inventory-only,
2026_丰台_期末,2026,丰台,期末,/Users/wanglifei/GaokaoPolitics/2026各区模拟题/2026各区期末和期中/2026丰台期末/2026北京丰台高三（上）期末政治.pdf,pdf,paper,,duplicate-or-drift,exact_duplicate_of=/Users/wanglifei/Desktop/2026模拟题/2026各区期末和期中/2026丰台期末/试卷/试卷.pdf
2026_丰台_期末,2026,丰台,期末,/Users/wanglifei/Desktop/2026模拟题/2026各区期末和期中/2026丰台期末/细则/细则.pdf,pdf,rubric,,inventory-only,
2026_丰台_期末,2026,丰台,期末,/Users/wanglifei/GaokaoPolitics/2026各区模拟题/2026各区期末和期中/2026丰台期末/丰台高三期末主观题评标.pdf,pdf,rubric,,duplicate-or-drift,exact_duplicate_of=/Users/wanglifei/Desktop/2026模拟题/2026各区期末和期中/2026丰台期末/细则/细则.pdf
2026_延庆_一模,2026,延庆,一模,/Users/wanglifei/Desktop/2026模拟题/2026各区一模/2026延庆一模/试卷/试卷.pdf,pdf,paper,,inventory-only,
2026_延庆_一模,2026,延庆,一模,/Users/wanglifei/GaokaoPolitics/2026各区模拟题/2026各区一模/2026延庆一模/2026北京延庆高三一模政治（教师版）.pdf,pdf,paper,,duplicate-or-drift,exact_duplicate_of=/Users/wanglifei/Desktop/2026模拟题/2026各区一模/2026延庆一模/试卷/试卷.pdf
2026_延庆_一模,2026,延庆,一模,/Users/wanglifei/Desktop/2026模拟题/2026各区一模/2026延庆一模/细则/细则.docx,docx,rubric,,inventory-only,
2026_延庆_一模,2026,延庆,一模,/Users/wanglifei/GaokaoPolitics/2026各区模拟题/2026各区一模/2026延庆一模/26 延庆一模评标.docx,docx,rubric,,duplicate-or-drift,exact_duplicate_of=/Users/wanglifei/Desktop/2026模拟题/2026各区一模/2026延庆一模/细则/细则.docx
2026_房山_一模,2026,房山,一模,/Users/wanglifei/Desktop/2026模拟题/2026各区一模/2026房山一模/试卷/试卷.pdf,pdf,paper,,inventory-only,
2026_房山_一模,2026,房山,一模,/Users/wanglifei/GaokaoPolitics/2026各区模拟题/2026各区一模/2026房山一模/2026北京房山高三一模政治.pdf,pdf,paper,,duplicate-or-drift,exact_duplicate_of=/Users/wanglifei/Desktop/2026模拟题/2026各区一模/2026房山一模/试卷/试卷.pdf
2026_房山_一模,2026,房山,一模,/Users/wanglifei/Desktop/2026模拟题/2026各区一模/2026房山一模/细则/细则.docx,docx,rubric,,inventory-only,
2026_房山_一模,2026,房山,一模,/Users/wanglifei/GaokaoPolitics/2026各区模拟题/2026各区一模/2026房山一模/26 房山一模评标 全.docx,docx,rubric,,duplicate-or-drift,exact_duplicate_of=/Users/wanglifei/Desktop/2026模拟题/2026各区一模/2026房山一模/细则/细则.docx
2026_房山_二模,2026,房山,二模,/Users/wanglifei/Desktop/2026模拟题/2026各区二模/2026房山二模/试卷/2026北京房山高三二模政治（教师版）.pdf,pdf,paper,,inventory-only,
2026_房山_二模,2026,房山,二模,/Users/wanglifei/Desktop/2026模拟题/2026各区二模/2026房山二模/细则/26房山评标(2).docx,docx,rubric,,duplicate-or-drift,exact_duplicate_of=/Users/wanglifei/Desktop/2026模拟题/2026各区二模/2026房山二模/细则/26房山评标.docx
2026_房山_二模,2026,房山,二模,/Users/wanglifei/Desktop/2026模拟题/2026各区二模/2026房山二模/细则/26房山评标.docx,docx,rubric,,inventory-only,
2026_朝阳_一模,2026,朝阳,一模,/Users/wanglifei/Desktop/2026模拟题/2026各区一模/2026朝阳一模/试卷/试卷.pdf,pdf,paper,,inventory-only,
2026_朝阳_一模,2026,朝阳,一模,/Users/wanglifei/GaokaoPolitics/2026各区模拟题/2026各区一模/2026朝阳一模/2026北京朝阳高三一模政治（教师版）.pdf,pdf,paper,,duplicate-or-drift,exact_duplicate_of=/Users/wanglifei/Desktop/2026模拟题/2026各区一模/2026朝阳一模/试卷/试卷.pdf
2026_朝阳_一模,2026,朝阳,一模,/Users/wanglifei/Desktop/2026模拟题/2026各区一模/2026朝阳一模/细则/细则.docx,docx,rubric,,inventory-only,
2026_朝阳_一模,2026,朝阳,一模,/Users/wanglifei/GaokaoPolitics/2026各区模拟题/2026各区一模/2026朝阳一模/朝阳高三政治一模阅卷细则.docx,docx,rubric,,duplicate-or-drift,exact_duplicate_of=/Users/wanglifei/Desktop/2026模拟题/2026各区一模/2026朝阳一模/细则/细则.docx
2026_朝阳_二模,2026,朝阳,二模,/Users/wanglifei/Desktop/2026模拟题/2026各区二模/2026朝阳二模/试卷/2026北京朝阳高三二模政治（教师版）.docx,docx,paper,,inventory-only,
2026_朝阳_二模,2026,朝阳,二模,/Users/wanglifei/Desktop/2026模拟题/2026各区二模/2026朝阳二模/细则/202605朝阳高三政治二模阅卷细则(1).docx,docx,rubric,,inventory-only,
2026_朝阳_期中,2026,朝阳,期中,/Users/wanglifei/Desktop/2026模拟题/2026各区期末和期中/2026朝阳期中/试卷/试卷.pdf,pdf,paper,,inventory-only,
2026_朝阳_期末,2026,朝阳,期末,/Users/wanglifei/Desktop/2026模拟题/2026各区期末和期中/2026朝阳期末/试卷/试卷.pdf,pdf,paper,,inventory-only,
2026_朝阳_期中,2026,朝阳,期中,/Users/wanglifei/GaokaoPolitics/2026各区模拟题/2026各区期末和期中/2026朝阳期中/2025北京朝阳高三（上）期中政治（教师版）.pdf,pdf,paper,,duplicate-or-drift,exact_duplicate_of=/Users/wanglifei/Desktop/2026模拟题/2026各区期末和期中/2026朝阳期中/试卷/试卷.pdf
2026_朝阳_期末,2026,朝阳,期末,/Users/wanglifei/GaokaoPolitics/2026各区模拟题/2026各区期末和期中/2026朝阳期末/2026北京朝阳高三（上）期末政治.pdf,pdf,paper,,duplicate-or-drift,exact_duplicate_of=/Users/wanglifei/Desktop/2026模拟题/2026各区期末和期中/2026朝阳期末/试卷/试卷.pdf
2026_朝阳_期中,2026,朝阳,期中,/Users/wanglifei/Desktop/2026模拟题/2026各区期末和期中/2026朝阳期中/细则/细则.docx,docx,rubric,,inventory-only,
2026_朝阳_期中,2026,朝阳,期中,/Users/wanglifei/Desktop/2026模拟题/2026各区期末和期中/2026朝阳期中/细则/补充材料/细则.docx,docx,rubric,,duplicate-or-drift,exact_duplicate_of=/Users/wanglifei/Desktop/2026模拟题/2026各区期末和期中/2026朝阳期中/细则/细则.docx
2026_朝阳_期末,2026,朝阳,期末,/Users/wanglifei/Desktop/2026模拟题/2026各区期末和期中/2026朝阳期末/细则/细则.pdf,pdf,rubric,,inventory-only,
2026_朝阳_期中,2026,朝阳,期中,/Users/wanglifei/GaokaoPolitics/2026各区模拟题/2026各区期末和期中/2026朝阳期中/2025.11朝阳期中政治评标.docx,docx,rubric,,duplicate-or-drift,exact_duplicate_of=/Users/wanglifei/Desktop/2026模拟题/2026各区期末和期中/2026朝阳期中/细则/细则.docx
2026_朝阳_期中,2026,朝阳,期中,/Users/wanglifei/GaokaoPolitics/2026各区模拟题/2026各区期末和期中/2026朝阳期中/2025.11朝阳高三政治期中阅卷细则.docx,docx,rubric,,duplicate-or-drift,exact_duplicate_of=/Users/wanglifei/Desktop/2026模拟题/2026各区期末和期中/2026朝阳期中/细则/细则.docx
2026_朝阳_期末,2026,朝阳,期末,/Users/wanglifei/GaokaoPolitics/2026各区模拟题/2026各区期末和期中/2026朝阳期末/2026朝阳期末细则.pdf,pdf,rubric,,duplicate-or-drift,exact_duplicate_of=/Users/wanglifei/Desktop/2026模拟题/2026各区期末和期中/2026朝阳期末/细则/细则.pdf
2026_海淀_一模,2026,海淀,一模,/Users/wanglifei/Desktop/2026模拟题/2026各区一模/2026海淀一模/试卷/试卷.pdf,pdf,paper,,inventory-only,
2026_海淀_一模,2026,海淀,一模,/Users/wanglifei/GaokaoPolitics/2026各区模拟题/2026各区一模/2026海淀一模/2026海淀一模 试卷扫描版_去水印.pdf,pdf,paper,,duplicate-or-drift,exact_duplicate_of=/Users/wanglifei/Desktop/2026模拟题/2026各区一模/2026海淀一模/试卷/试卷.pdf
2026_海淀_一模,2026,海淀,一模,/Users/wanglifei/Desktop/2026模拟题/2026各区一模/2026海淀一模/细则/细则.pdf,pdf,rubric,,inventory-only,
2026_海淀_一模,2026,海淀,一模,/Users/wanglifei/GaokaoPolitics/2026各区模拟题/2026各区一模/2026海淀一模/26海淀一模政治评分标准.pdf,pdf,rubric,,duplicate-or-drift,exact_duplicate_of=/Users/wanglifei/Desktop/2026模拟题/2026各区一模/2026海淀一模/细则/细则.pdf
2026_海淀_二模,2026,海淀,二模,/Users/wanglifei/Desktop/2026模拟题/2026各区二模/2026海淀二模/试卷/2026北京海淀高三二模政治（教师版）.docx,docx,paper,,inventory-only,
2026_海淀_二模,2026,海淀,二模,/Users/wanglifei/Desktop/2026模拟题/2026各区二模/2026海淀二模/细则/26海淀高三政治二模讲评.pdf,pdf,rubric,,inventory-only,
2026_海淀_期中,2026,海淀,期中,/Users/wanglifei/Desktop/2026模拟题/2026各区期末和期中/2026海淀期中/其他材料/期中讲评20251106.pdf,pdf,marking-report,,inventory-only,
2026_海淀_期中,2026,海淀,期中,/Users/wanglifei/GaokaoPolitics/2026各区模拟题/2026各区期末和期中/2026海淀期中/期中讲评20251106.pdf,pdf,marking-report,,duplicate-or-drift,exact_duplicate_of=/Users/wanglifei/Desktop/2026模拟题/2026各区期末和期中/2026海淀期中/其他材料/期中讲评20251106.pdf
2026_海淀_期中,2026,海淀,期中,/Users/wanglifei/Desktop/2026模拟题/2026各区期末和期中/2026海淀期中/试卷/试卷.docx,docx,paper,,inventory-only,
2026_海淀_期末,2026,海淀,期末,/Users/wanglifei/Desktop/2026模拟题/2026各区期末和期中/2026海淀期末/试卷/试卷.pdf,pdf,paper,,inventory-only,
2026_海淀_期中,2026,海淀,期中,/Users/wanglifei/GaokaoPolitics/2026各区模拟题/2026各区期末和期中/2026海淀期中/2025北京海淀高三（上）期中政治（教师版）.docx,docx,paper,,duplicate-or-drift,exact_duplicate_of=/Users/wanglifei/Desktop/2026模拟题/2026各区期末和期中/2026海淀期中/试卷/试卷.docx
2026_海淀_期末,2026,海淀,期末,/Users/wanglifei/GaokaoPolitics/2026各区模拟题/2026各区期末和期中/2026海淀期末/2026北京海淀高三（上）期末政治（教师版）.pdf,pdf,paper,,duplicate-or-drift,exact_duplicate_of=/Users/wanglifei/Desktop/2026模拟题/2026各区期末和期中/2026海淀期末/试卷/试卷.pdf
2026_海淀_期末,2026,海淀,期末,/Users/wanglifei/Desktop/2026模拟题/2026各区期末和期中/2026海淀期末/细则/细则.pdf,pdf,rubric,,inventory-only,
2026_海淀_期末,2026,海淀,期末,/Users/wanglifei/GaokaoPolitics/2026各区模拟题/2026各区期末和期中/2026海淀期末/2025-2026海淀期末政治评分标准(1).pdf,pdf,rubric,,duplicate-or-drift,exact_duplicate_of=/Users/wanglifei/Desktop/2026模拟题/2026各区期末和期中/2026海淀期末/细则/细则.pdf
2026_石景山_一模,2026,石景山,一模,/Users/wanglifei/Desktop/2026模拟题/2026各区一模/2026石景山一模/试卷/试卷.pdf,pdf,paper,,inventory-only,
2026_石景山_一模,2026,石景山,一模,/Users/wanglifei/GaokaoPolitics/2026各区模拟题/2026各区一模/2026石景山一模/2026北京石景山高三一模政治（教师版）.pdf,pdf,paper,,duplicate-or-drift,exact_duplicate_of=/Users/wanglifei/Desktop/2026模拟题/2026各区一模/2026石景山一模/试卷/试卷.pdf
2026_石景山_一模,2026,石景山,一模,/Users/wanglifei/Desktop/2026模拟题/2026各区一模/2026石景山一模/细则/细则.doc,doc,rubric,,inventory-only,
2026_石景山_一模,2026,石景山,一模,/Users/wanglifei/GaokaoPolitics/2026各区模拟题/2026各区一模/2026石景山一模/2026石景山区高三一模评分细则.doc,doc,rubric,,duplicate-or-drift,exact_duplicate_of=/Users/wanglifei/Desktop/2026模拟题/2026各区一模/2026石景山一模/细则/细则.doc
2026_石景山_二模,2026,石景山,二模,/Users/wanglifei/Desktop/2026模拟题/2026各区二模/2026石景山二模/试卷/2026北京石景山高三二模政治（教师版）.docx,docx,paper,,inventory-only,
2026_石景山_二模,2026,石景山,二模,/Users/wanglifei/Desktop/2026模拟题/2026各区二模/2026石景山二模/细则/石景山区高三政治第二次模拟考试答案评分细则(1).doc,doc,rubric,,inventory-only,
2026_石景山_期末,2026,石景山,期末,/Users/wanglifei/GaokaoPolitics/2026各区模拟题/2026各区期末和期中/2026石景山期末/2026北京石景山高三（上）期末政治.pdf,pdf,paper,,module-boundary-excluded,excluded_by_hard_rule_2026_shijingshan_final_no_usable_rubric; exact_duplicate_of=/Users/wanglifei/Desktop/2026模拟题/已放弃/2026石景山期末/其他材料/答案及评分参考.pdf
2026_石景山_期末,2026,石景山,期末,/Users/wanglifei/Desktop/2026模拟题/已放弃/2026石景山期末/其他材料/答案及评分参考.pdf,pdf,reference-answer,,module-boundary-excluded,excluded_by_hard_rule_2026_shijingshan_final_no_usable_rubric; under_abandoned_folder
2026_西城_一模,2026,西城,一模,/Users/wanglifei/Desktop/2026模拟题/2026各区一模/2026西城一模/试卷/补充材料/2026北京西城高三一模政治.pdf,pdf,paper,,inventory-only,
2026_西城_一模,2026,西城,一模,/Users/wanglifei/Desktop/2026模拟题/2026各区一模/2026西城一模/试卷/试卷.docx,docx,paper,,inventory-only,
2026_西城_一模,2026,西城,一模,/Users/wanglifei/GaokaoPolitics/2026各区模拟题/2026各区一模/2026西城一模/2026北京西城高三一模政治.pdf,pdf,paper,,duplicate-or-drift,exact_duplicate_of=/Users/wanglifei/Desktop/2026模拟题/2026各区一模/2026西城一模/试卷/补充材料/2026北京西城高三一模政治.pdf
2026_西城_一模,2026,西城,一模,/Users/wanglifei/GaokaoPolitics/2026各区模拟题/2026各区一模/2026西城一模/高三统一测试思想政治试卷.docx,docx,paper,,duplicate-or-drift,exact_duplicate_of=/Users/wanglifei/Desktop/2026模拟题/2026各区一模/2026西城一模/试卷/试卷.docx
2026_西城_一模,2026,西城,一模,/Users/wanglifei/Desktop/2026模拟题/2026各区一模/2026西城一模/细则/细则.docx,docx,rubric,,inventory-only,
2026_西城_一模,2026,西城,一模,/Users/wanglifei/GaokaoPolitics/2026各区模拟题/2026各区一模/2026西城一模/高三一模阅卷细则26.04(1).docx,docx,rubric,,duplicate-or-drift,exact_duplicate_of=/Users/wanglifei/Desktop/2026模拟题/2026各区一模/2026西城一模/细则/细则.docx
2026_西城_二模,2026,西城,二模,/Users/wanglifei/Desktop/2026模拟题/2026各区二模/2026西城二模/试卷/2026北京西城高三二模政治（教师版）.docx,docx,paper,,inventory-only,
2026_西城_二模,2026,西城,二模,/Users/wanglifei/Desktop/2026模拟题/2026各区二模/2026西城二模/细则/西城二模评标.pdf,pdf,rubric,,inventory-only,
2026_西城_期末,2026,西城,期末,/Users/wanglifei/Desktop/2026模拟题/2026各区期末和期中/2026西城期末/试卷/2026北京西城高三上期末政治教师版.pdf,pdf,paper,,duplicate-or-drift,exact_duplicate_of=/Users/wanglifei/Desktop/2026模拟题/2026各区期末和期中/2026西城期末/细则/补充材料/高三思想政治参考答案.pdf
2026_西城_期末,2026,西城,期末,/Users/wanglifei/GaokaoPolitics/2026各区模拟题/2026各区期末和期中/2026西城期末/2026北京西城高三（上）期末政治（教师版）.pdf,pdf,paper,,duplicate-or-drift,exact_duplicate_of=/Users/wanglifei/Desktop/2026模拟题/2026各区期末和期中/2026西城期末/细则/补充材料/高三思想政治参考答案.pdf
2026_西城_期末,2026,西城,期末,/Users/wanglifei/Desktop/2026模拟题/2026各区期末和期中/2026西城期末/细则/细则.pdf,pdf,rubric,,inventory-only,
2026_西城_期末,2026,西城,期末,/Users/wanglifei/Desktop/2026模拟题/2026各区期末和期中/2026西城期末/细则/补充材料/西城高三期末评标.pptx,pptx,rubric,,inventory-only,
2026_西城_期末,2026,西城,期末,/Users/wanglifei/Desktop/2026模拟题/2026各区期末和期中/2026西城期末/细则/补充材料/高三思想政治参考答案.pdf,pdf,rubric,,inventory-only,
2026_西城_期末,2026,西城,期末,/Users/wanglifei/GaokaoPolitics/2026各区模拟题/2026各区期末和期中/2026西城期末/2026西城期末细则.pdf,pdf,rubric,,duplicate-or-drift,exact_duplicate_of=/Users/wanglifei/Desktop/2026模拟题/2026各区期末和期中/2026西城期末/细则/细则.pdf
2026_西城_期末,2026,西城,期末,/Users/wanglifei/GaokaoPolitics/2026各区模拟题/2026各区期末和期中/2026西城期末/西城高三期末评标.pptx,pptx,rubric,,duplicate-or-drift,exact_duplicate_of=/Users/wanglifei/Desktop/2026模拟题/2026各区期末和期中/2026西城期末/细则/补充材料/西城高三期末评标.pptx
2026_通州_一模,2026,通州,一模,/Users/wanglifei/Desktop/2026模拟题/2026各区一模/2026通州一模/试卷/2026北京通州高三一模政治.pdf,pdf,paper,,inventory-only,
2026_通州_一模,2026,通州,一模,/Users/wanglifei/Desktop/2026模拟题/2026各区一模/2026通州一模/细则/26 通州一模评标.pdf,pdf,rubric,,inventory-only,
2026_通州_期末,2026,通州,期末,/Users/wanglifei/GaokaoPolitics/2026各区模拟题/2026各区期末和期中/2026通州期末/2026通州期末试卷讲评.pptx,pptx,marking-report,,duplicate-or-drift,exact_duplicate_of=/Users/wanglifei/Desktop/2026模拟题/2026各区期末和期中/2026通州期末/细则/细则.pptx
2026_通州_期末,2026,通州,期末,/Users/wanglifei/Desktop/2026模拟题/2026各区期末和期中/2026通州期末/试卷/试卷.pdf,pdf,paper,,inventory-only,
2026_通州_期末,2026,通州,期末,/Users/wanglifei/GaokaoPolitics/2026各区模拟题/2026各区期末和期中/2026通州期末/2026北京通州高三（上）期末政治（教师版）.pdf,pdf,paper,,duplicate-or-drift,exact_duplicate_of=/Users/wanglifei/Desktop/2026模拟题/2026各区期末和期中/2026通州期末/试卷/试卷.pdf
2026_通州_期末,2026,通州,期末,/Users/wanglifei/Desktop/2026模拟题/2026各区期末和期中/2026通州期末/细则/细则.pptx,pptx,rubric,,inventory-only,
2026_门头沟_一模,2026,门头沟,一模,/Users/wanglifei/Desktop/2026模拟题/2026各区一模/2026门头沟一模/试卷/试卷.pdf,pdf,paper,,inventory-only,
2026_门头沟_一模,2026,门头沟,一模,/Users/wanglifei/GaokaoPolitics/2026各区模拟题/2026各区一模/2026门头沟一模/门头沟区高三政治一模试卷.pdf,pdf,paper,,duplicate-or-drift,exact_duplicate_of=/Users/wanglifei/Desktop/2026模拟题/2026各区一模/2026门头沟一模/试卷/试卷.pdf
2026_门头沟_一模,2026,门头沟,一模,/Users/wanglifei/Desktop/2026模拟题/2026各区一模/2026门头沟一模/细则/细则.docx,docx,rubric,,inventory-only,
2026_门头沟_一模,2026,门头沟,一模,/Users/wanglifei/GaokaoPolitics/2026各区模拟题/2026各区一模/2026门头沟一模/门头沟高三政治一模参考答案及评标细则新.docx,docx,rubric,,duplicate-or-drift,exact_duplicate_of=/Users/wanglifei/Desktop/2026模拟题/2026各区一模/2026门头沟一模/细则/细则.docx
2026_顺义_一模,2026,顺义,一模,/Users/wanglifei/Desktop/2026模拟题/2026各区一模/2026顺义一模/试卷/试卷.pdf,pdf,paper,,inventory-only,
2026_顺义_一模,2026,顺义,一模,/Users/wanglifei/GaokaoPolitics/2026各区模拟题/2026各区一模/2026顺义一模/2026顺义一模.pdf,pdf,paper,,duplicate-or-drift,exact_duplicate_of=/Users/wanglifei/Desktop/2026模拟题/2026各区一模/2026顺义一模/试卷/试卷.pdf
2026_顺义_一模,2026,顺义,一模,/Users/wanglifei/Desktop/2026模拟题/2026各区一模/2026顺义一模/细则/细则.pptx,pptx,rubric,,inventory-only,
2026_顺义_一模,2026,顺义,一模,/Users/wanglifei/GaokaoPolitics/2026各区模拟题/2026各区一模/2026顺义一模/2026年顺义一模  细则.pptx,pptx,rubric,,duplicate-or-drift,exact_duplicate_of=/Users/wanglifei/Desktop/2026模拟题/2026各区一模/2026顺义一模/细则/细则.pptx
2026_顺义_二模,2026,顺义,二模,/Users/wanglifei/Desktop/2026模拟题/2026各区二模/2026顺义二模/试卷/26顺义二模(1).pdf,pdf,paper,,inventory-only,
2026_顺义_二模,2026,顺义,二模,/Users/wanglifei/Desktop/2026模拟题/2026各区二模/2026顺义二模/细则/26顺义二模评标.doc,doc,rubric,,inventory-only,
