suite_id,question,operation,prior_book_module,prior_status,new_book_module,new_status,rule_id,matched_terms,basis,evidence_source_type,evidence_source,evidence_text
2024_顺义_二模,19(1),resolve_original_row,UNKNOWN_OR_MIXED,blocked,B2_ECONOMICS,included,CULTURE_HINT_B2_FULL_SUBQUESTION_NEW_QUALITY_PRODUCTIVE_FORCES,"社会主义基本经济制度,新质生产力,要素参与收入分配,市场经济体制,国有经济,非公有制经济",第19(1)问设问明确要求从社会主义基本经济制度角度说明新质生产力跃升，细则均为 B2 经济采分点；原 B2 组件升格为整小问，去掉冗余组件行。,rubric,/Users/wanglifei/Desktop/北京高考政治/reports/必修二三与必修四文化_题源分类准备_20260617_1301/02_text_cache/texts/f986728ea555a6ed.txt,"(15分) (1)要健全要素参与收入分配机制,激发劳动、知识、技术、管理、资本和数据等生产要素活力,更好体现知识、技术、人才的市场价值,营造鼓励创新的良好氛围,为培育新质生产力提供人才支撑。 深化社会主义市场经济体制改革,发挥新型举国体制优势,建立高标准市场体系,创新生产要素配置方式,使有效市场与有为政府更好结合,让各类先进优质生产要素向发展新质生产力顺畅流动。 发挥国有经济主导引导作用,推动国有经济向前瞻性战略新兴产业集中,发挥其他所有制经济的优势/鼓励、支持、引导非公有制经济发展,支持和帮助非公有制企业提供企业管理水平,完善管理体制桐柏同,提高生产技术水平和研发能力,使各种所有制经济互相取长补短、共同促进新质生产力的发展。 (2)综观人类社会发展的进程和趋势,生产力是最活跃、最革命的因素,总是处在不断进步的变化中,是社会发展的最终决定力量。我国积极推动新质生产力发展是遵循人类社会发展规律的必然要求。 当前国际竞争的实质是以经济和科技实力为基础的综合国力的较量。新质生产力对于提高我国的实力,增强核心竞争力具有重要意义,强大的国家实力有利于更好的维护我国的国家利益和增强在国际事务中的话语权,有利于世界多极化深入发展,构建人类命运共同体。谋划发展新质生产力是政府的职责所在。 以人民为中心的发展理念,有利于满足人民日益增长的美好生活需要,提升人民的幸福感、安全感、获得感。"
2024_顺义_二模,19(2),resolve_original_row,UNKNOWN_OR_MIXED,blocked,XB1_EXCLUDED,module-boundary-excluded,CULTURE_HINT_PARENT_REMAINDER_XB1_AFTER_B3_COMPONENT,"当代国际政治与经济,国际竞争,国家利益,世界多极化,人类命运共同体",第19(2)问同时限定《政治与法治》和《当代国际政治与经济》；B3 采分点另抽组件，父题余项按 XB1/综合边界关闭。,rubric,/Users/wanglifei/Desktop/北京高考政治/reports/必修二三与必修四文化_题源分类准备_20260617_1301/02_text_cache/texts/f986728ea555a6ed.txt,"(15分) (1)要健全要素参与收入分配机制,激发劳动、知识、技术、管理、资本和数据等生产要素活力,更好体现知识、技术、人才的市场价值,营造鼓励创新的良好氛围,为培育新质生产力提供人才支撑。 深化社会主义市场经济体制改革,发挥新型举国体制优势,建立高标准市场体系,创新生产要素配置方式,使有效市场与有为政府更好结合,让各类先进优质生产要素向发展新质生产力顺畅流动。 发挥国有经济主导引导作用,推动国有经济向前瞻性战略新兴产业集中,发挥其他所有制经济的优势/鼓励、支持、引导非公有制经济发展,支持和帮助非公有制企业提供企业管理水平,完善管理体制桐柏同,提高生产技术水平和研发能力,使各种所有制经济互相取长补短、共同促进新质生产力的发展。 (2)综观人类社会发展的进程和趋势,生产力是最活跃、最革命的因素,总是处在不断进步的变化中,是社会发展的最终决定力量。我国积极推动新质生产力发展是遵循人类社会发展规律的必然要求。 当前国际竞争的实质是以经济和科技实力为基础的综合国力的较量。新质生产力对于提高我国的实力,增强核心竞争力具有重要意义,强大的国家实力有利于更好的维护我国的国家利益和增强在国际事务中的话语权,有利于世界多极化深入发展,构建人类命运共同体。谋划发展新质生产力是政府的职责所在。 以人民为中心的发展理念,有利于满足人民日益增长的美好生活需要,提升人民的幸福感、安全感、获得感。"
2025_东城_期末,19(2),resolve_original_row,UNKNOWN_OR_MIXED,blocked,B3_POLITICS_RULE_OF_LAW,included,CULTURE_HINT_B3_STAKEHOLDER_IDENTIFICATION_COMMUNITY_GOVERNANCE,"街道办事处,消防部门,居民,物业,利益相关方",第19(2)问要求识别电动自行车治理中的利益相关方，答案给出街道办事处、消防部门等公共治理主体，归入 B3 低密度题源；第19(3)仍保留基层自治组件。,paper,/Users/wanglifei/Desktop/北京高考政治/reports/必修二三与必修四文化_题源分类准备_20260617_1301/02_text_cache/texts/8eda36bd87dba194.txt,"【分析】(1)本题要求回答材料中面临的法律问题。 “电动自行车存放、充电场所应当配备必要的消防 器材,充电设施应当具备充满自动断电功能。 ”可知面临充电柜是否符合安全标准的问题。 “改变共有部 分的用途或者利用共有部分从事经营活动。 ”可知面临公共区域的所有权问题。 (2)本题要求回答解决电动自行车“安家难”涉及的利益相关方。甲和乙的观点说明社区电动自行车 的充电问题涉及居民;丙的观点说明涉及物业、街道办事处和消防部门等利益相关方。 第19页/共20页 (3)本题要求回答如何更好地解决居民分歧,达成共识。从《政治与法治》的角度看,解决社区居民 的问题,最好发挥基层群众自治的作用,通过召开居民会议,居委会介绍方案并进行民主协商、民主决 策,就充电柜设置问题达成共识。从《法律与生活》的角度看,解决邻里之间的问题,应该按照方便生 活、团结互助、公平合理的原则,正确处理相邻关系。 【解答】(1) 充电柜是否符合安全标准、公共区域的所有权等; (2) 街道办事处、消防部门等; (3) 1应当按照方便生活、团结互助、公平合理的原则,正确处理相邻关系,促进和谐。 2通过召开居民会议,居委会介绍方案并进行民主协商、民主决策,就充电柜设置问题达成共识。 【点评】(1)(2)属于简答题,难度较低。解答此类主观题需要考生夯实基础,加强知识储备,准确获 取和解读材料信息,直问直答,无需作过多分析。 (3)本题为措施类试题,解答这类题目时采用定点法,具体的解题思路是: 一是从教材找方法。要认真回想教材相关方面的知识,不能随意乱想。 二是从材料中找方法。如果材料呈现的是问题,那么材料中问题的反面就是方法。 三是从当前时政热点和党和国家重大政策中找方法。具体的解题程序:定点--联系--疏理--作答。"
2025_延庆_一模,1,resolve_original_row,UNKNOWN_OR_MIXED,blocked,B1_EXCLUDED,module-boundary-excluded,CULTURE_HINT_YANQING_Q1_ANSWER_A_REFORM_B1,"答案A,全面深化改革,中国式现代化,制度环境",答案键显示第1题为 A；正确项落在进一步全面深化改革与中国式现代化制度环境，非 B2/B3/B4_CULTURE 主链。,paper+answer_key,/Users/wanglifei/Desktop/北京高考政治/reports/必修二三与必修四文化_题源分类准备_20260617_1301/02_text_cache/texts/94785525e6452e6f.txt | /Users/wanglifei/Desktop/北京高考政治/reports/必修二三与必修四文化_题源分类准备_20260617_1301/02_text_cache/texts/c0a3990e95796ddd.txt,"党的二十届三中全会强调,面对纷繁复杂的国际国内形势,面对新一轮科技革命和产业变革,面对人民 群众新期待,必须自觉把改革摆在更加突出位置,紧紧围绕推进中国式现代化进一步全面深化改革。对此 理解正确的是( ) A. 全面深化改革破除体制机制障碍,为科技产业创新创造良好制度环境 B. 改革永无止境,实践水无止境,改革决定我国进行新一轮的产业变革 C. 全面深化改革是中国式现代化的根本动力,为中国式现代化务实物质基础 D. 全面深化改革必须坚持以人民为中心,满足人们对美好生活的各种需求 延庆区2024-2025学年高三模拟试卷参考答案 思想政治 第一部分共15题,每题3分,共45分。 题号 1 2 3 4 5 6 7 8 9 10 11 12 13 14 15 答案 A B C D D C A C A D B C B D A 第二部分共6题 共55分。 16.(8分) 网络文艺作品的创作要从实际出发,充分了解老年人的精神文化需要,为老年人提供丰富的文化产品(3分);网络文艺作品的创作要坚持正确的价值导向,立足时代,创作表现新时代中老年人老有所为为家庭文明、社会发展、国家进步贡献“银发力量”的故事(3分);网络文艺作品的创作要满足群众多层次多样化的精神文化需求,坚持社会效益和经济效益的统一(2分)。 细则:只答哲学或文化最高7分;每个观点2分材料1分,(可以从一切从实际出发、矛盾、价值观、文化发展的基本途径等角度作答。) 17. (8分) 坚持党对民营经济立法的领导,充分发挥协商民主优势,人大代表们政协委员为民营经济发展建言献策,形成广泛的社会共识,推动民营经济相关法律的制定和完善。(2分) 草案公开征求意见是开门立法的重大实践,通过科学立法、民主立法、依法立法更好回应社会关切,凝聚共识,提高民营经济促进法立法质量。(2分) 不断完善涉及民营经济发展的法律法规体系,从法律层面明确民营经济的地位和作用,保障民营经济的合法权,为民营经济提供坚实的法治保障。(2分) 坚持党的领导、人民当家作主与依法治国有机结合,为民营经济提供了坚实的制度保障和良好的发展环境(2分) 细则:协商民主1分,结合材料分析1分(落脚在凝聚共识方面);科学立法、民主立法、依法立法(可替代)1分,结合材料分析1分(落在共识或护航)。完善法律体系或从法律层面明确民营经济地位1分,结合材料分析1分(落在护航)。“有机结合”1分,材料分析1分(总括),只党的领导1分。 (7分) 答案:采用分析与综合、质量互变,辩证否定,矛盾分析法等 等级水平 等 级 描 述 水平4(6-7分) 观点鲜明,能明确表达自己的见解;紧扣问题,综合运用所学知识展开论述;逻辑严密,条理清晰 水平3"
2025_延庆_一模,8,resolve_original_row,UNKNOWN_OR_MIXED,blocked,B1_EXCLUDED,module-boundary-excluded,CULTURE_HINT_YANQING_Q8_ANSWER_C_PARENT_REMAINDER,"答案C,道路自信,新的伟大斗争",答案键显示第8题为 C，正确项 2/4 指向道路自信和新的伟大斗争；长征精神文化组件已单独入账，父题余项按 B1 边界关闭。,paper+answer_key,/Users/wanglifei/Desktop/北京高考政治/reports/必修二三与必修四文化_题源分类准备_20260617_1301/02_text_cache/texts/94785525e6452e6f.txt | /Users/wanglifei/Desktop/北京高考政治/reports/必修二三与必修四文化_题源分类准备_20260617_1301/02_text_cache/texts/c0a3990e95796ddd.txt,"长征是人类历史上的伟大奇迹,是中国革命发展史上的里程碑,红军长征的伟大胜利彪炳史册。革命理 想高于天,不怕牺牲、排除万难去争取胜利,面对形形色色的敌人决一死战、克敌制胜,这些都是长征精 神的内涵。 长征历经坎坷取得胜利,这启示我们( ) 1要发挥意识的决定作用,坚定理想信念,化失利为胜利 2要正确看待现代化建设新征程中的困难,坚持道路自信 3要以实践为先导应对纷繁复杂的国际形势,化危为机 4要在迅速变化的时代中赢得主动,就要开展新的伟大斗争 A. 12 B. 13 C. 24 D. 34 延庆区2024-2025学年高三模拟试卷参考答案 思想政治 第一部分共15题,每题3分,共45分。 题号 1 2 3 4 5 6 7 8 9 10 11 12 13 14 15 答案 A B C D D C A C A D B C B D A 第二部分共6题 共55分。 16.(8分) 网络文艺作品的创作要从实际出发,充分了解老年人的精神文化需要,为老年人提供丰富的文化产品(3分);网络文艺作品的创作要坚持正确的价值导向,立足时代,创作表现新时代中老年人老有所为为家庭文明、社会发展、国家进步贡献“银发力量”的故事(3分);网络文艺作品的创作要满足群众多层次多样化的精神文化需求,坚持社会效益和经济效益的统一(2分)。 细则:只答哲学或文化最高7分;每个观点2分材料1分,(可以从一切从实际出发、矛盾、价值观、文化发展的基本途径等角度作答。) 17. (8分) 坚持党对民营经济立法的领导,充分发挥协商民主优势,人大代表们政协委员为民营经济发展建言献策,形成广泛的社会共识,推动民营经济相关法律的制定和完善。(2分) 草案公开征求意见是开门立法的重大实践,通过科学立法、民主立法、依法立法更好回应社会关切,凝聚共识,提高民营经济促进法立法质量。(2分) 不断完善涉及民营经济发展的法律法规体系,从法律层面明确民营经济的地位和作用,保障民营经济的合法权,为民营经济提供坚实的法治保障。(2分) 坚持党的领导、人民当家作主与依法治国有机结合,为民营经济提供了坚实的制度保障和良好的发展环境(2分) 细则:协商民主1分,结合材料分析1分(落脚在凝聚共识方面);科学立法、民主立法、依法立法(可替代)1分,结合材料分析1分(落在共识或护航)。完善法律体系或从法律层面明确民营经济地位1分,结合材料分析1分(落在护航)。“有机结合”1分,材料分析1分(总括),只党的领导1分。 (7分) 答案:采用分析与综合、质量互变,辩证否定,矛盾分析法等 等级水平 等 级 描 述 水平4(6-7分) 观点鲜明,能明确表达自己的见解;紧扣问题,综合运用所学知识展开论述;逻辑严密,条理清晰 水平3"
2025_海淀_一模,4,resolve_original_row,UNKNOWN_OR_MIXED,blocked,B1_EXCLUDED,module-boundary-excluded,CULTURE_HINT_HAIDIAN_YIMO_Q4_ANSWER_A_SPORT_EDUCATION,"答案A,民族复兴重任,全面育人理念,体育",答案键显示第4题为 A，正确项为学生担起民族复兴重任、学校树立全面育人理念；不属于 B2/B3/B4_CULTURE 主链。,paper+answer_key,/Users/wanglifei/Desktop/北京高考政治/reports/必修二三与必修四文化_题源分类准备_20260617_1301/02_text_cache/texts/7ebce670784d805e.txt | /Users/wanglifei/Desktop/北京高考政治/reports/必修二三与必修四文化_题源分类准备_20260617_1301/02_text_cache/texts/7ebce670784d805e.txt,"1917 年,毛泽东在《体育之研究》中提出 “文明其精神,野蛮其体魄 ”,喊出了积贫积弱年代中国青年的 梦想。跨越百年,体育之于人民、之于国家,有了更恢宏的图景,承载着国家强盛、民族振兴的梦想。这 要求 1学生担起民族复兴重任,在锻炼中增强体质、健全人格、锤炼意志 第2页/共9页 2学校树立全面育人理念,积极为学生参与体育活动创造客观条件 3家长遵循成长成才规律,在渐进性与连续性的统一中提高学生身体素质 4国家优化人才评价体系,推动“文明精神”向“野蛮体魄”的价值转化 A.12 B.14 C.23 D.34 治国理政伟大实践之中,作出了许多重大论断—— ·全面深化改革是一项复杂的系统工程。 ·创新是一个复杂的社会系统工程。 ·全面依法治国是一个系统工程。 ·推进中国式现代化是一个系统工程。 ·完整、准确、全面贯彻新发展理念,必须坚持系统观念。新时代新征程,以中国式现代化全面推进 中华民族伟大复兴,必须更加自觉地坚持和运用系统观念,统筹兼顾、综合施策,加强前瞻性思考、全局 性谋划、整体性推进。 从上述重大论断中选择一个,综合运用所学,阐释“系统观念是具有基础性的思想和工作方法”。 第8页/共9页 参考答案 第一部分 本部分共 15 题,每题 3 分,共 45 分。 1.B 2.D 3.D 4.A 5.C 6.B 7.D 8.A 9.D 10.C 11.A 12.C 13.B 14.D 15.B 第二部分 本部分共 7 题,共 55 分。 16.(8 分) 可从矛盾分析法、实践与认识的关系、价值观等角度作答。 等级水平 等级描述 水平 4 观点鲜明,能明确表达自己的见解;紧扣问题,综合运用所学知识展 开论述;逻辑严密,条理清晰。 水平 3 观点比较明确,能表达自己的见解;能扣住问题展开论述,知识运用 比较准确;逻辑性较强,有条理。 水平 2 观点不明确;论述不能集中指向问题,罗列知识;知识运用不正确; 论述缺乏逻辑,条理性差。 水平 1 应答与试题无关;或重复试题内容;或没有应答。 17.(7 分) 1坚持人民主体地位,坚持法治建设为了人民、依靠人民、造福人民、保护人民,尊重和保障人民群 众的知情权、参与权、表达权和监督权。 2提高社会治理法治化水平,发挥市民公约、乡规民约、行业规章、团体章程等社会规范在社会治理 中的积极作用。健全社会矛盾纠纷预防化解机制,更好地协调各方利益关系,有效化解社会矛盾,实 现社会和谐。 3深入开展法治宣传教育,推动全社会树立法治意识,调动人民群众投身依法治国实践的积极性和主 动性,使尊法守法成为全体人民的共同追求和自觉行动。 18.(7 分) 小黄与主题乐园签订的格式合同意思表示真实,条款符合公平原则,合同有效。小黄利用审查漏洞不 当获利的行为"
2025_海淀_二模,16,resolve_original_row,UNKNOWN_OR_MIXED,blocked,B4_PHILOSOPHY_EXCLUDED,module-boundary-excluded,CULTURE_HINT_HAIDIAN_ERMO_Q16_PARENT_REMAINDER_B4P,"联系的观点,认识是主体对客体的能动反映,发展的观点,辩证否定",第16题评标实录明确文化给分点另抽 B4_CULTURE 组件；父题其余知识为联系、认识、发展等哲学余项。,verified_text_cache,/Users/wanglifei/Desktop/北京高考政治/reports/必修二三与必修四文化_题源分类准备_20260617_1301/02_text_cache/texts/086cafc0d843cdfd.txt,":与人工智能相比 ,人类记忆的容量有限 ,且容易随时间消退 。 与其费力背诵,人类完全可以利用人工智能存储、检索、整理信息,提高效率。 网友“实现梦想”:记忆是人类开展思维活动的内容与基底 。人类的创造力和灵 感往往来自于充足的知识积累,缺乏知识储备的思维创新如同“无米之炊”。 结合材料或个人体验,运用《哲学与文化》知识,谈谈你的看法。 我们需要(不需要)记忆大量知识,原因是...... 发展的观点 ——量变是质变的前提和基础 ——辩证否定(实质是扬弃,是联系的环节、发展的环节) ——适度原则 联系的观点 联系的特点(普遍性、客观 性、多样性 )/整体与部分的 辩证关系/系统优化 文化的功能 ——对社会:引领风尚、教育人民、 服务社会、推动发展 ——对个人:丰富人的精神世界、增强人的 精神力量、促进人的全面发展 ——创造性转化、创新性发展 认识是主体对客体的能动反映//意识的能动作用/人 的主观能动性,人工智能无法完全替代人的记忆 任务类型:解释与论证 表态 (1分) 需要/不需要/要一分为二地看 阐释 理由 (7分) 知识(3分) 材料分析或个人体验(3分) ——联系的观点 (联系的特点 (普遍性 、客观性 、多样性 )/ 整体与部分的辩证关系/系统优化) ——认识是主体对客体的能动反映/ 意识的能动作用/人有主观能动性 ——发展的观点 (量变是质变的前提和基础/辩证否定/ 适度原则) (以上原理任意出2个,一个2分,两个3分) 结合材料或个人体验,对原理 的阐释贴切、充分。 (一条2分,两条3分) 文化的功能(对社会/对个人)/创造性转化创新性发展 ( 1分) 问题1:不表态 问题2:审题有误 同学1: 同学2: 同学3: 同学4: 问题3:逻辑不对 问题3:逻辑不对 问题3:逻辑不对 逻辑比较好的示例: 问题4:结合材料或个人体验,阐释不充分 结合材料分析较好的示例: 结合个人体验较好的示例: 问题5:知识堆砌 模板式答题。如“记忆作为一种文化载体,承载着着源远流长、博大精深 的中华文化,发挥着引领风尚、教育人民、服务社会、推动发展的作用” (2019届 海淀期末 21)(8分)《清明上河图3.0》。 故宫博物院推出的艺术展演 《清明上河图 3.0》,融合多种互动技术 ,构筑 出真人与虚拟交织 、人在画中的沉浸式体验 ,让文物“活起来”。例如选取了画 中“孙羊店”的描绘,在展厅内用虚拟技术搭建了这家饭店 ,使观众可以置身其 中,真实感受。 不过,有人认为虽然《清明上河图3.0》利用技术让观众身临其境快速观赏作品 , 但这种直白的讲述剥夺了他们品味绘画作品时的想象空间 。欣赏绘画原本是一个 不断自我发现的过程 ,每位观众的阅历不同 ,注意点也会不同 ,而这种差异正是 最为宝贵的审美体验 。如果用技术手段统一强化某些局部细节 ,无疑会过滤掉观 众自我发现和品味细节的机会 。这样的展演,科技含量也许达到了3.0,但真正的 审美体验恐怕只有0.3。 运用《生活与哲学》相关知识,谈谈是否应该运用科技让文物“活起来”? 【解释与论证】 知识范围限定 主语 设问方向 人大 代表 国家 机关 人民 群众 参与相关工作和 活动; 监督 密切联系群众; 听取意见和要求 将国家机关的工作情况传递给人民群众 全过程人民民主 党的领导、人"
2025_石景山_一模,4,resolve_original_row,UNKNOWN_OR_MIXED,blocked,B4_PHILOSOPHY_EXCLUDED,module-boundary-excluded,CULTURE_HINT_SHIJINGSHAN_Q4_ANSWER_D_B4P,"答案D,实事求是,适度原则,改革",答案键显示第4题为 D，正确项为实事求是与适度原则，归为哲学边界排除。,paper+answer_key,/Users/wanglifei/Desktop/北京高考政治/reports/必修二三与必修四文化_题源分类准备_20260617_1301/02_text_cache/texts/fb8717be46dabe77.txt | /Users/wanglifei/Desktop/北京高考政治/reports/必修二三与必修四文化_题源分类准备_20260617_1301/02_text_cache/texts/fb8717be46dabe77.txt,"在党的二十届三中全会审议通过的《中共中央关于进一步全面深化改革、推进中国式现代化的决定》中, 多次出现“自愿” “自主” “允许”等表述。例如,按照自愿、弹性原则,稳妥有序推进渐进式延迟法定 退休年龄改革;赋予地方政府房地产市场调控自主权,允许有关城市调减住房限购政策......这表明我们党 1充分依靠群众,支持基层探索创新,自下而上总结改革经验 2尊重个性差异,根据主体愿望调整政策,增强改革的包容性 3坚持实事求是,尊重多元诉求,最大限度地协调各方利益 4把握适度原则,有序推动改革,促进经济和社会平稳发展 A. 12 B. 13 C. 24 D. 34 全面深化改革已经进入攻坚期和深水区,党带领人民坚守志不改、道不变的信念,锚定 进一步全面深化改革总目标, 坚持“不立不破、先立后破”的发展之道:立新发展格局,破传统发展路径 依赖;立新质生产力,破原始创新能力不强;立清风正气,破“四风”顽疾;立公正高效权威的司法制度, 破影响司法公正之弊......推动各项制度更加成熟和定型,改革不断取得令人民满意的新成效。 结合材料,综合运用所学,阐述我们党在进一步全面深化改革中统筹破立关系,对全面建成社会主义现代 化强国的重要意义。 第10页/共11页 参考答案 第一部分共 15 题,每题 3 分,共 45 分。 1. B 2. C 3. A 4. D 5. B 6. C 7. A 8. C 9. D 10. C 11. B 12. B 13. D 14. A 15. C 第二部分共 6 题,共 55 分。 16. (8 分) 可从联系的观点、发展的观点、中华优秀传统文化的特点及其当代价值等角度回答。 等级水平 等级 描述 等级赋分 水平 4 观点鲜明,能明确表达自己的见解;紧扣问题,综合运用所学知识展开论 述;逻辑严密,条理清晰 7~8 分 水平 3 观点比较明确,能表达自己的见解;能扣住问题展开论述,知识运用比较 准确;逻辑性较强,有条理 4~6 分 水平 2 观点不明确;论述不能集中指向问题,罗列知识;知识运用不正确;论述 缺乏逻辑,条理性差 1~3 分 水平 1 应答与试题无关;或重复试题内容;或没有应答 0 分 17. (16 分) (1)北京坚持党建引领,发挥党组织在基层治理中的领导核心作用,为街乡镇赋权明责,有效凝聚治理合力。 坚持依法治理,将接诉即办改革纳入法治化轨道,为推进首都治理体系和治理能力现代化提供法治保障。 坚持人民至上,践行全过程人民民主,实现城市发展为了人民、依靠人民、发展成果由人民共享。(8 分) (2)中国主张坚持共商共建共享的全球治理观,各国的事应由本国政府和人民决定,国际上的事应由各国政 府和人民平等互利共同商量着办。坚持国家不分大小、强弱、贫富一律平等,平等参与决策、享受权利、 履行义"
2025_西城_一模,4,resolve_original_row,UNKNOWN_OR_MIXED,blocked,B4_PHILOSOPHY_EXCLUDED,module-boundary-excluded,CULTURE_HINT_XICHENG_YIMO_Q4_PARENT_REMAINDER_AFTER_B2,"答案D,以人民为中心,投资于人,投资于物",答案键显示第4题为 D；其中经济发展与民生改善良性循环另抽 B2 组件，父题余项按价值/哲学边界关闭。,paper+answer_key,/Users/wanglifei/Desktop/北京高考政治/reports/必修二三与必修四文化_题源分类准备_20260617_1301/02_text_cache/texts/2542f29bb04e2ae0.txt | /Users/wanglifei/Desktop/北京高考政治/reports/必修二三与必修四文化_题源分类准备_20260617_1301/02_text_cache/texts/2542f29bb04e2ae0.txt,"2025 年政府工作报告提出,要推动更多资金资源“投资于人”。“投资于人”是与“投资于物”相对 应的概念,后者指将资金资源投入到建厂房、买 设备、修路架桥等方面,而前者指将资金资源投入到 人的发展和保障上。下列选项中正确的是 1现代化的本质是人的现代化,“投资于物”不符合现代化发展的方向 2资源是有限的,“投资于人”与“投资于物”之间的对立是矛盾的主要方面 3人是发展的目的,强调更多资金资源“投资于人”是以人民为中心的生动体现 4要将“投资于物”同“投资于人”紧密结合,形成经济发展与民生改善的良性循环 A.12 B.14 C.23 D.34 是在以长期主义的理念不断推进中国式现代化。从“两弹一星”到载人航天,从复兴号到 C919, 从塔里木沙漠公路到港珠澳跨海大桥 ......回望发展历程,许多领域的惊艳成果, 都源自几十年如一日的坚 守,源自看准了就坚定不移干的执着。 “坚持长期主义,做困难而正确的事”,结合材料,综合运用所学,谈谈你对这句话的理解。 (考生务必将答案答在答题卡上,在试卷上作答无效) 长期主义 ,与短期主义、 功利主义相对,指在决策和行 动中优先考虑长期利益和可持 续性,而不是短期得失。 第9页/共10页 参考答案 第一部分共 15 题,每题 3 分,共 45 分。 1.A 2.C 3.A 4.D 5.D 6.A 7.C 8.B 9.C 10.D 11.B 12.B 13.D 14.B 15.C 第二部分共 7 题,共 55 分。 16.(7分) 可从知行关系、继承弘扬中华优秀传统文化等角度作答。 17.(7分)可从追求认识的客观性、运用辩证思维方法、具有创新意识等角度作答。 18.(7分)环境保护给产业发展带来新机遇,推动生态价值实现,促进 生态优势转换为发展优势。 地区利 用资源优势,注重技术和品质,探索打造特色产业链, 不断提高竞争力,成功开拓海外市场。便捷的 交通基础设施、高水平的物流体系, 内外联通,畅通了国际国内双循环 ,产品等得以高效率地流通, 与其他国家合作共赢。我国经济发展的内生动力和可靠性不断增强,国际循环质量和水平不断提升。 19.(8分)人大代表依法履职,关注国家创新发展,调研自动驾驶发展中的问题,积极推动自动驾驶领域 法律法规的完善。国家机关认真听取人大代表意见和建议,自觉接受人民监督, 改进政策措施,把代 表建议转化为行业发展的动能, 协同推进自动驾驶产业的高质量发展。国家机关高质量办理代表 建议, 等级水平 等 级 描 述 水平 4 (6~7 分) 观点鲜明,能 明确表达自己的见解;紧扣问题,综合运用所学展开论述,逻辑严 密,条理清晰 水平 3 (4~5 分) 观点比较明确,能表达自己的见解; 能扣住问题展开论述,知识运用比较准确, 逻辑性较强,有条"
2025_西城_二模,3,resolve_original_row,UNKNOWN_OR_MIXED,blocked,B4_PHILOSOPHY_EXCLUDED,module-boundary-excluded,CULTURE_HINT_XICHENG_ERMO_Q3_PARENT_REMAINDER_AFTER_B2,"答案A,创新尽责形式,高质量发展,绿色动能",答案键显示第3题为 A；高质量发展和绿色动能组件已入 B2，父题余项按生态实践/一般实践边界关闭。,paper+answer_key,/Users/wanglifei/Desktop/北京高考政治/reports/必修二三与必修四文化_题源分类准备_20260617_1301/02_text_cache/texts/06c08602a2f5c20b.txt | /Users/wanglifei/Desktop/北京高考政治/reports/必修二三与必修四文化_题源分类准备_20260617_1301/02_text_cache/texts/06c08602a2f5c20b.txt,"我国人工林面积居世界首位,是全球增绿最多的国家。现在, 适龄公民履行植树义务有造林绿化、抚 育管护、自然保护、认种认养、设施修建、捐资捐物、志愿服务、其他形式等八大类,并有各自的折 算标准,例如林中悬挂人工鸟巢 1 个,折算 1 株植树任务;认养和保护古树名木 1 株,折算 3 株植树 任务......下列认识正确的是 1创新全民义务植树尽责形式,可以方便适龄公民就近、适时、多样尽责 2增绿就是增优势,可以为高质量发展注入强劲绿色动能 3植树就是植未来,以变革社会的实践推动美丽中国建设 4良好生态是重要的公共物品,具有排他性,需要人人尽责 第2页/共10页 A.12 B. 14 C.23 D. 34 眼于人、落脚于人”。当前,文博场馆门庭若市,热门演出一票难求, “民俗游” “非遗游”充实假期......人们的文化需求不断得到释放,文 化供给不断升级,全国文艺从业者约 1350 万,国家级非物质文化遗产 代表性传承人近四千人。建设文化强国,我们在路上。 结合材料,综合运用所学,谈谈你对“始终坚持文化建设着眼于人、落脚于人”的理解。 (考生务必将答案答在答题卡上,在试卷上作答无效) 文化强国之“强”最终 要体现在人民的思想境界、 精神状态、文化修养上。 ——习近平 第8页/共10页 参考答案 第一部分共 15 题,每题 3 分,共 45 分。 1.A 2.D 3.A 4.C 5.B 6.C 7.C 8.D 9.D 10.C 11.A 12.B 13.A 14.D 15.B 第二部分共 5 题,共 55 分。 16.(14分) (1)(6分)可从尊重规律、正确发挥主观能动性、 具体问题具体分析、树立正确的生态价值观 等角度 作答。 (2)(4分)无法确定一定有岩松鼠行动。 条件1与岩松鼠无关, 条件2是一个充分条件假言判断, 看到了红嘴蓝鹊,后件为真,无法确定 前件的真假,无法确定一定有岩松鼠行动。 (3)(4分)方案应合理合法、展现良好的人文关怀与生态意识。 如:倾听了解村民诉求,尊重其合法权益, 做好生态补偿;加强宣传教育,提升生态保护意识。 (处理好短期经济利益与长远发展的关系,人与自然和谐相处) 调整种植结构,改种动物们不喜欢啃食的农产品等。(运用创新思维,改变创造条件、建立新的具 体联系,分析解决矛盾) 17.(13分) (1)(6分)价格信号是引导资源配置的重要方式, 农产品、能源、公用事业、公共服务、公共数据等 重要产品的价格,关系国计民生。 在这些重点领域 创新价格引导机制 ,综合施策, 将有效市场与 有为政府更好结合 ,处理好发展与安全的关系, 有利于促进 重点产品的安全稳定供给,服务国家 重大战略, 保障群众基本生产生活 ,提高资源配置效率和公平性, 推动构建高水平社会主义市场 经济体制。 等级水平 等 级 描 述 水平 4 (5~6"
2025_西城_二模,5,resolve_original_row,UNKNOWN_OR_MIXED,blocked,B4_PHILOSOPHY_EXCLUDED,module-boundary-excluded,CULTURE_HINT_XICHENG_ERMO_Q5_PARENT_REMAINDER_AFTER_B2,"答案B,新农人,农创客,价值追求,乡村全面振兴",答案键显示第5题为 B；乡村振兴和返乡创业经济组件已入 B2，父题余项为人生价值/青年责任等哲学边界。,paper+answer_key,/Users/wanglifei/Desktop/北京高考政治/reports/必修二三与必修四文化_题源分类准备_20260617_1301/02_text_cache/texts/06c08602a2f5c20b.txt | /Users/wanglifei/Desktop/北京高考政治/reports/必修二三与必修四文化_题源分类准备_20260617_1301/02_text_cache/texts/06c08602a2f5c20b.txt,"据统计,全国各类返乡入乡创业人员人超过了 1200 万人,相比大多数青年向往大城市,他们选择了扎 根泥土,成为“新农人”“农创客” 。有的回村办起家庭农场,鼓舞起全村干劲,优质农产品不愁销; 有的依托当地民俗传说、农耕技艺、山水风光,开发打造研学课程,让曾经的产业空心村有了新支柱。 “新农人”“农创客”的选择 1彰显了他们的价值追求和人生理想 2超越了社会所提供的客观条件,实现了自己的价值 3会助力乡村全面振兴,展现了青年责任和担当 4把握住了人生际遇,实现了个人与社会的转化 A.12 B. 13 C.24 D. 34 眼于人、落脚于人”。当前,文博场馆门庭若市,热门演出一票难求, “民俗游” “非遗游”充实假期......人们的文化需求不断得到释放,文 化供给不断升级,全国文艺从业者约 1350 万,国家级非物质文化遗产 代表性传承人近四千人。建设文化强国,我们在路上。 结合材料,综合运用所学,谈谈你对“始终坚持文化建设着眼于人、落脚于人”的理解。 (考生务必将答案答在答题卡上,在试卷上作答无效) 文化强国之“强”最终 要体现在人民的思想境界、 精神状态、文化修养上。 ——习近平 第8页/共10页 参考答案 第一部分共 15 题,每题 3 分,共 45 分。 1.A 2.D 3.A 4.C 5.B 6.C 7.C 8.D 9.D 10.C 11.A 12.B 13.A 14.D 15.B 第二部分共 5 题,共 55 分。 16.(14分) (1)(6分)可从尊重规律、正确发挥主观能动性、 具体问题具体分析、树立正确的生态价值观 等角度 作答。 (2)(4分)无法确定一定有岩松鼠行动。 条件1与岩松鼠无关, 条件2是一个充分条件假言判断, 看到了红嘴蓝鹊,后件为真,无法确定 前件的真假,无法确定一定有岩松鼠行动。 (3)(4分)方案应合理合法、展现良好的人文关怀与生态意识。 如:倾听了解村民诉求,尊重其合法权益, 做好生态补偿;加强宣传教育,提升生态保护意识。 (处理好短期经济利益与长远发展的关系,人与自然和谐相处) 调整种植结构,改种动物们不喜欢啃食的农产品等。(运用创新思维,改变创造条件、建立新的具 体联系,分析解决矛盾) 17.(13分) (1)(6分)价格信号是引导资源配置的重要方式, 农产品、能源、公用事业、公共服务、公共数据等 重要产品的价格,关系国计民生。 在这些重点领域 创新价格引导机制 ,综合施策, 将有效市场与 有为政府更好结合 ,处理好发展与安全的关系, 有利于促进 重点产品的安全稳定供给,服务国家 重大战略, 保障群众基本生产生活 ,提高资源配置效率和公平性, 推动构建高水平社会主义市场 经济体制。 等级水平 等 级 描 述 水平 4 (5~6"
2026_东城_一模,3,resolve_original_row,UNKNOWN_OR_MIXED,blocked,XB1_EXCLUDED,module-boundary-excluded,CULTURE_HINT_DONGCHENG_YIMO_Q3_ANSWER_C_INTERNATIONAL_EXCHANGE,"答案C,国际交流,首都教育育人成效,对外开放",答案键显示第3题为 C，正确项指向科技教育国际交流与首都教育育人成效，非 B2/B3/B4_CULTURE 主链。,paper+answer_key,/Users/wanglifei/Desktop/北京高考政治/reports/必修二三与必修四文化_题源分类准备_20260617_1301/02_text_cache/texts/0dafc181e82eb031.txt | /Users/wanglifei/Desktop/北京高考政治/reports/必修二三与必修四文化_题源分类准备_20260617_1301/02_text_cache/texts/0dafc181e82eb031.txt,"北京市某中学生团队自主研发的“脑电智慧轮椅” ,历时四年攻关,为渐冻症患者及残障人士带来了自 主出行的新可能。该团队学生代表在国际舞台上与各国青年进行了成果交流。从课堂到国际舞台,北京青 年 1以科技创新积极推动教育对外开放,主动讲好中国故事 2在国际对话交流中拓宽全球视野,展现青春风采与自信 3展现了首都教育在科学素养、国际交往方面的育人成效 第2页/共10页 4勇于突破条件限制,在解决实际问题中提升综合能力 A.12 B.14 C.23 D.34 9%。特别是党的十八大以来, “两 第8页/共10页 山”理念深入人心,我国生态文明建设发生了历史性、转折性、全局性变化。从“双碳”目标提出到在联 合国气候变化峰会宣布 2035 年新一轮国家自主贡献目标,充分展现了在世界百年未有之大变局中,我国推 进生态文明建设的战略定力。 如今,一幅生态美、产业兴、百姓富的美丽画卷铺展眼前。美丽中国建设正在书写人与自然和谐共生 的现代化新篇章。 结合材料,综合运用所学,就“我国不断深化对生态文明建设的规律性认识” ,谈谈你的理解。 第9页/共10页 参考答案 第一部分 选择题 本部分共 15 题,每题 3 分,共 45 分。 题号 1 2 3 4 5 6 7 8 答案 B A C A B D D A 题号 9 10 11 12 13 14 15 答案 D C C B C B A 第二部分 非选择题 本部分共 5 题,共 55 分。 16.(7 分) 可从中华民族精神、价值观、发展中国特色社会主义文化等角度作答。 等级水平 等级描述 水平 4 观点鲜明,能明确表达自己的见解;紧扣问题,综合运用所学展开论述,逻辑严密, 条理清晰 水平 3 观点比较明确,能表达自己的见解;能扣住问题展开论述,知识运用比较准确,逻辑 性较强,条理较清晰 水平 2 观点不明确;论述不能集中指向问题,罗列知识;知识运用不正确;论述缺乏逻辑, 条理性差 水平 1 应答与试题无关;或重复试题内容,或没有应答 17.(8 分) 全过程人民民主是最广泛、最真实、最管用的民主。完整的制度程序和参与实践,保障青年意愿和需求转 化为公共政策并落地。构建多样、畅通、有序的民主渠道;人大代表依法履职,密切联系群众,保障青年 的知情权、表达权、参与权和监督权。人大行使决定权、监督权,政协参政议政,政府履行公共服务等职 能,既发扬民主,又正确集中,民主和效率高度统一,实现各方思想、利益、目标一致,推进青年友好型 城市建设。 18.(8 分) 法院以诉讼调解妥善化解矛盾、促进合作,维护市场创新活力。依法适用惩罚性赔偿,严厉制裁故意侵权 行为,加大侵权成本,保护权利人合法权益。"
2026_东城_一模,9,resolve_original_row,UNKNOWN_OR_MIXED,blocked,B1_EXCLUDED,module-boundary-excluded,CULTURE_HINT_DONGCHENG_YIMO_Q9_PARENT_REMAINDER_AFTER_B3,"答案D,健康学校建设,现代化国家,学校依法履行管理职责",答案键显示第9题为 D；依法履责/制度治理组件已入 B3，父题余项为健康学校与现代化国家建设的一般边界内容。,paper+answer_key,/Users/wanglifei/Desktop/北京高考政治/reports/必修二三与必修四文化_题源分类准备_20260617_1301/02_text_cache/texts/0dafc181e82eb031.txt | /Users/wanglifei/Desktop/北京高考政治/reports/必修二三与必修四文化_题源分类准备_20260617_1301/02_text_cache/texts/0dafc181e82eb031.txt,"近日,教育部印发《关于全面推进健康学校建设的指导意见》 ,落实“健康第一”教育理念。北京市以 “身心健康二十条” “体育八条”为抓手,打出身心健康组合拳,出台系列制度文件,将课间活动、校园 餐等重点改革措施纳入制度框架,构建全方位“大健康”育人格局。对此,下列理解正确的是 1育人制度创新是推动教育领域社会变革的根本动力 2改革举措上升为法律制度,为民生提供坚实的法治保障 3学校依法履行管理职责,促进学生身心健康和全面发展 4推进健康学校建设,为全面建设现代化国家筑牢健康基石 A.12 B.13 C.24 D.34 9%。特别是党的十八大以来, “两 第8页/共10页 山”理念深入人心,我国生态文明建设发生了历史性、转折性、全局性变化。从“双碳”目标提出到在联 合国气候变化峰会宣布 2035 年新一轮国家自主贡献目标,充分展现了在世界百年未有之大变局中,我国推 进生态文明建设的战略定力。 如今,一幅生态美、产业兴、百姓富的美丽画卷铺展眼前。美丽中国建设正在书写人与自然和谐共生 的现代化新篇章。 结合材料,综合运用所学,就“我国不断深化对生态文明建设的规律性认识” ,谈谈你的理解。 第9页/共10页 参考答案 第一部分 选择题 本部分共 15 题,每题 3 分,共 45 分。 题号 1 2 3 4 5 6 7 8 答案 B A C A B D D A 题号 9 10 11 12 13 14 15 答案 D C C B C B A 第二部分 非选择题 本部分共 5 题,共 55 分。 16.(7 分) 可从中华民族精神、价值观、发展中国特色社会主义文化等角度作答。 等级水平 等级描述 水平 4 观点鲜明,能明确表达自己的见解;紧扣问题,综合运用所学展开论述,逻辑严密, 条理清晰 水平 3 观点比较明确,能表达自己的见解;能扣住问题展开论述,知识运用比较准确,逻辑 性较强,条理较清晰 水平 2 观点不明确;论述不能集中指向问题,罗列知识;知识运用不正确;论述缺乏逻辑, 条理性差 水平 1 应答与试题无关;或重复试题内容,或没有应答 17.(8 分) 全过程人民民主是最广泛、最真实、最管用的民主。完整的制度程序和参与实践,保障青年意愿和需求转 化为公共政策并落地。构建多样、畅通、有序的民主渠道;人大代表依法履职,密切联系群众,保障青年 的知情权、表达权、参与权和监督权。人大行使决定权、监督权,政协参政议政,政府履行公共服务等职 能,既发扬民主,又正确集中,民主和效率高度统一,实现各方思想、利益、目标一致,推进青年友好型 城市建设。 18.(8 分) 法院以诉讼调解妥善化解矛盾、促进合作,维护市场创新活力。依法适用惩罚性赔偿,严厉制裁故意侵权 行为,加大侵权成本,保护权利人合法权益。"
2026_丰台_一模,21,resolve_original_row,UNKNOWN_OR_MIXED,blocked,B4_PHILOSOPHY_EXCLUDED,module-boundary-excluded,CULTURE_HINT_FENGTAI_YIMO_Q21_PARENT_REMAINDER_AFTER_COMPONENTS,"识变应变求变,系统思维,辩证思维,对外开放,综合运用所学",第21题为综合题；B2/B3/B4_CULTURE 目标组件另抽，父题余项含哲学思维方法与选必一开放内容，按边界关闭。,verified_text_cache,/Users/wanglifei/Desktop/北京高考政治/reports/必修二三与必修四文化_题源分类准备_20260617_1301/02_text_cache/texts/26649804f1de31f5.txt,"法、中国式现代化等角度作答。 等级水平 等 级 描 述 水平4 (7-9) 观点鲜明,能明确表达自己的见解;紧扣问题,综合运用所学知识展开论述;逻辑严密,条理清晰 水平3 (4-6) 观点比较明确,能表达自己的见解;能扣住问题展开论述,知识运用比较准确;逻辑性较强,有条理 水平2 (1-3) 观点不明确;论述不能集中指向问题,罗列知识;知识运用不正确;论述缺乏逻辑,条理性差 水平1 (0分) 应答与试题无关;或重复试题内容;或没有应答 典型示例: “积极识变应变求变”蕴含着马克思主义的基本原理,深深根植于中华优秀传统文化的哲学智慧,立足实际,充分彰显了中国共产党人的历史主动精神。 中国共产党领导是中国特色社会主义的本质特征,是中国特色社会主义制度的最大优势。精准识变,保持战略定力,在国内外复杂的形势中把握经济社会规律。科学应变,坚持系统思维、辩证思维,在实践中把握“危”与“机”的辩证统一。主动求变,发扬斗争精神,坚持改革开放,坚持高质量发展,通过顽强斗争凝聚全社会投身中国式现代化的磅礴力量。 中国共产党是最高政治领导力量,我们要始终坚持党的全面领导,坚持以人民为中心的发展思想,积极识变应变求变,发挥集中力量办大事的制度优势,奋力开创中国式现代化建设的新篇章。 本题可以从党的领导、系统思维(发展观)、辩证思维(矛盾观)、遵循规律、超前思维、斗争精神、中国式现代化等角度作答。 水平一 0分: 应答与试题无关,重复试题内容,摘抄材料,空白卷。 水平二1-3分: 2分:简单的知识罗列;3分:有少量的论述;集中在一个模块论述,最多给3分。 只用一个知识论述,论述充分有条理,最多也可给到3分。 水平三4-6分: 4分:有少量论述,能回应问题,有逻辑有条理;5-6分:观点明确,论述较为完整,知识运用比较准确。 水平四7-9分。 7分:论述逻辑清晰,有明显的结构。能从识变、应变、求变及其关系或是什么、为什么、怎么做等角度展开论述; 8-9分:观点明确,运用知识回应问题,逻辑严密,条理清晰,结构鲜明,能准确说出识变应变求变三者之间的关系。 二、变通答案 结构一 识变:科学判断形势,是前提 应变:精准施策应对,是关键 求变:主动开拓创新,是核心 阐释三者的辩证统一关系 二、变通答案 分总结构 结构二 是什么:阐释识变应变求变的内涵 为什么:党把握战略主动的必要性 怎么做:结合材料谈实践路径,重点谈展望未来,点题 三、典型示例 9分,逻辑结构清晰, 围绕问题进行论述。 1.强化核心概念,按主体梳理知识。 聚焦“两个大局”与“主要矛盾”等的内在关联,通过对比讲解、案例拆解,明确二者的区别与联系。通过梳理不同实践主体,明确党、政府、企业、公民等的权利与义务、权利与责任,纠正认知偏差。 2.培养学生的逻辑思维,规范答题结构和答题语言。 引导学生拆分设问,按照“背景分析—识变要点—应变举措—求变路径—总结升华”或“是什么—为什么—怎么做”的逻辑展开作答。提升论证表达能力,引导学生先亮明观点,再结合知识、材料补充论据,最后分析论据与论点的关联,使每一个观点都对应具体的论据支撑,每一步分析都贴合“识变应变求变”的内在逻辑,避免碎片化表述,让答题具备层次、递进关系和完整论证链条。 3.强化材料意识,提升综合运用能"
2026_丰台_期末,16,resolve_original_row,UNKNOWN_OR_MIXED,blocked,B4_PHILOSOPHY_EXCLUDED,module-boundary-excluded,CULTURE_HINT_FENGTAI_QIMO_Q16_PARENT_REMAINDER_AFTER_CULTURE,"矛盾双方,量变质变,联系的观点,主观能动性",第16题细则明确哲学与文化两个模块；文化角度另抽 B4_CULTURE 组件，父题余项按哲学边界关闭。,verified_text_cache,/Users/wanglifei/Desktop/北京高考政治/reports/必修二三与必修四文化_题源分类准备_20260617_1301/02_text_cache/texts/dbc93cbfd3a93eff.txt,"展开论述,运用知识+材料相对应。 3个角度+单一模块知识最多5分,分析不到位; 2个角度+哲学与文化模块知识最多5分; 2个角度+单一模块知识最多4分; 水平2 (2—3分) 1个角度,运用知识+材料相对应,2分; 罗列哲学与文化3个角度知识且正确,最多3分,知识不准确不得分。 水平1 (0-1分) 只简单写一个哲学或文化的知识,或者只简单分析材料得1分。 应答与试题无关,或重复试题内容,或没有应答,0分。 【哲学角度】以下四个角度任选其二 (1)留白,于疏密间见张弛,于空白处藏深意,体现了矛盾双方是对立统一的,即二者相互对立、 相互依存。 (2)量变是质变的必要准备,质变是量变的必然结果。留白的“度”是关键。适度留白能涵养生机、 积蓄力量;但过度留白会化为空旷、走向虚无,因此要把握适度原则,把握留白的分寸。 (3)留白体现了立足整体、正确处理整体与部分关系的智慧,留白与周围事物相互联系、相互影响, 营造出和谐有序的整体意境之美。( 联系具有普遍性、客观性,要坚持联系的观点。留白体 现了山林与溪谷、高楼与绿地、喧嚣与沉静等事物之间的有机联系,涵养万物之灵与共生之美;) (4)留白需要人们在尊重客观规律的基础上充分发挥主观能动性,才能营造出和谐美好的整体意境。 【文化角度】: 留白是中华优秀传统文化的美学智慧与审美特质。它承载着含蓄内敛的审美情趣,彰显了中华文化 的独特魅力与精神价值,( 体现了中华文化博大精深的特点,能够丰富人们的精神世界)。 【7分卷】:紧扣问题展开论述,3个角度,运用哲学与文化两个模块知识,知 识与材料对应准确,语句通顺,逻辑严密。 【7分卷】紧扣问题展开论述,3个角度,运用哲学与文化两个模块知识,知识与材料对应准确, 语句通顺,逻辑严密。 【6分卷】:3个角度,运用哲学与文化两个模块知识,知识与材料 对应准确,语句通顺,有逻辑,但材料分析有所欠缺给6分。 【5分卷】哲学与文化各1个角度,知识正确,分析合理,5分 【5分卷】哲学2个角度,知识正确,分析合理,5分 【4分卷】:两个角度,一哲一文,知识准确,但分析有所欠缺。 【3分卷】能扣住问题展开论述,运用哲学与文化2个知识角度,但分析不到位。 【2分卷】 基础知识错误,作答角度较少 错答《逻辑与思维》中的创新思维,《哲学 与文化》作答角度较少 【1分卷】:不能正确理解材料和观点,知识作用不典型不准确,分析不合理,1分 【0分卷】 直接抄材料,没有任何分析 知识运用不准确,分析不合理 1.空白卷较多,直接全部或部分抄材料,没有任何分析。因此0分卷比较多,建议 老师们引导学生重视理解材料,要根据关键语句适当结合知识做分析。 2.知识掌握不扎实,哲学世界观和方法论对应不正确。比如:联系具有普遍性,要 用发展的观点看问题,等等。建议老师们再进一步引导帮助学生整合哲学教材知识 体系与核心观点,精准落实重点知识。 3.审题的知识要求不清楚,没有从哲学、文化两部分知识维度作答,还有不少学 生写了《逻辑与思维》的知识中的形象思维与抽象思维、创新思维、认识发展过 程等知识,建议继续巩固知识,通过典型习题训练学生有效分析材料,根据关键 语句精准链接到典型知识,并进行合情合理的分析。 4.罗列知识现象严重,建议老师通过典型题引领学生进行材料分析,努力实现知识 与材料的有"
2026_朝阳_一模,3,resolve_original_row,UNKNOWN_OR_MIXED,blocked,B4_PHILOSOPHY_EXCLUDED,module-boundary-excluded,CULTURE_HINT_CHAOYANG_Q3_ANSWER_D_PARENT_REMAINDER,"答案D,文化自信,传统文化,科技赋能,辩证否定",答案键显示第3题为 D；文化自信和传统文化科技赋能组件已入 B4_CULTURE，父题余项按辩证否定等哲学边界关闭。,paper+answer_key,/Users/wanglifei/Desktop/北京高考政治/reports/必修二三与必修四文化_题源分类准备_20260617_1301/02_text_cache/texts/585b15124610aff7.txt | /Users/wanglifei/Desktop/北京高考政治/reports/必修二三与必修四文化_题源分类准备_20260617_1301/02_text_cache/texts/585b15124610aff7.txt,"非遗变脸与机械武术同台演绎,自制旋转木马讲解力学原理,机器人乐队、科普实验轮番亮相⋯⋯某地 以春节科普活动为契机,实现“科普+文化”“科普+非遗”相融合,让观众在感受年味的同时,轻松读懂 传统文化背后的科学密码。这体现出( ) 1春节成为全民科学素养提升的主阵地和文化传播的新平台 2科普让科学精神融入日常生活,让文化自信浸润中华大地 3只有抓住主要矛盾,才能实现民族文化与外来文化的交融 4坚持辩证否定,可以使传统文化在科技赋能下焕发新的光彩 A. 13 B. 14 C. 23 D. 24 第2页/共13页 动民族地区高质量发展、“赋予三个意义”、促进区域协调发展的总体要求;国家 发展规划法明确“完善宏观经济治理体系,推动高质量发展”。 民生为大 第8页/共13页 生态环境法典推动解决百姓“家门口”的环境问题;民族团结进步促进法紧扣各族群众对美好生活的向 往,扎实推进各民族共同富裕;国家发展规划法明确编制国家发展规划应当坚持顶层设计和问计于民相 统一。 “‘十五五’开局之年、三部重要法律通过,为新时代国家立法标注新的刻度。”结合材料,综合运用所 学,谈谈你对这句话的理解。 第9页/共13页 参考答案 第一部分 本部分共 15 题,每题 3 分,共 45 分。在每题列出的四个选项中,选出最符合题目要求的一 项。2026 北京朝阳高三一模政治 题号 1 2 3 4 5 6 7 8 9 10 11 12 13 14 15 答案 B A D B D D C A C C B A B C C 第二部分 本部分共 6 题,共 55 分。 16.【答案】1坚持尊重客观规律与发挥主观能动性的辩证统一。农历依据太阳运行定年、月亮运行定 月,这说明历法的制定尊重了天体运行的客观规律。同时,古人通过“十九年七闰”协调年月差异,独创二 十四节气指导农业,体现了人们在认识和把握规律的基础上,充分发挥主观能动性,利用规律造福人类。 2坚持联系的普遍性、客观性和多样性,善于分析和把握事物存在和发展的各种条件。中国农历属于阴阳 合历,将阴历与阳历有机结合,兼顾日月运行规律。这体现了事物是普遍联系的,人们用联系的观点看问 题,分析和把握了日、月、地之间的内在联系,实现了历法系统的优化。 3坚持矛盾普遍性与特殊性、共性与个性的具体的历史的统一。一般的阳历或阴历各有侧重,而中国农历 独创二十四节气,将天文的精确性与物候的生命性完美结合,既遵循了天文规律,又适应了具体的农业生 产需求,做到了具体问题具体分析。 4实践是认识的来源和动力,认识对实践具有能动的反作用。农历是人们认识自然界时间变化规律的智慧 结晶,来源于人们长期的生产生活实践。同时,二十四节气指导农业生产,反映寒暑变化,对社会生活产 生重要影响,"
2026_海淀_一模,7,resolve_original_row,UNKNOWN_OR_MIXED,blocked,B1_EXCLUDED,module-boundary-excluded,CULTURE_HINT_HAIDIAN_YIMO_2026_Q7_ANSWER_D_HEALTH_EDUCATION,"答案D,健康第一,学校优化健康教育内容和形式,育人生态",答案键显示第7题为 D，正确项为健康第一理念与学校育人生态，不属于 B2/B3/B4_CULTURE 主链。,paper+answer_key,/Users/wanglifei/Desktop/北京高考政治/reports/必修二三与必修四文化_题源分类准备_20260617_1301/02_text_cache/ocr_absorbed/2026_海淀_一模.txt | /Users/wanglifei/Desktop/北京高考政治/reports/必修二三与必修四文化_题源分类准备_20260617_1301/02_text_cache/texts/9b5ac8fd0cfe59cb.txt,"健康是学生追梦的底气,是人生画卷的底色,没有身心健康作铺垫,再美的蓝图也无从落笔。 如今,越来越多的行动让“健康第一” 教育理念正成为校园里看得见、摸得着的日常。 ◎ 将利用率较低的空间改造成运动项目体验区,设置趣味游戏项目 ◎ 引入机器人陪伴学生交流,辅助教师开展心理疏导 ◎ 推进“互联网+明厨亮灶”,实时公开餐饮服务食品加工全过程 下列分析正确的是 1运动项目体验区的改造是对原有空间功能的彻底否定 2结合现代科技可以助力学校摆脱现实制约,全面守护健康 3只有坚持“健康第一” 的理念,才能引领学生健康成长 4学校应优化健康教育内容和形式,构建全方位育人生态 A. 12 B. 13 C. 24 D. 34 高三思想政治参考答案 第 1 页 26 海淀一模评分标准 政治 第一部分 本部分共 15 题,每题 3 分,共 45 分。 1.C 2.B 3.A 4.B 5.D 6.B 7.D 8.A 9.B 10.D 11.C 12.C 13.D 14.A 15.C 第二部分 本部分共 6 题,共 55 分。 16. (8 分) 可从发展的观点、社会存在与社会意识、价值观、文化的功能等角度作答。 高三思想政治参考答案 第 2 页 17.(6 分) 逻辑错误:划分标准不一;选言判断遗漏其他有选择价值的其他情况。 建议:可从科学思维、遵循逻辑思维规则、辩证思维等角度,结合调研活动提出建议,措施具体可 行。 第 2 问评分细则 建议 1 分,知识 1 分 ,两条建议共 4 分。 具体建议可从调研方案、调研方法(问卷法、访谈法、观察法、文献法)、数据分析等角度提出。 (以上任意两个角度,建议与知识准确匹配,可得 4 分,一个角度 2 分)。 只有知识,只有建议,只得一分。 从科学思维出发 示例: • 科学思维追求认识的客观性,调研活动应该从实际出发,了解真实存在的问题和需求,再据 此设计选项,确保问题来源于客观事实,而非主观想象。 • 科学思维结果具有可检验性,调研结束后,通过实地测量、对比不同人群的回答、或与相关 部门数据比对,检验结论是否可靠,经得起实践反复检验。 • ...... 从逻辑思维规则出发 示例: • 提高不完全归纳推理结论的可靠程度,需要在认识对象与有关现象之间寻找因果联系。比如 运用求异法,选择条件相似的两个片区,设置不同的机制,对比两片区的效果。 高三思想政治参考答案 第 3 页 • ...... 从辩证思维出发 示例: • 辩证思维用全面的观点看问题,综合运用观察法、访谈法、文献法与问卷法,先通过实地观 察和深度访谈探索问题,再设计问卷验证,并从整体角度去思考如何解决问题。 • 运用矛盾分析法对比不同群体的回答差异,并通过预调查与正式调查的反复检验,寻找因果 联系。 • ...... 从创新思维出发 示例: • 发散思维与聚合思维是创新思维的两翼。运用发散思维广"
2024_顺义_二模,19(1)#B2_COMPONENT,remove_redundant_component,B2_ECONOMICS,included,,superseded,CULTURE_HINT_REMOVE_REDUNDANT_B2_COMPONENT_AFTER_FULL_SUBQUESTION,19(1)#B2_COMPONENT,2024 顺义二模 19(1) 已升格为整小问 B2 included，原组件行不再重复计数。,paper,/Users/wanglifei/Desktop/北京高考政治/reports/必修二三与必修四文化_题源分类准备_20260617_1301/02_text_cache/texts/33010f3bed39e275.txt,"{""rule_id"": ""REMAINING_B2_COMPONENT_NEW_QUALITY_PRODUCTIVE_FORCES_SYSTEM"", ""matched_terms"": ""社会主义基本经济制度,传统生产力,新质生产力,生产要素,市场经济体制"", ""basis"": ""父题原卷第 19 题(1)明确要求从社会主义基本经济制度角度说明新质生产力跃升。"", ""source"": ""remaining_target_component_audit.csv"", ""parent_prior_book_module"": ""UNKNOWN_OR_MIXED"", ""parent_prior_status"": ""blocked""}"
