suite_id,parent_question,component_question,question_type,parent_prior_status,parent_prior_book_module,rule_id,matched_terms,basis,evidence_source_type,evidence_source,evidence_text
2024_丰台_二模,21,21#B4_CULTURE_COMPONENT,subjective,blocked,UNKNOWN_OR_MIXED,CULTURE_COMPONENT_NATIONAL_SPIRIT_STEPS_OF_CHINA,"弘扬民族精神,理想信念,个人与国家",细则拓展答案明确把“弘扬民族精神”列入认知层面；民族精神属于文化。,manual_verified_note,,"结合材料,综合运用所学,谈谈对“你的步伐就是中国的步伐”的理解。细则拓展答案: 认知层面:价值观、理想信念、弘扬民族精神; 实践层面:担当责任、砥砺奋斗。"
2024_海淀_一模,16,16#B4_CULTURE_COMPONENT,subjective,blocked,UNKNOWN_OR_MIXED,CULTURE_COMPONENT_NATIONAL_SPIRIT_DREAM_BOAT,"民族精神,梦舟,揽月,航天梦,诗词意象",评分细则明确“可从……民族精神等角度作答”；民族精神属于文化。,rubric,/Users/wanglifei/Desktop/北京高考政治/reports/必修二三与必修四文化_题源分类准备_20260617_1301/02_text_cache/texts/b692254ceb1b8174.txt,"(8分)可从发挥主观能动性、联系的观点、发展的观点、实践的观点、民族精神等角度作答。 【细则】 (20分) 第一问17(1)依靠科技,因地制宜发展农村“隐藏款土特产”,促进当地特色产业发展和经济结构优化,推动乡村产业振兴。国内南北多省份“隐藏款土特产”走俏,满足人民美好生活需要,促进当地就业,增加村民收入,推动区域协调发展。坚持扩大内需与深化供给侧结构性改革相结合,推进高水平对外开放。 角度 表述 现代化产业体系 2分 促进当地特色产业发展 / 经济结构优化 / 发展现代农业 / 深化供给侧结构性改革 推进乡村振兴 2分 增加就业、村民收入、满足人民群众美好生活需要、共同富裕 促进区域协调发展 1分 协调/ 优势互补 推进高水平对外开放 2分 国内国际双循环/ 新发展格局/ 国际竞争优势 第二问答案17(2) 京津冀三省市从协同发展的战略大局出发,抓住主要矛盾,科学精准地分析各自的功能定位和特色优势。 在此基础上,整体把握区域差异,共商合作大计,着力推动优势互补,携手绘就中国式现代化先行区、示范区的新图景。在分析与综合的对立统一中,把握各自发展特质,服务协同发展的战略大局,书写新篇章。 【细则】"
2024_海淀_期中,16,16#B4_CULTURE_COMPONENT,subjective,blocked,UNKNOWN_OR_MIXED,CULTURE_COMPONENT_CULTURAL_CONFIDENCE_DREAM_BOAT_PARALLEL,"梦舟,揽月,毛泽东诗词,航天梦,文化自信",题面与 2024 海淀一模同源，属于《哲学与文化》混合题；文化命名、诗词意象和航天梦部分进入文化组件。,ocr-cache,/Users/wanglifei/Desktop/北京高考政治/reports/必修二三与必修四文化_题源分类准备_20260617_1301/02_text_cache/ocr_absorbed/2024_海淀_期中.txt,"(8分)中国新一代载人飞船命名为“梦舟”,月面着陆器命名为“揽月”。 中国空间站建造完成后,登陆月球成为中国人探索太空的下一个目标。按计划,我国将在 2030年前实现载人登陆月球开展科学探索。次实现这一目标,我国已于2023年底完成关键技术 攻关和方案研制工作。目前,长征十号运载火箭、“梦舟”载人飞船、“揽月”着陆器和登月服等已 完成方案阶段的各项研制工作,全面进入初样研 制阶段。 “梦舟”寓意载人月球探测承载中国人的航 天梦,开启探索太空的新征程,也体现了与神 水调歌头•重上井冈山 毛泽东 久有凌云志,重上井冈山。 千里来寻故地,旧貌变新颜。 丹、天舟飞船家族的体系传承。“揽月”取自毛 泽东同志诗词“可上九天揽月” ,彰显中国人探 可上九天揽月,可下五洋捉鳖,谈笑凯歌还。 世上无难事,只要肯登拳。 索宇宙、登陆月球的自信。 结合材料,运用《哲学与文化》知识,谈谈中国人探索宇宙、登陆月球何以自信。"
2024_朝阳_二模,19,19#B4_CULTURE_COMPONENT,subjective,module-boundary-excluded,XB3_EXCLUDED,CULTURE_COMPONENT_TRADITIONAL_CULTURE_MODERNIZATION,"中华优秀传统文化,中国式现代化,深厚底蕴",细则中第 19 题文化小问要求理解“中华优秀传统文化的特质赋予中国式现代化以深厚底蕴”。,paper,/Users/wanglifei/Desktop/北京高考政治/reports/必修二三与必修四文化_题源分类准备_20260617_1301/02_text_cache/texts/9223488a4b5e6f80.txt,"(16 分) 中华文明拥有五千多年不间断的历史,积淀形成辉煌灿烂的中华优秀传统文化,中 华优秀传统文化的特质赋予中国式现代化深厚底蕴,给予其精神和思想力量。 生生之宇宙观 宇宙处于生生不息的变化之中。 “ 天地之大德曰生” “ 富有之谓大业,日新之谓盛德, 生生之谓易” 。 宇宙永久的变易包含永远的革新,是生命的不断充实、成长、更新和展开。 一体之天人观 人类与天地为一体。 天地的交合生成了世界,赋予了人的身体和本性,所有人都是 天地生育的子女;不仅如此,万物和人类一样,也是天地所生。 因此,他人都是自己的同 胞,万物都是自己的朋友。 法天地之人生观 人应该效法天地之德。 “夫大人者,与天地合其德,与日月合其明,与四时合其序。” 天 之德在生育万物而不息,地之德在广阔博大,君子应学习天地之德,自强不息、厚德载物。 (1) 生生之宇宙观体现了辩证思维的 1 特征。 人效法天地之德体现的推理 类型是 2 推理。 (4 分) 高三思想政治 第 8 页( 共 8 页) (2) “ 夫大人者,与天地合其德,与日月合其明,与四时合其序。” 是哪种复合判断? 该 复合判断为真的条件是什么? (5 分) (3) “ 中华优秀传统文化的特质赋予中国式现代化以深厚底蕴” 。 结合材料,综合运 用所学,谈谈你对这句话的理解。 (7 分)"
2024_石景山_一模,3,3#B4_CULTURE_COMPONENT,objective,module-boundary-excluded,B4_PHILOSOPHY_EXCLUDED,CULTURE_COMPONENT_CITY_SPIRIT,"城市精神,爱国精神,历史文化,价值追求",题面围绕北京市民精神、城市精神和历史孕育的价值追求，文化成分不能被社会意识/哲学边界吞掉。,paper,/Users/wanglifei/Desktop/北京高考政治/reports/必修二三与必修四文化_题源分类准备_20260617_1301/02_text_cache/texts/f581620be44a4c2c.txt,"3000 多年的建城史和近870 年的建都史培育了北京市民“天下兴亡、匹夫有责”的爱国精神,积极进取、追求进步的精神状态,胸怀坦荡、文明有礼的优秀品质,孕 育了这座城市德泽育人、容载万物的独特城市品格。可见,城市精神 1是一座城市软实力的重要体现,决定着城市的未来发展 2可能与经济发展实力相矛盾,先进社会意识往往带有超前性 3具有鲜明的区域性和时代性,是一座城市独特的精神气质 4植根于一座城市的深厚历史,反映出市民所认同的价值追求 A.12 B.13 C.24 D.34"
2025_东城_期末,21,21#B4_CULTURE_COMPONENT,subjective,module-boundary-excluded,B4_PHILOSOPHY_EXCLUDED,CULTURE_COMPONENT_TRADITIONAL_CULTURE_MUSEUM,"中华优秀传统文化,博物馆,传统文化",整题虽含哲学角度，但文化材料和文化采分点明确，应抽取文化组件。,paper,/Users/wanglifei/Desktop/北京高考政治/reports/必修二三与必修四文化_题源分类准备_20260617_1301/02_text_cache/texts/8eda36bd87dba194.txt,"【分析】本题要求结合材料,综合运用所学,谈谈你对“中国式现代化,民生为大是价值取向,更是 实践要求”这句话的理解,属于分析说明类试题,具有开放性,紧扣设问话题,可从党的领导、以人民 第20页/共20页 为中心、法治、公共服务、实践、发展、价值观、中华优秀传统文化等角度作答。 【解答】1坚持以人民为中心的发展思想,中国共产党坚持人民的主体地位,坚持立党为公、执政为民, 践行全心全意为人民服务的根本宗旨,把党的群众路线贯彻到治国理政全部活动之中,把人民对美好生 活的向往作为奋斗目标,依靠人民创造历史伟业,民生无小事枝叶总关情,中国式现代化,民生为大。 2人民群众是历史的创造者,坚持群众观点,群众路线。江山就是人民,人民就是江山。坚持正确的价 值判断和价值选择,维护好、发展好人民群众的根本利益。 3我国是人民民主专政的社会主义国家,其本质是人民当家作主,社会主义民主是最广泛、最真实、最 管用的民主,是全过程、全链条、全覆盖的民主。因此发展为民生、治理重民生。 【点评】回答分析说明类问题,主要按以下思路进行: 第一步,精析材料,把握主题。这是解题的基础,可有效避免“文不对题”和“答非所问”的现象。 第二步,围绕主题,回归教材。以试题反映出的问题为中心与教材联系,找出材料与教材的“结合点” 。 第三步,紧扣题意,合理作答。通常,我们只要将教材中的基本原理与材料一一对应,用理论分析 材料即可。"
2025_房山_一模,16,16#B4_CULTURE_COMPONENT,subjective,module-boundary-excluded,B4_PHILOSOPHY_EXCLUDED,CULTURE_COMPONENT_MUSEUM_HEAT_RUBRIC,"优秀文化的传承,创造性转化,创新性发展,文化自信,文化功能",细则明确文化 4 分、哲学 3 分；文化 4 分必须独立进入文化宝典准备账本。,rubric,/Users/wanglifei/Desktop/北京高考政治/reports/必修二三与必修四文化_题源分类准备_20260617_1301/02_text_cache/texts/17cdecfbd774ee79.txt,"(15 分) (1)(7 分) “博物馆热”是传统文化与现代科技相互联系作用的结果,既赋能经济发展彰显文化自信,也折射 发展中的矛盾问题,需要用一分为二的观点去看。要让博物馆真热,一方面在科技赋能中促进中华 优秀传统文化创造性转化和创新性发展, 另一方面参与者要树立正确的价值观,把握 “守正与创新” 的关系,最终让博物馆在促进文化传承和社会发展的价值充分释放。 细则: 文化(4 分): 优秀文化的传承(1 分) 中华优秀传统文化创造性转化和创新性发展(文化创新) (1 分) 文化自信(1 分) 文化载体、丰增促(文化功能)、满足人民美好生活需要,任何一点为(1 分) 哲学(3 分): 要树立正确的价值观、或者正确的价值判断和价值选择(1 分) 用一分为二全面的观点去看问题(2 分)、或者写矛盾、辩证的看问题(1 分) 以上两点均没有,或者只写其中一点的,写联系、发展、具体问题具体分析、一切从实际出发、正 确的意识等(1 分) (2)(4 分) 示例1: 具有教育功能的场所是保护和传承人类文明的重要殿堂; 博物馆是具有教育功能的场所; 所以,博物馆是保护和传承人类文明的重要殿堂。 细则: 前提为真,推理结构正确(符合三段论基本规则)4 分 只写出前提(正确),没写结论3 分 其他错误不得分 (3)(4 分) 示例: 1运用发散思维中的借用方法,开发“考古探秘+角色扮演”沉浸式研学路线,感受西周建城历史, 打造多维体验。 2运用逆向思维,对青铜器等文物的存在状态做转换性思考,利用 AI 生成动态视频等,扩大年轻 群体关注度。 细则:"
2025_朝阳_一模,16,16#B4_CULTURE_COMPONENT,subjective,module-boundary-excluded,B4_PHILOSOPHY_EXCLUDED,CULTURE_COMPONENT_TRADITIONAL_CULTURE_INHERITANCE,"中华优秀传统文化,文化传承,中华文明",题面/答案含中华优秀传统文化与文化传承，原哲学边界只能排除非文化余项，不能抹掉文化采分点。,paper,/Users/wanglifei/Desktop/北京高考政治/reports/必修二三与必修四文化_题源分类准备_20260617_1301/02_text_cache/texts/e051761a7fc68fef.txt,"(8 分)中华优秀传统文化在新时代绽放新光彩。国产动画电影持续实现票房和口碑双丰收。  《长安三万里》引发了全国上下的唐诗热、传统文化热,钩沉出绵延千年的中华文明的独特魅力, 其出品公司负责人说, “要让中华民族储备千年的优秀故事一代代传承下去。在这条路上走得越久,就越 第5页/共10页 能感受到中华文化是一个巨大的宝藏。 ”  《哪吒之魔童闹海》的创作团队依托中国电影视效技术 ,精心雕琢每一个细节, 取得突破性成果。 这部电影的关键戏份,历经特效团队九个月努力才完成,为整部电影情节的推进、哪吒形象的塑造发挥了 重要作用。  在一位导演看来,国产动画电影取得成功并非偶然。 “随着中国经济社会的发展,当人民群众的 艺术生活需求达到一定阶段的时候,自然会有这么大的市场来承载这样的作品,来包容这样的创作者。 ” “我们遇上了一个好时代,所以才有这样的机会去做自己喜欢的事,去心无旁骛地投入创作,最终还能得 到相应的回报。 ” 结合材料,运用《哲学与文化》知识,说明为什么国产动画电影能够让中华优秀传统文化在新时代绽 放新光彩。"
2025_门头沟_一模,16,16#B4_CULTURE_COMPONENT,subjective,module-boundary-excluded,B4_PHILOSOPHY_EXCLUDED,CULTURE_COMPONENT_TRADITIONAL_CULTURE_DOUBLE_CREATION,"中华优秀传统文化,创造性转化,创新性发展,文化自信",题面/细则具有传统文化双创与文化自信成分，应抽入文化组件。,paper,/Users/wanglifei/Desktop/北京高考政治/reports/必修二三与必修四文化_题源分类准备_20260617_1301/02_text_cache/texts/1d8a23fe11f59810.txt,"【答案】文化角度可从文化的传承与创新、中华优秀传统文化的创造性转化与创新性发展、文化自信和 文化认同、文化与经济的关系等角度作答;哲学角度可从联系观、发展观、对立统一、价值判断和价值选 择等角度作答。 等级水平 等级描述 水平 4 观点鲜明,能明确表达自己 的见解;紧扣问题,综合运用所学知识展开论述;逻辑严密, 条理清晰 水平 3 观点比较明确,能表达自己的见解;能扣住问题展开论述,知识运用比较准确;逻辑性较 强,有条理 水平 2 观点不明确;论述不能集中指向问题,罗列知识;知识运用不正确;论述缺乏逻辑,条理 性差 水平 1 应答与试题无关;或重复试题内容;或没有应答"
2025_顺义_一模,16,16#B4_CULTURE_COMPONENT,subjective,module-boundary-excluded,B4_PHILOSOPHY_EXCLUDED,CULTURE_COMPONENT_TRADITIONAL_CULTURE_CONFIDENCE,"中华优秀传统文化,创造性转化,创新性发展,文化自信",题面/细则具有传统文化双创与文化自信成分，应抽入文化组件。,rubric,/Users/wanglifei/Desktop/北京高考政治/reports/必修二三与必修四文化_题源分类准备_20260617_1301/02_text_cache/texts/bef8332e23ce30ac.txt,"(8分) 可从联系、发展、矛盾、中华文化与中华文明、文化功能等角度作答。 文化角度:文化载体、文化功能、中华文化与中华文明、双创 双创——以文化载体承载中华优秀传统文化——创造性转化、创新性发展(转化为符合时代特点和要求的新内涵和新的呈现形式,如当代价值、《哪吒2》、黑悟空、唐宫夜宴等)——满足人民多样化、多层次、多方面的精神文化需求,增强文化自信 哲学角度:规律(文化发展规律)、联系(文化与科技融合)、发展(发展的普遍性、质量变)、矛盾(对立统一、普特关系)、价值观等 联系——文化与科技融合——借助3D建模、动态水墨等技术手段——展现中华文化与中华文明 发展——发展的普遍性——人类社会和人的认识都是不断发展的——“古老的”的优秀传统文化借助科技焕发新的生机与活力 矛盾——具体问题具体分析——“古老的”中华优秀传统文化,各具特色——满足人民多样化、多层次、多方面的精神文化需求——重获“新生” 具体采分点为: 7-8:围绕“中国优秀传统文化的新的表达方式”,从“如何做”(论述的重点)的角度,用哲学与文化综合的方法,准确论述,逻辑清晰,观点鲜明,表达准确。(哲学+材料+文化或文化+材料+哲学,至少3个知识点) 5-6:围绕“中国优秀传统文化的新的表达方式”,从“如何做”的角度,用哲学或文化中的相关知识,应用准确,观点有条理。(哲学+材料或文化+材料,2个知识点) 3-4:单列哲学或文化中的知识,不能扣题,缺乏逻辑。 1-2:观点不明确,应答没有条理。 0:原封不动抄材料,或虽有顺序调整,有个别词语变化,但内容本质上也是对材料的抄写 优秀试卷 17(1) 答案:条件:杭州既获得科创基金的支持又成为科创人才高地。理由:甲是充分条件假言判断,如果有前一种情况就必有后一种情况;乙是必要条件假言判断,如果没有前一种情况就一定没有后一种情况。由甲乙均为真实回答,可知杭州既获得科创基金的支持,又是科创人才高地。丙是相容选言判断,一个相容选言判断是真的,要求它的选言支中至少有一个是真的,也可以都是真的。因此,当杭州既获得科创基金支持又成为科创人才高地的时候,丙的判断也为真。 因此,上述判断为真的条件是杭州是由于杭州既获得科创基金的支持又成为科创人才的高地。 评分细则:评分细则:1.条件:1分(既┄┄又┄┄)2.理由:3分(1+2 具体采分点:(1)能够准确并全部写对三位同学判断类型,给1分(如:甲—充分条件假言判断,乙—必要条件假言判断,丙—相容选言判断)(2)三个判断类型中,有一个具体分析准确,即可得2分 优秀试卷 存在问题:1.没读懂设问:缺少条件,只分析三个观点;2.推导错误:只写出了一部分条件;3.基础知识不扎实:判断类型错误。 17(2) 答案:构建优质高效的企业政策服务体系,健全企业成长要素保障,让更多中小企业成为高质量发展的生力军。政府要简政放权,利用数字化手段赋"
2026_延庆_一模,16,16#B4_CULTURE_COMPONENT,subjective,module-boundary-excluded,B4_PHILOSOPHY_EXCLUDED,CULTURE_COMPONENT_INTANGIBLE_HERITAGE_CREATIVE_PRODUCT,"非遗,文创,文化创新",非遗和文创属于文化成分；哲学方法论余项不应吞掉文化材料。,paper,/Users/wanglifei/Desktop/北京高考政治/reports/必修二三与必修四文化_题源分类准备_20260617_1301/02_text_cache/texts/cc91930411716013.txt,"(7 分)历史文化是城市的灵魂。2025 年中央城市工作会议将“文脉赓续”作为城市现代化核心方向, 要求完善保护传承体系。未来城市需在创新中延续根脉,让灵魂与高楼共生长。 ◆ 更新不搞拆建 南京通过微更新街巷、保留工业元素,让历史与现代共生;陕西榆林将废弃的旧粮仓 进行内部空间改造和功能升级,将其打造成为集艺术展览、文化交流、创意设计于一体的综合性文化 空间,吸引了众多艺术家、文化爱好者前来参观交流。 ◆ 避免千城一面 北京修缮烟袋斜街、什刹海等胡同片区,通过引入特色书店、非遗工坊等项目,让传 统胡同成为承载古都记忆的文化地标;天津改造百年棉纺厂旧址,融合非遗展示、文创市集、沉浸式 体验等元素,彰显津派工业文明与市井文化特色。 ◆ 关注公众获得感 南昌运用数字化测绘技术对68 处历史建筑进行全面保护。通过精准的数字化手段, 让历史建筑的信息得以完整保存和生动呈现,使城市文脉“看得见、摸得着” ,为公众带来更加丰富 第5页/共9页 的参观体验。 ◆ 塑造城市凝聚力 上海依托保护老建筑和红色文化,以历史建筑、传统习俗和集体记忆为基石,塑 造出“海纳百川”的城市精神;广东惠州通过保护博罗古城等地名和建制,以行政区划为情感纽带承 载乡愁与认同,增强市民的归属感。 结合材料,运用《哲学与文化》知识,说明如何赓续城市文脉,让灵魂与高楼共生长。"
2026_延庆_一模,4,4#B4_CULTURE_COMPONENT,objective,module-boundary-excluded,B4_PHILOSOPHY_EXCLUDED,CULTURE_COMPONENT_CULTURE_CARRIER_DOUBLE_CREATION,"文化载体,创造性转化",客观题判断点出现文化载体和创造性转化，应抽为文化组件。,paper,/Users/wanglifei/Desktop/北京高考政治/reports/必修二三与必修四文化_题源分类准备_20260617_1301/02_text_cache/texts/cc91930411716013.txt,"北京某社区在老旧小区改造中,围绕“是否拆除具有30 年历史的老墙”产生争议。老墙承载着居民集 体记忆与社区文化,但部分居民认为其破旧影响美观且存在安全隐患,主张拆除新建现代化设施。社区 党委组织协商后,决定保留老墙主体并增设照明、修复壁画进行“微改造” ,既保留历史记忆又提升安 全性。在老旧小区改造中 1不同居民对老墙的价值认知存在分歧,体现了价值判断具有主体差异性 2既保留老墙主体又赋予其新功能,深刻把握了肯定与否定之间的辩证关系 3“微改造”推动社区文化创造性转化,表明创新是文化发展的根本动力 4老墙从“安全隐患”转化为“文化载体” ,实现了矛盾同一性和斗争性的转化 A. 12 B. 14 C. 23 D. 34"
2026_朝阳_一模,3,3#B4_CULTURE_COMPONENT,objective,blocked,UNKNOWN_OR_MIXED,CULTURE_COMPONENT_SCIENCE_CULTURE_INTANGIBLE_HERITAGE,"传统文化,文化自信,非遗,科技赋能",客观题同时有文化与哲学判断点；文化自信、非遗、传统文化部分单独抽入文化组件。,paper,/Users/wanglifei/Desktop/北京高考政治/reports/必修二三与必修四文化_题源分类准备_20260617_1301/02_text_cache/texts/585b15124610aff7.txt,"非遗变脸与机械武术同台演绎,自制旋转木马讲解力学原理,机器人乐队、科普实验轮番亮相⋯⋯某地 以春节科普活动为契机,实现“科普+文化”“科普+非遗”相融合,让观众在感受年味的同时,轻松读懂 传统文化背后的科学密码。这体现出( ) 1春节成为全民科学素养提升的主阵地和文化传播的新平台 2科普让科学精神融入日常生活,让文化自信浸润中华大地 3只有抓住主要矛盾,才能实现民族文化与外来文化的交融 4坚持辩证否定,可以使传统文化在科技赋能下焕发新的光彩 A. 13 B. 14 C. 23 D. 24 第2页/共13页"
2026_朝阳_一模,16,16#B4_CULTURE_COMPONENT,subjective,module-boundary-excluded,B4_PHILOSOPHY_EXCLUDED,CULTURE_COMPONENT_TRADITIONAL_CULTURE_CONFIDENCE,"中华优秀传统文化,文化自信",原判为哲学边界，但文化自信和中华优秀传统文化是明确文化采分点。,paper,/Users/wanglifei/Desktop/北京高考政治/reports/必修二三与必修四文化_题源分类准备_20260617_1301/02_text_cache/texts/585b15124610aff7.txt,"【答案】1坚持尊重客观规律与发挥主观能动性的辩证统一。农历依据太阳运行定年、月亮运行定 月,这说明历法的制定尊重了天体运行的客观规律。同时,古人通过“十九年七闰”协调年月差异,独创二 十四节气指导农业,体现了人们在认识和把握规律的基础上,充分发挥主观能动性,利用规律造福人类。 2坚持联系的普遍性、客观性和多样性,善于分析和把握事物存在和发展的各种条件。中国农历属于阴阳 合历,将阴历与阳历有机结合,兼顾日月运行规律。这体现了事物是普遍联系的,人们用联系的观点看问 题,分析和把握了日、月、地之间的内在联系,实现了历法系统的优化。 3坚持矛盾普遍性与特殊性、共性与个性的具体的历史的统一。一般的阳历或阴历各有侧重,而中国农历 独创二十四节气,将天文的精确性与物候的生命性完美结合,既遵循了天文规律,又适应了具体的农业生 产需求,做到了具体问题具体分析。 4实践是认识的来源和动力,认识对实践具有能动的反作用。农历是人们认识自然界时间变化规律的智慧 结晶,来源于人们长期的生产生活实践。同时,二十四节气指导农业生产,反映寒暑变化,对社会生活产 生重要影响,体现了正确的认识能促进实践的发展。 5中华优秀传统文化具有强大的生命力和鲜明的民族特色。农历沿用两千多年,是中华民族智慧的结晶。 它体现了中华文化的博大精深,展现了中华民族独特的创造力,增强了我们的文化自信,至今仍发挥着重 要作用。 【详解】本题要求运用《哲学与文化》知识分析中国农历蕴含的独特智慧。运用唯物论、辩证法、认识论 及文化观等知识分析。 有效信息1:依据日月运行定年月,通过十九年七闰协调差异并独创节气指导农业→可从尊重客观规律与 发挥主观能动性辩证统一的角度,说明历法制定既尊重了天体运行规律,又发挥了主观能动性利用规律造 福人类。 有效信息2:将阴历与阳历有机结合,兼顾日月运行规律→可从联系的特点的角度,说明人们用联系的观 点看问题,把握了日、月、地之间的内在联系,实现系统优化。 有效信息3:将天文的精确性与物候的生命性完美结合以指导农业生产→可从矛盾普遍性与特殊性辩证统 一的角度,说明中国农历既遵循普遍天文规律,又适应具体农业生产需求,做到了具体问题具体分析。 有效信息4:历法是认识时间变化规律的结晶,指导农业生产和反映寒暑变化→可从实践与认识辩证关系 的角度,说明历法来源于生产生活实践,正确的认识对指导农业生产等社会实践具有能动的反作用。 第10页/共13页 有效信息5:中国农历独创二十四节气,沿用两千多年至今→可从中华优秀传统文化特征的角度,说明中 国农历具有强大的生命力和鲜明的民族特色,展现了中华民族的创造力与文化自信。"
2026_海淀_二模,2,2#B4_CULTURE_COMPONENT,objective,module-boundary-excluded,B4_PHILOSOPHY_EXCLUDED,CULTURE_COMPONENT_MUSEUM_CULTURE_SERVICE,"博物馆,文化事业,文物",客观题文化事业、博物馆和文物判断点应进入文化组件。,paper,/Users/wanglifei/Desktop/北京高考政治/reports/必修二三与必修四文化_题源分类准备_20260617_1301/02_text_cache/texts/e7b70a05645843b6.txt,"某博物馆推出“24小时不打烊”开放模式。深夜展厅里观众与文物静默对话,数字化古画场景成为打卡热点......该博物馆也带动所在区域客流增长、辐射周边商圈。这表明 1文化对经济发展起支配作用 2文化作为社会意识能够转化为现实生产力 3不同资源相互融通可以催生新的发展动能 4激活经济价值,文化事业才能满足大众需求 A.13 B.14 C.23 D.24"
2026_石景山_二模,2,2#B4_CULTURE_COMPONENT,objective,module-boundary-excluded,B4_PHILOSOPHY_EXCLUDED,CULTURE_COMPONENT_INTANGIBLE_HERITAGE_NATIONAL_SPIRIT,"非遗,爱国主义,民族精神",题面和选项明确非遗作品承载爱国主义为核心的民族精神；民族精神属于文化。,paper,/Users/wanglifei/Desktop/北京高考政治/reports/必修二三与必修四文化_题源分类准备_20260617_1301/02_text_cache/texts/00b61bbb2c75b4be.txt,"抗战胜利80周年之际,一些非遗传承人以“剪忆抗战”为主题创作系列立体剪纸作品,既保留传统剪纸的阴阳镂空、千剪不断的连纹技法,又融入数字投影技术呈现动态抗战英雄人物、重要抗战场景。作品通过“破纸重生”工艺生动展现抗战历史,引导人们铭记历史,珍爱和平。据此,下列理解正确的是 1立体抗战剪纸是对传统剪纸中合理因素的辩证否定 2剪纸作品承载并传递着以爱国主义为核心的民族精神 3剪纸作品是根据抗战纪念需要建立起的人为事物的联系 4艺术性与思想性的对立属性寓于剪纸作品的统一属性中 A.13 B.14 C.23 D.24"
2026_西城_期末,16,16#B4_CULTURE_COMPONENT,subjective,module-boundary-excluded,B4_PHILOSOPHY_EXCLUDED,CULTURE_COMPONENT_DOCUMENTARY_CULTURAL_CONFIDENCE,"文化自信,中华优秀传统文化,文化创新",第 16 题第 (1) 问参考答案为文化自信完整采分链，需独立进入文化组件。,rubric,/Users/wanglifei/Desktop/北京高考政治/reports/必修二三与必修四文化_题源分类准备_20260617_1301/02_text_cache/texts/efbc5507a38dbd4f.txt,"(1)1立足社会实践,筑牢文化自信的根基。纪录片立足时代发展与社会变迁,记录 人民群众的日常实践,挖掘中华优秀传统文化中的精神内核与当代价值,让文 化自信建立在对自身文化生命力的深刻把握之上。 2坚持以人民为中心,彰显文化自信的温度。通过展现普通人面对困难时的坚韧 品格与家国情怀,让文化自信扎根于人民的情感认同与价值追求,增强对中华 文化凝聚力和向心力的坚定信念。 3讲好中国故事,提升文化自信的国际影响力。以脱贫攻坚、生态改善、科技突 破等现实题材传递中国经验,将中国故事推向世界,在国际交流中展现中华文 化的独特魅力,增强对中华文化国际传播力的信心。 4创新表达形式,焕发文化自信的活力。运用多元影像技术呈现文化内涵,推动 中华优秀传统文化与当代社会价值相融合,为文化自信注入鲜活的时代力量, 增强对中华文化创新发展的信心。 (2)1物质决定意识,意识是对客观存在的反映。“真实”源于客观存在的事实,能 够准确反映事物的本质与规律,帮助人们形成对世界的正确认识,从而突破认 知隔阂,引发思想共鸣。 2实践是认识的基础,是检验认识真理性的唯一标准。新闻、历史、司法等领域 的“真实”,都经过实践的检验与验证,具有客观性与说服力,能够获得人们 的普遍认同,凝聚精神共识。 3人民群众是历史的创造者,是社会精神财富的创造者。“真实”的内容往往贴 近人民的生活实践与情感需求,契合人民群众的根本利益,能够唤起共情,凝 聚起直抵人心的精神力量。 4意识对改造客观世界具有能动的反作用。“真实”的信息能够引导人们树立正 确的价值观,激发人们追求真理、直面问题的自觉行动,凝聚起推动社会发展 的强大精神动力。 高三政治 参考答案(第 2 页 共 3 页)"
2026_通州_一模,18,18#B4_CULTURE_COMPONENT,subjective,module-boundary-excluded,B4_PHILOSOPHY_EXCLUDED,CULTURE_COMPONENT_LONGFU_TEMPLE_TRADITION_INNOVATION,"中华优秀传统文化,创新性发展,非遗,历史文脉",隆福寺题答案同时含哲学和文化；其中传统文化双创、非遗、历史文脉为文化组件。,ocr-cache,/Users/wanglifei/Desktop/北京高考政治/reports/必修二三与必修四文化_题源分类准备_20260617_1301/02_text_cache/ocr_absorbed/2026_通州_一模.txt,"(8分) 让城市留住记忆,让传统与现代交融。 作为穿越600年历史的地标建筑,隆福寺在更新改造 中并未采取大拆大建的模式,而是进行“绣花式”风貌保护 福到隆渦 和城市更新,力求实现古都肌理与现代美学的深度共鸣。 在这里,明清时期的寺院格局隐约可寻,民国庙会的市井 肌理融入街巷,新中国成立后的东四人民市场、隆福大厦 的商业痕迹得以活化“修旧如旧”与“破旧立新”并存的 空间手法,既尊重地方记忆,又为街区注入了活力。 隆福寺通过数字科技激活历史记忆,以多元业态重构 生活方式。这里既有荣宝斋、六必居等老字号的百年坚守,也有景泰蓝、金漆镶嵌等非遗技 艺的匠心传承;同时引入了煎饼机器人、AI 拍报亭等充满时代气息的科技元素;引入年轻人 青睐的生活方式集合店、户外演艺等新业态⋯•成为传承历史文脉和感知时代脉动的网红 打卡地。 隆福寺的实践证明,老北京文化街区的古朴与创新并非对立,而是可以共生共荣 结合材料,运用《哲学与文化》知识,阐释隆福寺街区改造中“古朴”与“创新”是如何实现 共生共荣的。 高三思想政治试卷第6页(共8页) ===== 2026北京通州高三一模政治.pdf page 7 ===== (8分) 坚持对立统一,隆福寺在保护古都肌理的同时融人现代科技,实现二者共生共荣;坚持辩证否定 观,既保留历史记忆,又注人时代元素,实现传统与现代融合;推动中华优秀传统文化创造性转 化与创新性发展,在保护中发展,在传承中创新,实现古朴与创新深度融合;立足社会实践,坚守 文化根脉,让老街区焕发生机与活力。"
2026_丰台_期末,6,6#B4_CULTURE_COMPONENT,objective,blocked,UNKNOWN_OR_MIXED,CULTURE_COMPONENT_CHINESE_KNOT_TRADITIONAL_CULTURE,"中国结,中华优秀传统文化,精神追求",raw source 已确认该选择题同时涉及中华优秀传统文化与逻辑思维；文化部分需抽离。,manual_verified_note,,中国结是我国传统的手工艺品，造型独特、色彩多样、内涵丰富；选项同时涉及中华优秀传统文化、精神追求、形象思维和抽象思维。
2026_丰台_期末,2,2#B4_CULTURE_COMPONENT,objective,blocked,UNKNOWN_OR_MIXED,CULTURE_COMPONENT_TRADITIONAL_VIRTUE_ELDERLY_SERVICES,"孝亲敬老,传统美德",raw source 已确认该选择题同时涉及基本公共服务、群众观点、孝亲敬老传统美德和社会治理；传统美德部分需抽离。,manual_verified_note,,选项同时涉及差异化基本公共服务、群众观点、孝亲敬老传统美德和社会治理方式。
