suite_id,year,district,stage,question,parent_question,row_granularity,book_module,question_type,evidence_source,source_types,status,artifact_location,decision_reason,next_action,integration_status
2024_东城_一模,2024,东城,一模,14,,question,UNKNOWN_OR_MIXED,objective,/Users/wanglifei/Desktop/北京高考政治/reports/必修二三与必修四文化_题源分类准备_20260617_1301/02_text_cache/ocr_cache/2024_东城_一模/试卷.ocr.txt,ocr-cache,blocked,/Users/wanglifei/Desktop/北京高考政治/reports/必修二三与必修四文化_题源分类准备_20260617_1301/02_text_cache/ocr_absorbed/2024_东城_一模.txt,"{""target"": ""B3_POLITICS_RULE_OF_LAW"", ""target_score"": 1, ""boundary"": ""B4_PHILOSOPHY_EXCLUDED"", ""boundary_score"": 0, ""matches"": {""B3_POLITICS_RULE_OF_LAW"": ""政府""}}",manual_review_needed,main_matrix_original
2024_东城_二模,2024,东城,二模,13,,question,UNKNOWN_OR_MIXED,objective,/Users/wanglifei/Desktop/北京高考政治/reports/必修二三与必修四文化_题源分类准备_20260617_1301/02_text_cache/ocr_cache/2024_东城_二模/试卷.ocr.txt,ocr-cache,blocked,/Users/wanglifei/Desktop/北京高考政治/reports/必修二三与必修四文化_题源分类准备_20260617_1301/02_text_cache/ocr_absorbed/2024_东城_二模.txt,"{""target"": ""B3_POLITICS_RULE_OF_LAW"", ""target_score"": 1, ""boundary"": ""B4_PHILOSOPHY_EXCLUDED"", ""boundary_score"": 0, ""matches"": {""B3_POLITICS_RULE_OF_LAW"": ""公共服务""}}",manual_review_needed,main_matrix_original
2024_东城_二模,2024,东城,二模,17,,question,UNKNOWN_OR_MIXED,subjective,/Users/wanglifei/Desktop/北京高考政治/reports/必修二三与必修四文化_题源分类准备_20260617_1301/02_text_cache/ocr_cache/2024_东城_二模/试卷.ocr.txt,ocr-cache,blocked,/Users/wanglifei/Desktop/北京高考政治/reports/必修二三与必修四文化_题源分类准备_20260617_1301/02_text_cache/ocr_absorbed/2024_东城_二模.txt,"{""target"": ""B2_ECONOMICS"", ""target_score"": 0, ""boundary"": ""B4_PHILOSOPHY_EXCLUDED"", ""boundary_score"": 0, ""matches"": {}}",manual_review_needed,main_matrix_original
2024_东城_二模,2024,东城,二模,3,,question,UNKNOWN_OR_MIXED,objective,/Users/wanglifei/Desktop/北京高考政治/reports/必修二三与必修四文化_题源分类准备_20260617_1301/02_text_cache/ocr_cache/2024_东城_二模/试卷.ocr.txt,ocr-cache,blocked,/Users/wanglifei/Desktop/北京高考政治/reports/必修二三与必修四文化_题源分类准备_20260617_1301/02_text_cache/ocr_absorbed/2024_东城_二模.txt,"{""target"": ""B2_ECONOMICS"", ""target_score"": 2, ""boundary"": ""B4_PHILOSOPHY_EXCLUDED"", ""boundary_score"": 3, ""matches"": {""B2_ECONOMICS"": ""经济与社会,boost:经济与社会"", ""B3_POLITICS_RULE_OF_LAW"": ""政府"", ""B4_PHILOSOPHY_EXCLUDED"": ""实践,矛盾,boost:矛盾"", ""XB3_EXCLUDED"": ""推理,boost:推理""}, ""explicit_target_modules"": {""B2_ECONOMICS"": [""经济与社会""]}, ""explicit_boundary_modules"": {""XB3_EXCLUDED"": [""推理""]}, ""override"": ""manual_subquestion_split_needed""}",manual_subquestion_split_needed,main_matrix_original
2024_东城_二模,2024,东城,二模,9,,question,UNKNOWN_OR_MIXED,objective,/Users/wanglifei/Desktop/北京高考政治/reports/必修二三与必修四文化_题源分类准备_20260617_1301/02_text_cache/ocr_cache/2024_东城_二模/试卷.ocr.txt,ocr-cache,blocked,/Users/wanglifei/Desktop/北京高考政治/reports/必修二三与必修四文化_题源分类准备_20260617_1301/02_text_cache/ocr_absorbed/2024_东城_二模.txt,"{""target"": ""B2_ECONOMICS"", ""target_score"": 0, ""boundary"": ""B4_PHILOSOPHY_EXCLUDED"", ""boundary_score"": 0, ""matches"": {}}",manual_review_needed,main_matrix_original
2024_丰台_二模,2024,丰台,二模,2,,question,UNKNOWN_OR_MIXED,objective,/Users/wanglifei/Desktop/北京高考政治/reports/必修二三与必修四文化_题源分类准备_20260617_1301/02_text_cache/ocr_cache/2024_丰台_二模/试卷.ocr.txt,ocr-cache,blocked,/Users/wanglifei/Desktop/北京高考政治/reports/必修二三与必修四文化_题源分类准备_20260617_1301/02_text_cache/ocr_absorbed/2024_丰台_二模.txt,"{""target"": ""B2_ECONOMICS"", ""target_score"": 0, ""boundary"": ""B4_PHILOSOPHY_EXCLUDED"", ""boundary_score"": 1, ""matches"": {""B4_PHILOSOPHY_EXCLUDED"": ""实践""}}",manual_review_needed,main_matrix_original
2024_丰台_二模,2024,丰台,二模,21,,question,UNKNOWN_OR_MIXED,subjective,/Users/wanglifei/Desktop/北京高考政治/reports/必修二三与必修四文化_题源分类准备_20260617_1301/02_text_cache/ocr_cache/2024_丰台_二模/试卷.ocr.txt,ocr-cache,blocked,/Users/wanglifei/Desktop/北京高考政治/reports/必修二三与必修四文化_题源分类准备_20260617_1301/02_text_cache/ocr_absorbed/2024_丰台_二模.txt,"{""target"": ""B2_ECONOMICS"", ""target_score"": 0, ""boundary"": ""B4_PHILOSOPHY_EXCLUDED"", ""boundary_score"": 0, ""matches"": {}}",manual_review_needed,main_matrix_original
2024_丰台_二模,2024,丰台,二模,9,,question,UNKNOWN_OR_MIXED,objective,/Users/wanglifei/Desktop/北京高考政治/reports/必修二三与必修四文化_题源分类准备_20260617_1301/02_text_cache/ocr_cache/2024_丰台_二模/试卷.ocr.txt,ocr-cache,blocked,/Users/wanglifei/Desktop/北京高考政治/reports/必修二三与必修四文化_题源分类准备_20260617_1301/02_text_cache/ocr_absorbed/2024_丰台_二模.txt,"{""target"": ""B2_ECONOMICS"", ""target_score"": 0, ""boundary"": ""B4_PHILOSOPHY_EXCLUDED"", ""boundary_score"": 0, ""matches"": {}}",manual_review_needed,main_matrix_original
2024_海淀_一模,2024,海淀,一模,12,,question,UNKNOWN_OR_MIXED,objective,/Users/wanglifei/Desktop/2024模拟题/2024海淀一模/试卷/试卷.pdf,paper,blocked,/Users/wanglifei/Desktop/北京高考政治/reports/必修二三与必修四文化_题源分类准备_20260617_1301/03_question_index/question_candidates.csv,"{""target"": ""B2_ECONOMICS"", ""target_score"": 1, ""boundary"": ""B4_PHILOSOPHY_EXCLUDED"", ""boundary_score"": 2, ""matches"": {""B2_ECONOMICS"": ""市场主体"", ""B3_POLITICS_RULE_OF_LAW"": ""政府"", ""B4_PHILOSOPHY_EXCLUDED"": ""矛盾,boost:矛盾""}}",manual_review_needed,main_matrix_original
2024_海淀_一模,2024,海淀,一模,16,,question,UNKNOWN_OR_MIXED,subjective,/Users/wanglifei/Desktop/2024模拟题/2024海淀一模/试卷/试卷.pdf,paper,blocked,/Users/wanglifei/Desktop/北京高考政治/reports/必修二三与必修四文化_题源分类准备_20260617_1301/03_question_index/question_candidates.csv,"{""target"": ""B4_CULTURE"", ""target_score"": 1, ""boundary"": ""B4_PHILOSOPHY_EXCLUDED"", ""boundary_score"": 0, ""matches"": {""B4_CULTURE"": ""文化""}}",manual_review_needed,main_matrix_original
2024_海淀_二模,2024,海淀,二模,18,,question,UNKNOWN_OR_MIXED,subjective,/Users/wanglifei/Desktop/2024模拟题/海淀二模/试卷/补充材料/高三二模：政治试题（以PDF为准）(1).docx | /Users/wanglifei/Desktop/2024模拟题/海淀二模/试卷/试卷.pdf,paper,blocked,/Users/wanglifei/Desktop/北京高考政治/reports/必修二三与必修四文化_题源分类准备_20260617_1301/03_question_index/question_candidates.csv,"{""target"": ""B3_POLITICS_RULE_OF_LAW"", ""target_score"": 22, ""boundary"": ""XB1_EXCLUDED"", ""boundary_score"": 30, ""matches"": {""B3_POLITICS_RULE_OF_LAW"": ""政治与法治,中国共产党,人大代表,政协,政府,全国人大,boost:政治与法治,boost:中国共产党,boost:人大代表,boost:政协,boost:全国人大"", ""B4_PHILOSOPHY_EXCLUDED"": ""实践"", ""XB1_EXCLUDED"": ""当代国际政治与经济,全球治理,国际组织,金砖,boost:当代国际政治与经济,boost:全球治理,boost:国际组织,boost:金砖""}, ""explicit_target_modules"": {""B3_POLITICS_RULE_OF_LAW"": [""政治与法治""]}, ""explicit_boundary_modules"": {""XB1_EXCLUDED"": [""当代国际政治与经济"", ""全球治理"", ""国际组织""]}, ""override"": ""manual_subquestion_split_needed""}",manual_subquestion_split_needed,main_matrix_original
2024_海淀_期中,2024,海淀,期中,12,,question,UNKNOWN_OR_MIXED,objective,/Users/wanglifei/GaokaoPolitics/beijing-politics-sync/选必三双宝典_哲学宝典完全对齐返工_2026-05-25/12_reasoning_exercise_compilation_20260531/ocr_cache/22a9fc350542/试卷.ocr.txt,ocr-cache,blocked,/Users/wanglifei/Desktop/北京高考政治/reports/必修二三与必修四文化_题源分类准备_20260617_1301/02_text_cache/ocr_absorbed/2024_海淀_期中.txt,"{""target"": ""B2_ECONOMICS"", ""target_score"": 1, ""boundary"": ""B4_PHILOSOPHY_EXCLUDED"", ""boundary_score"": 2, ""matches"": {""B2_ECONOMICS"": ""市场主体"", ""B3_POLITICS_RULE_OF_LAW"": ""政府"", ""B4_PHILOSOPHY_EXCLUDED"": ""矛盾,boost:矛盾""}}",manual_review_needed,main_matrix_original
2024_海淀_期中,2024,海淀,期中,16,,question,UNKNOWN_OR_MIXED,subjective,/Users/wanglifei/GaokaoPolitics/beijing-politics-sync/选必三双宝典_哲学宝典完全对齐返工_2026-05-25/12_reasoning_exercise_compilation_20260531/ocr_cache/22a9fc350542/试卷.ocr.txt,ocr-cache,blocked,/Users/wanglifei/Desktop/北京高考政治/reports/必修二三与必修四文化_题源分类准备_20260617_1301/02_text_cache/ocr_absorbed/2024_海淀_期中.txt,"{""target"": ""B4_CULTURE"", ""target_score"": 1, ""boundary"": ""B4_PHILOSOPHY_EXCLUDED"", ""boundary_score"": 0, ""matches"": {""B4_CULTURE"": ""文化""}}",manual_review_needed,main_matrix_original
2024_石景山_一模,2024,石景山,一模,1,,question,UNKNOWN_OR_MIXED,objective,/Users/wanglifei/Desktop/2024模拟题/石景山一模/试卷/试卷.docx,paper,blocked,/Users/wanglifei/Desktop/北京高考政治/reports/必修二三与必修四文化_题源分类准备_20260617_1301/03_question_index/question_candidates.csv,"{""target"": ""B2_ECONOMICS"", ""target_score"": 0, ""boundary"": ""B4_PHILOSOPHY_EXCLUDED"", ""boundary_score"": 0, ""matches"": {}}",manual_review_needed,main_matrix_original
2024_石景山_一模,2024,石景山,一模,18(2),18,subquestion,UNKNOWN_OR_MIXED,subjective,/Users/wanglifei/Desktop/2024模拟题/石景山一模/试卷/试卷.docx,paper,blocked,04_module_classification/subquestion_split_matrix.csv,"{""target"": ""B2_ECONOMICS"", ""target_score"": 0, ""boundary"": ""B4_PHILOSOPHY_EXCLUDED"", ""boundary_score"": 0, ""matches"": {}}",manual_review_needed,subquestion_integrated_blocked
2024_石景山_一模,2024,石景山,一模,2,,question,UNKNOWN_OR_MIXED,objective,/Users/wanglifei/Desktop/2024模拟题/石景山一模/试卷/试卷.docx,paper,blocked,/Users/wanglifei/Desktop/北京高考政治/reports/必修二三与必修四文化_题源分类准备_20260617_1301/03_question_index/question_candidates.csv,"{""target"": ""B2_ECONOMICS"", ""target_score"": 0, ""boundary"": ""B4_PHILOSOPHY_EXCLUDED"", ""boundary_score"": 1, ""matches"": {""B4_PHILOSOPHY_EXCLUDED"": ""实践""}}",manual_review_needed,main_matrix_original
2024_西城_一模,2024,西城,一模,12,,question,UNKNOWN_OR_MIXED,objective,/Users/wanglifei/Desktop/2024模拟题/西城一模/试卷/试卷.docx,paper,blocked,/Users/wanglifei/Desktop/北京高考政治/reports/必修二三与必修四文化_题源分类准备_20260617_1301/03_question_index/question_candidates.csv,"{""target"": ""B2_ECONOMICS"", ""target_score"": 0, ""boundary"": ""B4_PHILOSOPHY_EXCLUDED"", ""boundary_score"": 0, ""matches"": {}}",manual_review_needed,main_matrix_original
2024_西城_一模,2024,西城,一模,3,,question,UNKNOWN_OR_MIXED,objective,/Users/wanglifei/Desktop/2024模拟题/西城一模/试卷/试卷.docx,paper,blocked,/Users/wanglifei/Desktop/北京高考政治/reports/必修二三与必修四文化_题源分类准备_20260617_1301/03_question_index/question_candidates.csv,"{""target"": ""B2_ECONOMICS"", ""target_score"": 0, ""boundary"": ""B4_PHILOSOPHY_EXCLUDED"", ""boundary_score"": 0, ""matches"": {}}",manual_review_needed,main_matrix_original
2024_西城_二模,2024,西城,二模,9,,question,UNKNOWN_OR_MIXED,objective,/Users/wanglifei/Desktop/2024模拟题/西城二模/试卷/试卷.docx,paper,blocked,/Users/wanglifei/Desktop/北京高考政治/reports/必修二三与必修四文化_题源分类准备_20260617_1301/03_question_index/question_candidates.csv,"{""target"": ""B2_ECONOMICS"", ""target_score"": 0, ""boundary"": ""B4_PHILOSOPHY_EXCLUDED"", ""boundary_score"": 1, ""matches"": {""B4_PHILOSOPHY_EXCLUDED"": ""实践""}}",manual_review_needed,main_matrix_original
2024_顺义_二模,2024,顺义,二模,17,,question,UNKNOWN_OR_MIXED,subjective,/Users/wanglifei/Desktop/2024模拟题/顺义思政二模/试卷/试卷.docx,paper,blocked,/Users/wanglifei/Desktop/北京高考政治/reports/必修二三与必修四文化_题源分类准备_20260617_1301/03_question_index/question_candidates.csv,"{""target"": ""B2_ECONOMICS"", ""target_score"": 0, ""boundary"": ""B4_PHILOSOPHY_EXCLUDED"", ""boundary_score"": 0, ""matches"": {}}",manual_review_needed,main_matrix_original
2024_顺义_二模,2024,顺义,二模,19(1),19,subquestion,UNKNOWN_OR_MIXED,subjective,/Users/wanglifei/Desktop/2024模拟题/顺义思政二模/试卷/试卷.docx,paper,blocked,04_module_classification/subquestion_split_matrix.csv,"{""target"": ""B2_ECONOMICS"", ""target_score"": 0, ""boundary"": ""B4_PHILOSOPHY_EXCLUDED"", ""boundary_score"": 0, ""matches"": {}}",manual_review_needed,subquestion_integrated_blocked
2024_顺义_二模,2024,顺义,二模,19(2),19,subquestion,UNKNOWN_OR_MIXED,subjective,/Users/wanglifei/Desktop/2024模拟题/顺义思政二模/试卷/试卷.docx,paper,blocked,04_module_classification/subquestion_split_matrix.csv,"{""target"": ""B2_ECONOMICS"", ""target_score"": 2, ""boundary"": ""XB1_EXCLUDED"", ""boundary_score"": 2, ""matches"": {""B2_ECONOMICS"": ""新质生产力,boost:新质生产力"", ""B3_POLITICS_RULE_OF_LAW"": ""政治与法治,boost:政治与法治"", ""XB1_EXCLUDED"": ""当代国际政治与经济,boost:当代国际政治与经济""}, ""explicit_target_modules"": {""B3_POLITICS_RULE_OF_LAW"": [""政治与法治""]}, ""explicit_boundary_modules"": {""XB1_EXCLUDED"": [""当代国际政治与经济""]}, ""override"": ""manual_subquestion_split_needed""}",manual_subquestion_split_needed,subquestion_integrated_blocked
2025_东城_一模,2025,东城,一模,3,,question,UNKNOWN_OR_MIXED,objective,/Users/wanglifei/Desktop/2025模拟题/2025各区一模/2025东城一模/试卷/试卷.pdf,paper,blocked,/Users/wanglifei/Desktop/北京高考政治/reports/必修二三与必修四文化_题源分类准备_20260617_1301/03_question_index/question_candidates.csv,"{""target"": ""B3_POLITICS_RULE_OF_LAW"", ""target_score"": 1, ""boundary"": ""B4_PHILOSOPHY_EXCLUDED"", ""boundary_score"": 1, ""matches"": {""B3_POLITICS_RULE_OF_LAW"": ""政府"", ""B4_PHILOSOPHY_EXCLUDED"": ""实践""}}",manual_review_needed,main_matrix_original
2025_东城_二模,2025,东城,二模,14,,question,UNKNOWN_OR_MIXED,objective,/Users/wanglifei/Desktop/2025模拟题/2025各区二模/2025东城二模/试卷/试卷.pdf,paper,blocked,/Users/wanglifei/Desktop/北京高考政治/reports/必修二三与必修四文化_题源分类准备_20260617_1301/03_question_index/question_candidates.csv,"{""target"": ""B2_ECONOMICS"", ""target_score"": 0, ""boundary"": ""B4_PHILOSOPHY_EXCLUDED"", ""boundary_score"": 0, ""matches"": {}}",manual_review_needed,main_matrix_original
2025_东城_二模,2025,东城,二模,3,,question,UNKNOWN_OR_MIXED,objective,/Users/wanglifei/Desktop/2025模拟题/2025各区二模/2025东城二模/试卷/试卷.pdf,paper,blocked,/Users/wanglifei/Desktop/北京高考政治/reports/必修二三与必修四文化_题源分类准备_20260617_1301/03_question_index/question_candidates.csv,"{""target"": ""B2_ECONOMICS"", ""target_score"": 0, ""boundary"": ""B4_PHILOSOPHY_EXCLUDED"", ""boundary_score"": 1, ""matches"": {""B4_PHILOSOPHY_EXCLUDED"": ""认识""}}",manual_review_needed,main_matrix_original
2025_东城_期末,2025,东城,期末,19(2),19,subquestion,UNKNOWN_OR_MIXED,subjective,/Users/wanglifei/Desktop/2025模拟题/2025各区期末/2025东城期末/试卷/试卷.pdf,paper,blocked,04_module_classification/subquestion_split_matrix.csv,"{""target"": ""B2_ECONOMICS"", ""target_score"": 0, ""boundary"": ""B4_PHILOSOPHY_EXCLUDED"", ""boundary_score"": 0, ""matches"": {}}",manual_review_needed,subquestion_integrated_blocked
2025_东城_期末,2025,东城,期末,19(3),19,subquestion,UNKNOWN_OR_MIXED,subjective,/Users/wanglifei/Desktop/2025模拟题/2025各区期末/2025东城期末/试卷/试卷.pdf,paper,blocked,04_module_classification/subquestion_split_matrix.csv,"{""target"": ""B2_ECONOMICS"", ""target_score"": 0, ""boundary"": ""B4_PHILOSOPHY_EXCLUDED"", ""boundary_score"": 0, ""matches"": {}}",manual_review_needed,subquestion_integrated_blocked
2025_丰台_一模,2025,丰台,一模,20,,question,UNKNOWN_OR_MIXED,subjective,/Users/wanglifei/Desktop/2025模拟题/2025各区一模/2025丰台一模/试卷/试卷.pdf,paper,blocked,/Users/wanglifei/Desktop/北京高考政治/reports/必修二三与必修四文化_题源分类准备_20260617_1301/03_question_index/question_candidates.csv,"{""target"": ""B2_ECONOMICS"", ""target_score"": 6, ""boundary"": ""XB1_EXCLUDED"", ""boundary_score"": 3, ""matches"": {""B2_ECONOMICS"": ""经济与社会,高质量发展,营商环境,boost:经济与社会,boost:高质量发展,boost:营商环境"", ""XB1_EXCLUDED"": ""当代国际政治与经济,对外开放,boost:当代国际政治与经济"", ""B1_EXCLUDED"": ""改革开放""}, ""explicit_target_modules"": {""B2_ECONOMICS"": [""经济与社会""]}, ""explicit_boundary_modules"": {""XB1_EXCLUDED"": [""当代国际政治与经济""]}, ""override"": ""manual_subquestion_split_needed""}",manual_subquestion_split_needed,main_matrix_original
2025_丰台_二模,2025,丰台,二模,7,,question,UNKNOWN_OR_MIXED,objective,/Users/wanglifei/Desktop/2025模拟题/2025各区二模/2025丰台二模/试卷/试卷.pdf,paper,blocked,/Users/wanglifei/Desktop/北京高考政治/reports/必修二三与必修四文化_题源分类准备_20260617_1301/03_question_index/question_candidates.csv,"{""target"": ""B2_ECONOMICS"", ""target_score"": 0, ""boundary"": ""B4_PHILOSOPHY_EXCLUDED"", ""boundary_score"": 0, ""matches"": {}}",manual_review_needed,main_matrix_original
2025_延庆_一模,2025,延庆,一模,1,,question,UNKNOWN_OR_MIXED,objective,/Users/wanglifei/Desktop/2025模拟题/2025各区一模/2025延庆一模/试卷/试卷.pdf,paper,blocked,/Users/wanglifei/Desktop/北京高考政治/reports/必修二三与必修四文化_题源分类准备_20260617_1301/03_question_index/question_candidates.csv,"{""target"": ""B2_ECONOMICS"", ""target_score"": 0, ""boundary"": ""B4_PHILOSOPHY_EXCLUDED"", ""boundary_score"": 1, ""matches"": {""B4_PHILOSOPHY_EXCLUDED"": ""实践""}}",manual_review_needed,main_matrix_original
2025_延庆_一模,2025,延庆,一模,8,,question,UNKNOWN_OR_MIXED,objective,/Users/wanglifei/Desktop/2025模拟题/2025各区一模/2025延庆一模/试卷/试卷.pdf,paper,blocked,/Users/wanglifei/Desktop/北京高考政治/reports/必修二三与必修四文化_题源分类准备_20260617_1301/03_question_index/question_candidates.csv,"{""target"": ""B2_ECONOMICS"", ""target_score"": 0, ""boundary"": ""B4_PHILOSOPHY_EXCLUDED"", ""boundary_score"": 1, ""matches"": {""B4_PHILOSOPHY_EXCLUDED"": ""实践""}}",manual_review_needed,main_matrix_original
2025_昌平_二模,2025,昌平,二模,7,,question,UNKNOWN_OR_MIXED,objective,/Users/wanglifei/Desktop/2025模拟题/2025各区二模/2025昌平二模/试卷/试卷.pdf,paper,blocked,/Users/wanglifei/Desktop/北京高考政治/reports/必修二三与必修四文化_题源分类准备_20260617_1301/03_question_index/question_candidates.csv,"{""target"": ""B3_POLITICS_RULE_OF_LAW"", ""target_score"": 1, ""boundary"": ""B4_PHILOSOPHY_EXCLUDED"", ""boundary_score"": 0, ""matches"": {""B3_POLITICS_RULE_OF_LAW"": ""政府""}}",manual_review_needed,main_matrix_original
2025_朝阳_一模,2025,朝阳,一模,12,,question,UNKNOWN_OR_MIXED,objective,/Users/wanglifei/Desktop/2025模拟题/2025各区一模/2025朝阳一模/试卷/试卷.pdf,paper,blocked,/Users/wanglifei/Desktop/北京高考政治/reports/必修二三与必修四文化_题源分类准备_20260617_1301/03_question_index/question_candidates.csv,"{""target"": ""B2_ECONOMICS"", ""target_score"": 0, ""boundary"": ""B4_PHILOSOPHY_EXCLUDED"", ""boundary_score"": 1, ""matches"": {""B4_PHILOSOPHY_EXCLUDED"": ""实践""}}",manual_review_needed,main_matrix_original
2025_朝阳_一模,2025,朝阳,一模,14,,question,UNKNOWN_OR_MIXED,objective,/Users/wanglifei/Desktop/2025模拟题/2025各区一模/2025朝阳一模/试卷/试卷.pdf,paper,blocked,/Users/wanglifei/Desktop/北京高考政治/reports/必修二三与必修四文化_题源分类准备_20260617_1301/03_question_index/question_candidates.csv,"{""target"": ""B2_ECONOMICS"", ""target_score"": 0, ""boundary"": ""B4_PHILOSOPHY_EXCLUDED"", ""boundary_score"": 0, ""matches"": {}}",manual_review_needed,main_matrix_original
2025_朝阳_二模,2025,朝阳,二模,13,,question,UNKNOWN_OR_MIXED,objective,/Users/wanglifei/Desktop/2025模拟题/2025各区二模/2025朝阳二模/试卷/试卷.pdf,paper,blocked,/Users/wanglifei/Desktop/北京高考政治/reports/必修二三与必修四文化_题源分类准备_20260617_1301/03_question_index/question_candidates.csv,"{""target"": ""B2_ECONOMICS"", ""target_score"": 1, ""boundary"": ""B4_PHILOSOPHY_EXCLUDED"", ""boundary_score"": 0, ""matches"": {""B2_ECONOMICS"": ""市场主体""}}",manual_review_needed,main_matrix_original
2025_朝阳_二模,2025,朝阳,二模,18,,question,UNKNOWN_OR_MIXED,subjective,/Users/wanglifei/Desktop/2025模拟题/2025各区二模/2025朝阳二模/试卷/试卷.pdf,paper,blocked,/Users/wanglifei/Desktop/北京高考政治/reports/必修二三与必修四文化_题源分类准备_20260617_1301/03_question_index/question_candidates.csv,"{""target"": ""B2_ECONOMICS"", ""target_score"": 35, ""boundary"": ""XB2_EXCLUDED"", ""boundary_score"": 6, ""matches"": {""B2_ECONOMICS"": ""经济与社会,高质量发展,共同富裕,社会保障,消费,医保,就业,劳动者,boost:经济与社会,boost:高质量发展,boost:共同富裕,boost:社会保障"", ""B3_POLITICS_RULE_OF_LAW"": ""政府,社会治理"", ""XB2_EXCLUDED"": ""合同,劳动合同,劳动关系,boost:合同,boost:劳动合同,boost:劳动关系""}, ""explicit_target_modules"": {""B2_ECONOMICS"": [""经济与社会""]}, ""explicit_boundary_modules"": {""XB2_EXCLUDED"": [""合同"", ""劳动合同""]}, ""override"": ""manual_subquestion_split_needed""}",manual_subquestion_split_needed,main_matrix_original
2025_朝阳_二模,2025,朝阳,二模,21,,question,UNKNOWN_OR_MIXED,subjective,/Users/wanglifei/Desktop/2025模拟题/2025各区二模/2025朝阳二模/试卷/补充材料/扫描全能王 2025-05-13 21.42.pdf | /Users/wanglifei/Desktop/2025模拟题/2025各区二模/2025朝阳二模/试卷/试卷.pdf,paper,blocked,/Users/wanglifei/Desktop/北京高考政治/reports/必修二三与必修四文化_题源分类准备_20260617_1301/03_question_index/question_candidates.csv,"{""target"": ""B3_POLITICS_RULE_OF_LAW"", ""target_score"": 2, ""boundary"": ""XB1_EXCLUDED"", ""boundary_score"": 13, ""matches"": {""B3_POLITICS_RULE_OF_LAW"": ""政治与法治,boost:政治与法治"", ""B4_CULTURE"": ""文化"", ""B4_PHILOSOPHY_EXCLUDED"": ""实践"", ""XB1_EXCLUDED"": ""当代国际政治与经济,国际关系,中国外交,外交,元首外交,对外开放,boost:当代国际政治与经济,boost:国际关系,boost:中国外交,boost:外交,boost:元首外交"", ""B1_EXCLUDED"": ""中国特色社会主义""}, ""explicit_target_modules"": {""B3_POLITICS_RULE_OF_LAW"": [""政治与法治""]}, ""explicit_boundary_modules"": {""XB1_EXCLUDED"": [""当代国际政治与经济"", ""国际关系""]}, ""override"": ""manual_subquestion_split_needed""}",manual_subquestion_split_needed,main_matrix_original
2025_朝阳_二模,2025,朝阳,二模,5,,question,UNKNOWN_OR_MIXED,objective,/Users/wanglifei/Desktop/2025模拟题/2025各区二模/2025朝阳二模/试卷/试卷.pdf,paper,blocked,/Users/wanglifei/Desktop/北京高考政治/reports/必修二三与必修四文化_题源分类准备_20260617_1301/03_question_index/question_candidates.csv,"{""target"": ""B3_POLITICS_RULE_OF_LAW"", ""target_score"": 2, ""boundary"": ""B4_PHILOSOPHY_EXCLUDED"", ""boundary_score"": 2, ""matches"": {""B3_POLITICS_RULE_OF_LAW"": ""宪法,boost:宪法"", ""B4_PHILOSOPHY_EXCLUDED"": ""矛盾,boost:矛盾""}}",manual_review_needed,main_matrix_original
2025_朝阳_二模,2025,朝阳,二模,6,,question,UNKNOWN_OR_MIXED,objective,/Users/wanglifei/Desktop/2025模拟题/2025各区二模/2025朝阳二模/试卷/试卷.pdf,paper,blocked,/Users/wanglifei/Desktop/北京高考政治/reports/必修二三与必修四文化_题源分类准备_20260617_1301/03_question_index/question_candidates.csv,"{""target"": ""B2_ECONOMICS"", ""target_score"": 0, ""boundary"": ""B4_PHILOSOPHY_EXCLUDED"", ""boundary_score"": 0, ""matches"": {}}",manual_review_needed,main_matrix_original
2025_朝阳_二模,2025,朝阳,二模,9,,question,UNKNOWN_OR_MIXED,objective,/Users/wanglifei/Desktop/2025模拟题/2025各区二模/2025朝阳二模/试卷/试卷.pdf,paper,blocked,/Users/wanglifei/Desktop/北京高考政治/reports/必修二三与必修四文化_题源分类准备_20260617_1301/03_question_index/question_candidates.csv,"{""target"": ""B3_POLITICS_RULE_OF_LAW"", ""target_score"": 2, ""boundary"": ""B4_PHILOSOPHY_EXCLUDED"", ""boundary_score"": 3, ""matches"": {""B3_POLITICS_RULE_OF_LAW"": ""政府"", ""B4_PHILOSOPHY_EXCLUDED"": ""人民群众,boost:人民群众""}}",manual_review_needed,main_matrix_original
2025_朝阳_期末,2025,朝阳,期末,17,,question,UNKNOWN_OR_MIXED,subjective,/Users/wanglifei/Desktop/2025模拟题/2025各区期末/2025朝阳期末/其他材料/朝阳高三期末2025.pptx | /Users/wanglifei/Desktop/2025模拟题/2025各区期末/2025朝阳期末/试卷/试卷.pdf,paper,blocked,/Users/wanglifei/Desktop/北京高考政治/reports/必修二三与必修四文化_题源分类准备_20260617_1301/03_question_index/question_candidates.csv,"{""target"": ""B3_POLITICS_RULE_OF_LAW"", ""target_score"": 36, ""boundary"": ""XB2_EXCLUDED"", ""boundary_score"": 7, ""matches"": {""B2_ECONOMICS"": ""共同富裕,人力资源,boost:共同富裕"", ""B3_POLITICS_RULE_OF_LAW"": ""政治与法治,中国共产党,人民当家作主,人大代表,政协,协商民主,基层群众自治,全过程人民民主,国家治理,政府,民主监督,民主决策"", ""B4_CULTURE"": ""文化,文化产业"", ""XB2_EXCLUDED"": ""民事,boost:民事""}, ""explicit_target_modules"": {""B3_POLITICS_RULE_OF_LAW"": [""政治与法治""]}, ""explicit_boundary_modules"": {""XB2_EXCLUDED"": [""民事""]}, ""override"": ""manual_subquestion_split_needed""}",manual_subquestion_split_needed,main_matrix_original
2025_海淀_一模,2025,海淀,一模,11,,question,UNKNOWN_OR_MIXED,objective,/Users/wanglifei/Desktop/2025模拟题/2025各区一模/2025海淀一模/试卷/试卷.pdf,paper,blocked,/Users/wanglifei/Desktop/北京高考政治/reports/必修二三与必修四文化_题源分类准备_20260617_1301/03_question_index/question_candidates.csv,"{""target"": ""B2_ECONOMICS"", ""target_score"": 0, ""boundary"": ""B4_PHILOSOPHY_EXCLUDED"", ""boundary_score"": 0, ""matches"": {}}",manual_review_needed,main_matrix_original
2025_海淀_一模,2025,海淀,一模,4,,question,UNKNOWN_OR_MIXED,objective,/Users/wanglifei/Desktop/2025模拟题/2025各区一模/2025海淀一模/试卷/试卷.pdf,paper,blocked,/Users/wanglifei/Desktop/北京高考政治/reports/必修二三与必修四文化_题源分类准备_20260617_1301/03_question_index/question_candidates.csv,"{""target"": ""B2_ECONOMICS"", ""target_score"": 0, ""boundary"": ""B4_PHILOSOPHY_EXCLUDED"", ""boundary_score"": 0, ""matches"": {}}",manual_review_needed,main_matrix_original
2025_海淀_一模,2025,海淀,一模,5,,question,UNKNOWN_OR_MIXED,objective,/Users/wanglifei/Desktop/2025模拟题/2025各区一模/2025海淀一模/试卷/试卷.pdf,paper,blocked,/Users/wanglifei/Desktop/北京高考政治/reports/必修二三与必修四文化_题源分类准备_20260617_1301/03_question_index/question_candidates.csv,"{""target"": ""B3_POLITICS_RULE_OF_LAW"", ""target_score"": 2, ""boundary"": ""B4_PHILOSOPHY_EXCLUDED"", ""boundary_score"": 2, ""matches"": {""B3_POLITICS_RULE_OF_LAW"": ""政府"", ""B4_PHILOSOPHY_EXCLUDED"": ""矛盾,boost:矛盾""}}",manual_review_needed,main_matrix_original
2025_海淀_二模,2025,海淀,二模,16,,question,UNKNOWN_OR_MIXED,subjective,/Users/wanglifei/Desktop/北京高考政治/reports/必修二三与必修四文化_题源分类准备_20260617_1301/02_text_cache/ocr_cache/2025_海淀_二模/试卷.ocr.txt,ocr-cache,blocked,/Users/wanglifei/Desktop/北京高考政治/reports/必修二三与必修四文化_题源分类准备_20260617_1301/02_text_cache/ocr_absorbed/2025_海淀_二模.txt,"{""target"": ""B4_CULTURE"", ""target_score"": 1, ""boundary"": ""B4_PHILOSOPHY_EXCLUDED"", ""boundary_score"": 0, ""matches"": {""B4_CULTURE"": ""文化""}}",manual_review_needed,main_matrix_original
2025_海淀_二模,2025,海淀,二模,18,,question,UNKNOWN_OR_MIXED,subjective,/Users/wanglifei/Desktop/北京高考政治/reports/必修二三与必修四文化_题源分类准备_20260617_1301/02_text_cache/ocr_cache/2025_海淀_二模/试卷.ocr.txt,ocr-cache,blocked,/Users/wanglifei/Desktop/北京高考政治/reports/必修二三与必修四文化_题源分类准备_20260617_1301/02_text_cache/ocr_absorbed/2025_海淀_二模.txt,"{""target"": ""B2_ECONOMICS"", ""target_score"": 0, ""boundary"": ""B4_PHILOSOPHY_EXCLUDED"", ""boundary_score"": 0, ""matches"": {}}",manual_review_needed,main_matrix_original
2025_海淀_二模,2025,海淀,二模,6,,question,UNKNOWN_OR_MIXED,objective,/Users/wanglifei/Desktop/北京高考政治/reports/必修二三与必修四文化_题源分类准备_20260617_1301/02_text_cache/ocr_cache/2025_海淀_二模/试卷.ocr.txt,ocr-cache,blocked,/Users/wanglifei/Desktop/北京高考政治/reports/必修二三与必修四文化_题源分类准备_20260617_1301/02_text_cache/ocr_absorbed/2025_海淀_二模.txt,"{""target"": ""B3_POLITICS_RULE_OF_LAW"", ""target_score"": 2, ""boundary"": ""B4_PHILOSOPHY_EXCLUDED"", ""boundary_score"": 3, ""matches"": {""B3_POLITICS_RULE_OF_LAW"": ""法院"", ""B4_PHILOSOPHY_EXCLUDED"": ""认识,矛盾,boost:矛盾""}}",manual_review_needed,main_matrix_original
2025_海淀_期末,2025,海淀,期末,16(1),16,subquestion,UNKNOWN_OR_MIXED,subjective,/Users/wanglifei/Desktop/2025模拟题/2025各区期末/2025海淀期中/试卷/试卷.pdf,paper,blocked,04_module_classification/subquestion_split_matrix.csv,"{""target"": ""B2_ECONOMICS"", ""target_score"": 0, ""boundary"": ""B4_PHILOSOPHY_EXCLUDED"", ""boundary_score"": 0, ""matches"": {}}",manual_review_needed,subquestion_integrated_blocked
2025_海淀_期末,2025,海淀,期末,17,,question,UNKNOWN_OR_MIXED,subjective,/Users/wanglifei/Desktop/2025模拟题/2025各区期末/2025海淀期中/试卷/试卷.pdf | /Users/wanglifei/Desktop/2025模拟题/2025各区期末/2025海淀期末/试卷/试卷.docx,paper,blocked,/Users/wanglifei/Desktop/北京高考政治/reports/必修二三与必修四文化_题源分类准备_20260617_1301/03_question_index/question_candidates.csv,"{""target"": ""B2_ECONOMICS"", ""target_score"": 8, ""boundary"": ""B4_PHILOSOPHY_EXCLUDED"", ""boundary_score"": 7, ""matches"": {""B2_ECONOMICS"": ""经济与社会,财政,税收,boost:经济与社会,boost:财政,boost:税收"", ""B4_PHILOSOPHY_EXCLUDED"": ""认识,真理,发展的观点,boost:真理,boost:发展的观点"", ""XB3_EXCLUDED"": ""科学思维,想象,boost:科学思维,boost:想象""}, ""explicit_target_modules"": {""B2_ECONOMICS"": [""经济与社会""]}, ""explicit_boundary_modules"": {""XB3_EXCLUDED"": [""科学思维"", ""想象""]}, ""override"": ""manual_subquestion_split_needed""}",manual_subquestion_split_needed,main_matrix_original
2025_海淀_期末,2025,海淀,期末,19,,question,UNKNOWN_OR_MIXED,subjective,/Users/wanglifei/Desktop/2025模拟题/2025各区期末/2025海淀期中/试卷/试卷.pdf | /Users/wanglifei/Desktop/2025模拟题/2025各区期末/2025海淀期末/试卷/试卷.docx,paper,blocked,/Users/wanglifei/Desktop/北京高考政治/reports/必修二三与必修四文化_题源分类准备_20260617_1301/03_question_index/question_candidates.csv,"{""target"": ""B3_POLITICS_RULE_OF_LAW"", ""target_score"": 11, ""boundary"": ""XB2_EXCLUDED"", ""boundary_score"": 2, ""matches"": {""B2_ECONOMICS"": ""市场经济,乡村振兴,共同富裕,boost:市场经济,boost:乡村振兴,boost:共同富裕"", ""B3_POLITICS_RULE_OF_LAW"": ""政治与法治,中国共产党,全面从严治党,全面依法治国,国家治理,政府,boost:政治与法治,boost:中国共产党,boost:全面依法治国,boost:国家治理"", ""B4_PHILOSOPHY_EXCLUDED"": ""实践"", ""XB2_EXCLUDED"": ""物权,boost:物权"", ""B1_EXCLUDED"": ""改革开放""}, ""explicit_target_modules"": {""B3_POLITICS_RULE_OF_LAW"": [""政治与法治""]}, ""explicit_boundary_modules"": {""XB2_EXCLUDED"": [""物权""]}, ""override"": ""manual_subquestion_split_needed""}",manual_subquestion_split_needed,main_matrix_original
2025_海淀_期末,2025,海淀,期末,20,,question,UNKNOWN_OR_MIXED,subjective,/Users/wanglifei/Desktop/2025模拟题/2025各区期末/2025海淀期中/试卷/试卷.pdf | /Users/wanglifei/Desktop/2025模拟题/2025各区期末/2025海淀期末/试卷/试卷.docx,paper,blocked,/Users/wanglifei/Desktop/北京高考政治/reports/必修二三与必修四文化_题源分类准备_20260617_1301/03_question_index/question_candidates.csv,"{""target"": ""B2_ECONOMICS"", ""target_score"": 15, ""boundary"": ""XB2_EXCLUDED"", ""boundary_score"": 27, ""matches"": {""B2_ECONOMICS"": ""经济与社会,高质量发展,共同富裕,财政,消费,区域协调,boost:经济与社会,boost:高质量发展,boost:共同富裕,boost:财政"", ""B3_POLITICS_RULE_OF_LAW"": ""政府,法院"", ""B4_PHILOSOPHY_EXCLUDED"": ""实践,人民群众,boost:人民群众"", ""XB2_EXCLUDED"": ""民法典,侵权,民事,侵权责任,赔偿,监护人,boost:民法典,boost:侵权,boost:民事,boost:侵权责任,boost:监护人""}, ""explicit_target_modules"": {""B2_ECONOMICS"": [""经济与社会""]}, ""explicit_boundary_modules"": {""XB2_EXCLUDED"": [""民法典"", ""侵权"", ""民事""]}, ""override"": ""manual_subquestion_split_needed""}",manual_subquestion_split_needed,main_matrix_original
2025_石景山_一模,2025,石景山,一模,14,,question,UNKNOWN_OR_MIXED,objective,/Users/wanglifei/Desktop/2025模拟题/2025各区一模/2025石景山一模/试卷/试卷.pdf,paper,blocked,/Users/wanglifei/Desktop/北京高考政治/reports/必修二三与必修四文化_题源分类准备_20260617_1301/03_question_index/question_candidates.csv,"{""target"": ""B2_ECONOMICS"", ""target_score"": 1, ""boundary"": ""B4_PHILOSOPHY_EXCLUDED"", ""boundary_score"": 0, ""matches"": {""B2_ECONOMICS"": ""基础设施""}}",manual_review_needed,main_matrix_original
2025_石景山_一模,2025,石景山,一模,17,,question,UNKNOWN_OR_MIXED,subjective,/Users/wanglifei/Desktop/2025模拟题/2025各区一模/2025石景山一模/试卷/试卷.pdf,paper,blocked,/Users/wanglifei/Desktop/北京高考政治/reports/必修二三与必修四文化_题源分类准备_20260617_1301/03_question_index/question_candidates.csv,"{""target"": ""B3_POLITICS_RULE_OF_LAW"", ""target_score"": 15, ""boundary"": ""XB1_EXCLUDED"", ""boundary_score"": 15, ""matches"": {""B3_POLITICS_RULE_OF_LAW"": ""政治与法治,全过程人民民主,政府,人大常委会,党组织,基层治理,boost:政治与法治,boost:全过程人民民主,boost:人大常委会,boost:党组织,boost:基层治理"", ""B4_PHILOSOPHY_EXCLUDED"": ""人民群众,boost:人民群众"", ""XB1_EXCLUDED"": ""当代国际政治与经济,国际关系,联合国,全球治理,世界多极化,经济全球化,boost:当代国际政治与经济,boost:国际关系,boost:联合国,boost:全球治理,boost:世界多极化,boost:经济全球化""}, ""explicit_target_modules"": {""B3_POLITICS_RULE_OF_LAW"": [""政治与法治""]}, ""explicit_boundary_modules"": {""XB1_EXCLUDED"": [""当代国际政治与经济"", ""经济全球化"", ""世界多极化"", ""国际关系"", ""联合国"", ""全球治理""]}, ""override"": ""manual_subquestion_split_needed""}",manual_subquestion_split_needed,main_matrix_original
2025_石景山_一模,2025,石景山,一模,4,,question,UNKNOWN_OR_MIXED,objective,/Users/wanglifei/Desktop/2025模拟题/2025各区一模/2025石景山一模/试卷/试卷.pdf,paper,blocked,/Users/wanglifei/Desktop/北京高考政治/reports/必修二三与必修四文化_题源分类准备_20260617_1301/03_question_index/question_candidates.csv,"{""target"": ""B3_POLITICS_RULE_OF_LAW"", ""target_score"": 1, ""boundary"": ""B4_PHILOSOPHY_EXCLUDED"", ""boundary_score"": 2, ""matches"": {""B3_POLITICS_RULE_OF_LAW"": ""政府"", ""B4_PHILOSOPHY_EXCLUDED"": ""适度原则,boost:适度原则""}}",manual_review_needed,main_matrix_original
2025_西城_一模,2025,西城,一模,4,,question,UNKNOWN_OR_MIXED,objective,/Users/wanglifei/Desktop/2025模拟题/2025各区一模/2025西城一模/试卷/试卷.pdf,paper,blocked,/Users/wanglifei/Desktop/北京高考政治/reports/必修二三与必修四文化_题源分类准备_20260617_1301/03_question_index/question_candidates.csv,"{""target"": ""B3_POLITICS_RULE_OF_LAW"", ""target_score"": 1, ""boundary"": ""B4_PHILOSOPHY_EXCLUDED"", ""boundary_score"": 2, ""matches"": {""B3_POLITICS_RULE_OF_LAW"": ""政府"", ""B4_PHILOSOPHY_EXCLUDED"": ""矛盾,boost:矛盾""}}",manual_review_needed,main_matrix_original
2025_西城_二模,2025,西城,二模,11,,question,UNKNOWN_OR_MIXED,objective,/Users/wanglifei/Desktop/2025模拟题/2025各区二模/2025西城二模/试卷/试卷.pdf,paper,blocked,/Users/wanglifei/Desktop/北京高考政治/reports/必修二三与必修四文化_题源分类准备_20260617_1301/03_question_index/question_candidates.csv,"{""target"": ""B2_ECONOMICS"", ""target_score"": 0, ""boundary"": ""B4_PHILOSOPHY_EXCLUDED"", ""boundary_score"": 0, ""matches"": {}}",manual_review_needed,main_matrix_original
2025_西城_二模,2025,西城,二模,14,,question,UNKNOWN_OR_MIXED,objective,/Users/wanglifei/Desktop/2025模拟题/2025各区二模/2025西城二模/试卷/试卷.pdf,paper,blocked,/Users/wanglifei/Desktop/北京高考政治/reports/必修二三与必修四文化_题源分类准备_20260617_1301/03_question_index/question_candidates.csv,"{""target"": ""B2_ECONOMICS"", ""target_score"": 0, ""boundary"": ""B4_PHILOSOPHY_EXCLUDED"", ""boundary_score"": 0, ""matches"": {}}",manual_review_needed,main_matrix_original
2025_西城_二模,2025,西城,二模,2,,question,UNKNOWN_OR_MIXED,objective,/Users/wanglifei/Desktop/2025模拟题/2025各区二模/2025西城二模/试卷/试卷.pdf,paper,blocked,/Users/wanglifei/Desktop/北京高考政治/reports/必修二三与必修四文化_题源分类准备_20260617_1301/03_question_index/question_candidates.csv,"{""target"": ""B2_ECONOMICS"", ""target_score"": 0, ""boundary"": ""B4_PHILOSOPHY_EXCLUDED"", ""boundary_score"": 1, ""matches"": {""B4_PHILOSOPHY_EXCLUDED"": ""认识""}}",manual_review_needed,main_matrix_original
2025_西城_二模,2025,西城,二模,3,,question,UNKNOWN_OR_MIXED,objective,/Users/wanglifei/Desktop/2025模拟题/2025各区二模/2025西城二模/试卷/试卷.pdf,paper,blocked,/Users/wanglifei/Desktop/北京高考政治/reports/必修二三与必修四文化_题源分类准备_20260617_1301/03_question_index/question_candidates.csv,"{""target"": ""B2_ECONOMICS"", ""target_score"": 2, ""boundary"": ""B4_PHILOSOPHY_EXCLUDED"", ""boundary_score"": 2, ""matches"": {""B2_ECONOMICS"": ""高质量发展,boost:高质量发展"", ""B4_PHILOSOPHY_EXCLUDED"": ""实践,认识""}}",manual_review_needed,main_matrix_original
2025_西城_二模,2025,西城,二模,5,,question,UNKNOWN_OR_MIXED,objective,/Users/wanglifei/Desktop/2025模拟题/2025各区二模/2025西城二模/试卷/试卷.pdf,paper,blocked,/Users/wanglifei/Desktop/北京高考政治/reports/必修二三与必修四文化_题源分类准备_20260617_1301/03_question_index/question_candidates.csv,"{""target"": ""B2_ECONOMICS"", ""target_score"": 0, ""boundary"": ""B4_PHILOSOPHY_EXCLUDED"", ""boundary_score"": 0, ""matches"": {}}",manual_review_needed,main_matrix_original
2025_西城_二模,2025,西城,二模,6,,question,UNKNOWN_OR_MIXED,objective,/Users/wanglifei/Desktop/2025模拟题/2025各区二模/2025西城二模/试卷/试卷.pdf,paper,blocked,/Users/wanglifei/Desktop/北京高考政治/reports/必修二三与必修四文化_题源分类准备_20260617_1301/03_question_index/question_candidates.csv,"{""target"": ""B2_ECONOMICS"", ""target_score"": 0, ""boundary"": ""B4_PHILOSOPHY_EXCLUDED"", ""boundary_score"": 0, ""matches"": {}}",manual_review_needed,main_matrix_original
2025_西城_期末,2025,西城,期末,10,,question,UNKNOWN_OR_MIXED,objective,/Users/wanglifei/Desktop/2025模拟题/2025各区期末/2025西城期末/试卷/试卷.pdf,paper,blocked,/Users/wanglifei/Desktop/北京高考政治/reports/必修二三与必修四文化_题源分类准备_20260617_1301/03_question_index/question_candidates.csv,"{""target"": ""B2_ECONOMICS"", ""target_score"": 0, ""boundary"": ""B4_PHILOSOPHY_EXCLUDED"", ""boundary_score"": 0, ""matches"": {}}",manual_review_needed,main_matrix_original
2025_西城_期末,2025,西城,期末,14,,question,UNKNOWN_OR_MIXED,objective,/Users/wanglifei/Desktop/2025模拟题/2025各区期末/2025西城期末/试卷/试卷.pdf,paper,blocked,/Users/wanglifei/Desktop/北京高考政治/reports/必修二三与必修四文化_题源分类准备_20260617_1301/03_question_index/question_candidates.csv,"{""target"": ""B2_ECONOMICS"", ""target_score"": 0, ""boundary"": ""B4_PHILOSOPHY_EXCLUDED"", ""boundary_score"": 0, ""matches"": {}}",manual_review_needed,main_matrix_original
2025_西城_期末,2025,西城,期末,2,,question,UNKNOWN_OR_MIXED,objective,/Users/wanglifei/Desktop/2025模拟题/2025各区期末/2025西城期末/试卷/试卷.pdf,paper,blocked,/Users/wanglifei/Desktop/北京高考政治/reports/必修二三与必修四文化_题源分类准备_20260617_1301/03_question_index/question_candidates.csv,"{""target"": ""B2_ECONOMICS"", ""target_score"": 0, ""boundary"": ""B4_PHILOSOPHY_EXCLUDED"", ""boundary_score"": 1, ""matches"": {""B4_PHILOSOPHY_EXCLUDED"": ""实践""}}",manual_review_needed,main_matrix_original
2025_西城_期末,2025,西城,期末,8,,question,UNKNOWN_OR_MIXED,objective,/Users/wanglifei/Desktop/2025模拟题/2025各区期末/2025西城期末/试卷/试卷.pdf,paper,blocked,/Users/wanglifei/Desktop/北京高考政治/reports/必修二三与必修四文化_题源分类准备_20260617_1301/03_question_index/question_candidates.csv,"{""target"": ""B2_ECONOMICS"", ""target_score"": 1, ""boundary"": ""B4_PHILOSOPHY_EXCLUDED"", ""boundary_score"": 0, ""matches"": {""B2_ECONOMICS"": ""市场机制""}}",manual_review_needed,main_matrix_original
2025_顺义_一模,2025,顺义,一模,14,,question,UNKNOWN_OR_MIXED,objective,/Users/wanglifei/Desktop/2025模拟题/2025各区一模/2025顺义一模/试卷/试卷.pdf,paper,blocked,/Users/wanglifei/Desktop/北京高考政治/reports/必修二三与必修四文化_题源分类准备_20260617_1301/03_question_index/question_candidates.csv,"{""target"": ""B2_ECONOMICS"", ""target_score"": 0, ""boundary"": ""B4_PHILOSOPHY_EXCLUDED"", ""boundary_score"": 0, ""matches"": {}}",manual_review_needed,main_matrix_original
2025_顺义_一模,2025,顺义,一模,2,,question,UNKNOWN_OR_MIXED,objective,/Users/wanglifei/Desktop/2025模拟题/2025各区一模/2025顺义一模/试卷/试卷.pdf,paper,blocked,/Users/wanglifei/Desktop/北京高考政治/reports/必修二三与必修四文化_题源分类准备_20260617_1301/03_question_index/question_candidates.csv,"{""target"": ""B3_POLITICS_RULE_OF_LAW"", ""target_score"": 1, ""boundary"": ""B4_PHILOSOPHY_EXCLUDED"", ""boundary_score"": 0, ""matches"": {""B3_POLITICS_RULE_OF_LAW"": ""政府""}}",manual_review_needed,main_matrix_original
2026_东城_一模,2026,东城,一模,3,,question,UNKNOWN_OR_MIXED,objective,/Users/wanglifei/Desktop/2026模拟题/2026各区一模/2026东城一模/试卷/试卷.pdf,paper,blocked,/Users/wanglifei/Desktop/北京高考政治/reports/必修二三与必修四文化_题源分类准备_20260617_1301/03_question_index/question_candidates.csv,"{""target"": ""B2_ECONOMICS"", ""target_score"": 0, ""boundary"": ""XB1_EXCLUDED"", ""boundary_score"": 1, ""matches"": {""XB1_EXCLUDED"": ""对外开放""}}",manual_review_needed,main_matrix_original
2026_东城_一模,2026,东城,一模,7,,question,UNKNOWN_OR_MIXED,objective,/Users/wanglifei/Desktop/2026模拟题/2026各区一模/2026东城一模/试卷/试卷.pdf,paper,blocked,/Users/wanglifei/Desktop/北京高考政治/reports/必修二三与必修四文化_题源分类准备_20260617_1301/03_question_index/question_candidates.csv,"{""target"": ""B2_ECONOMICS"", ""target_score"": 0, ""boundary"": ""B4_PHILOSOPHY_EXCLUDED"", ""boundary_score"": 0, ""matches"": {}}",manual_review_needed,main_matrix_original
2026_东城_一模,2026,东城,一模,9,,question,UNKNOWN_OR_MIXED,objective,/Users/wanglifei/Desktop/2026模拟题/2026各区一模/2026东城一模/试卷/试卷.pdf,paper,blocked,/Users/wanglifei/Desktop/北京高考政治/reports/必修二三与必修四文化_题源分类准备_20260617_1301/03_question_index/question_candidates.csv,"{""target"": ""B2_ECONOMICS"", ""target_score"": 0, ""boundary"": ""B4_PHILOSOPHY_EXCLUDED"", ""boundary_score"": 0, ""matches"": {}}",manual_review_needed,main_matrix_original
2026_东城_二模,2026,东城,二模,13,,question,UNKNOWN_OR_MIXED,objective,/Users/wanglifei/Desktop/2026模拟题/2026各区二模/2026东城二模/试卷/2026北京东城高三二模政治（教师版）.docx,paper,blocked,/Users/wanglifei/Desktop/北京高考政治/reports/必修二三与必修四文化_题源分类准备_20260617_1301/03_question_index/question_candidates.csv,"{""target"": ""B2_ECONOMICS"", ""target_score"": 0, ""boundary"": ""B4_PHILOSOPHY_EXCLUDED"", ""boundary_score"": 0, ""matches"": {}}",manual_review_needed,main_matrix_original
2026_东城_期末,2026,东城,期末,14,,question,UNKNOWN_OR_MIXED,objective,/Users/wanglifei/Desktop/2026模拟题/2026各区期末和期中/2026东城期末/试卷/试卷.pdf,paper,blocked,/Users/wanglifei/Desktop/北京高考政治/reports/必修二三与必修四文化_题源分类准备_20260617_1301/03_question_index/question_candidates.csv,"{""target"": ""B2_ECONOMICS"", ""target_score"": 0, ""boundary"": ""B4_PHILOSOPHY_EXCLUDED"", ""boundary_score"": 1, ""matches"": {""B4_PHILOSOPHY_EXCLUDED"": ""认识""}}",manual_review_needed,main_matrix_original
2026_东城_期末,2026,东城,期末,19,,question,UNKNOWN_OR_MIXED,subjective,/Users/wanglifei/Desktop/2026模拟题/2026各区期末和期中/2026东城期末/试卷/试卷.pdf,paper,blocked,/Users/wanglifei/Desktop/北京高考政治/reports/必修二三与必修四文化_题源分类准备_20260617_1301/03_question_index/question_candidates.csv,"{""target"": ""B3_POLITICS_RULE_OF_LAW"", ""target_score"": 18, ""boundary"": ""XB2_EXCLUDED"", ""boundary_score"": 4, ""matches"": {""B2_ECONOMICS"": ""乡村振兴,boost:乡村振兴"", ""B3_POLITICS_RULE_OF_LAW"": ""政治与法治,法治政府,法治国家,法治社会,国家治理,政府,全国人大,全国人大常委会,人大常委会,boost:政治与法治,boost:法治政府,boost:法治国家"", ""B4_PHILOSOPHY_EXCLUDED"": ""实践"", ""XB2_EXCLUDED"": ""民法典,民事,boost:民法典,boost:民事""}, ""explicit_target_modules"": {""B3_POLITICS_RULE_OF_LAW"": [""政治与法治""]}, ""explicit_boundary_modules"": {""XB2_EXCLUDED"": [""民法典"", ""民事""]}, ""override"": ""manual_subquestion_split_needed""}",manual_subquestion_split_needed,main_matrix_original
2026_东城_期末,2026,东城,期末,4,,question,UNKNOWN_OR_MIXED,objective,/Users/wanglifei/Desktop/2026模拟题/2026各区期末和期中/2026东城期末/试卷/试卷.pdf,paper,blocked,/Users/wanglifei/Desktop/北京高考政治/reports/必修二三与必修四文化_题源分类准备_20260617_1301/03_question_index/question_candidates.csv,"{""target"": ""B2_ECONOMICS"", ""target_score"": 0, ""boundary"": ""B4_PHILOSOPHY_EXCLUDED"", ""boundary_score"": 1, ""matches"": {""B4_PHILOSOPHY_EXCLUDED"": ""认识""}}",manual_review_needed,main_matrix_original
2026_东城_期末,2026,东城,期末,7,,question,UNKNOWN_OR_MIXED,objective,/Users/wanglifei/Desktop/2026模拟题/2026各区期末和期中/2026东城期末/试卷/试卷.pdf,paper,blocked,/Users/wanglifei/Desktop/北京高考政治/reports/必修二三与必修四文化_题源分类准备_20260617_1301/03_question_index/question_candidates.csv,"{""target"": ""B2_ECONOMICS"", ""target_score"": 0, ""boundary"": ""B4_PHILOSOPHY_EXCLUDED"", ""boundary_score"": 0, ""matches"": {}}",manual_review_needed,main_matrix_original
2026_丰台_一模,2026,丰台,一模,1,,question,UNKNOWN_OR_MIXED,objective,/Users/wanglifei/Desktop/北京高考政治/reports/必修二三与必修四文化_题源分类准备_20260617_1301/02_text_cache/ocr_cache/2026_丰台_一模/试卷.ocr.txt,ocr-cache,blocked,/Users/wanglifei/Desktop/北京高考政治/reports/必修二三与必修四文化_题源分类准备_20260617_1301/02_text_cache/ocr_absorbed/2026_丰台_一模.txt,"{""target"": ""B2_ECONOMICS"", ""target_score"": 0, ""boundary"": ""B4_PHILOSOPHY_EXCLUDED"", ""boundary_score"": 1, ""matches"": {""B4_PHILOSOPHY_EXCLUDED"": ""认识""}}",manual_review_needed,main_matrix_original
2026_丰台_一模,2026,丰台,一模,2,,question,UNKNOWN_OR_MIXED,objective,/Users/wanglifei/Desktop/北京高考政治/reports/必修二三与必修四文化_题源分类准备_20260617_1301/02_text_cache/ocr_cache/2026_丰台_一模/试卷.ocr.txt,ocr-cache,blocked,/Users/wanglifei/Desktop/北京高考政治/reports/必修二三与必修四文化_题源分类准备_20260617_1301/02_text_cache/ocr_absorbed/2026_丰台_一模.txt,"{""target"": ""B2_ECONOMICS"", ""target_score"": 0, ""boundary"": ""B4_PHILOSOPHY_EXCLUDED"", ""boundary_score"": 0, ""matches"": {}}",manual_review_needed,main_matrix_original
2026_丰台_一模,2026,丰台,一模,21,,question,UNKNOWN_OR_MIXED,subjective,/Users/wanglifei/Desktop/北京高考政治/reports/必修二三与必修四文化_题源分类准备_20260617_1301/02_text_cache/ocr_cache/2026_丰台_一模/试卷.ocr.txt,ocr-cache,blocked,/Users/wanglifei/Desktop/北京高考政治/reports/必修二三与必修四文化_题源分类准备_20260617_1301/02_text_cache/ocr_absorbed/2026_丰台_一模.txt,"{""target"": ""B2_ECONOMICS"", ""target_score"": 2, ""boundary"": ""B4_PHILOSOPHY_EXCLUDED"", ""boundary_score"": 3, ""matches"": {""B2_ECONOMICS"": ""高质量发展,boost:高质量发展"", ""B4_PHILOSOPHY_EXCLUDED"": ""实践,矛盾,boost:矛盾"", ""XB1_EXCLUDED"": ""对外开放""}}",manual_review_needed,main_matrix_original
2026_丰台_二模,2026,丰台,二模,6,,question,UNKNOWN_OR_MIXED,objective,/Users/wanglifei/GaokaoPolitics/beijing-politics-sync/选必三双宝典_哲学宝典完全对齐返工_2026-05-25/12_reasoning_exercise_compilation_20260531/ocr_cache/14707229fbcf/merged.ocr.txt,ocr-cache,blocked,/Users/wanglifei/Desktop/北京高考政治/reports/必修二三与必修四文化_题源分类准备_20260617_1301/02_text_cache/ocr_absorbed/2026_丰台_二模.txt,"{""target"": ""B2_ECONOMICS"", ""target_score"": 0, ""boundary"": ""B4_PHILOSOPHY_EXCLUDED"", ""boundary_score"": 0, ""matches"": {}}",manual_review_needed,main_matrix_original
2026_丰台_二模,2026,丰台,二模,9,,question,UNKNOWN_OR_MIXED,objective,/Users/wanglifei/GaokaoPolitics/beijing-politics-sync/选必三双宝典_哲学宝典完全对齐返工_2026-05-25/12_reasoning_exercise_compilation_20260531/ocr_cache/14707229fbcf/merged.ocr.txt,ocr-cache,blocked,/Users/wanglifei/Desktop/北京高考政治/reports/必修二三与必修四文化_题源分类准备_20260617_1301/02_text_cache/ocr_absorbed/2026_丰台_二模.txt,"{""target"": ""B2_ECONOMICS"", ""target_score"": 0, ""boundary"": ""B4_PHILOSOPHY_EXCLUDED"", ""boundary_score"": 0, ""matches"": {}}",manual_review_needed,main_matrix_original
2026_丰台_期末,2026,丰台,期末,16,,question,UNKNOWN_OR_MIXED,subjective,/Users/wanglifei/Desktop/北京高考政治/reports/必修二三与必修四文化_题源分类准备_20260617_1301/02_text_cache/ocr_cache/2026_丰台_期末/试卷.ocr.txt,ocr-cache,blocked,/Users/wanglifei/Desktop/北京高考政治/reports/必修二三与必修四文化_题源分类准备_20260617_1301/02_text_cache/ocr_absorbed/2026_丰台_期末.txt,"{""target"": ""B4_CULTURE"", ""target_score"": 1, ""boundary"": ""B4_PHILOSOPHY_EXCLUDED"", ""boundary_score"": 0, ""matches"": {""B4_CULTURE"": ""文化""}}",manual_review_needed,main_matrix_original
2026_丰台_期末,2026,丰台,期末,19,,question,UNKNOWN_OR_MIXED,subjective,/Users/wanglifei/Desktop/北京高考政治/reports/必修二三与必修四文化_题源分类准备_20260617_1301/02_text_cache/ocr_cache/2026_丰台_期末/试卷.ocr.txt,ocr-cache,blocked,/Users/wanglifei/Desktop/北京高考政治/reports/必修二三与必修四文化_题源分类准备_20260617_1301/02_text_cache/ocr_absorbed/2026_丰台_期末.txt,"{""target"": ""B2_ECONOMICS"", ""target_score"": 5, ""boundary"": ""XB1_EXCLUDED"", ""boundary_score"": 2, ""matches"": {""B2_ECONOMICS"": ""经济与社会,高质量发展,消费,boost:经济与社会,boost:高质量发展"", ""XB1_EXCLUDED"": ""联合国,boost:联合国"", ""XB3_EXCLUDED"": ""推理,boost:推理""}, ""explicit_target_modules"": {""B2_ECONOMICS"": [""经济与社会""]}, ""explicit_boundary_modules"": {""XB1_EXCLUDED"": [""联合国""], ""XB3_EXCLUDED"": [""推理""]}, ""override"": ""manual_subquestion_split_needed""}",manual_subquestion_split_needed,main_matrix_original
2026_延庆_一模,2026,延庆,一模,2,,question,UNKNOWN_OR_MIXED,objective,/Users/wanglifei/Desktop/2026模拟题/2026各区一模/2026延庆一模/试卷/试卷.pdf,paper,blocked,/Users/wanglifei/Desktop/北京高考政治/reports/必修二三与必修四文化_题源分类准备_20260617_1301/03_question_index/question_candidates.csv,"{""target"": ""B2_ECONOMICS"", ""target_score"": 0, ""boundary"": ""B4_PHILOSOPHY_EXCLUDED"", ""boundary_score"": 0, ""matches"": {}}",manual_review_needed,main_matrix_original
2026_延庆_一模,2026,延庆,一模,7,,question,UNKNOWN_OR_MIXED,objective,/Users/wanglifei/Desktop/2026模拟题/2026各区一模/2026延庆一模/试卷/试卷.pdf,paper,blocked,/Users/wanglifei/Desktop/北京高考政治/reports/必修二三与必修四文化_题源分类准备_20260617_1301/03_question_index/question_candidates.csv,"{""target"": ""B2_ECONOMICS"", ""target_score"": 0, ""boundary"": ""B4_PHILOSOPHY_EXCLUDED"", ""boundary_score"": 0, ""matches"": {}}",manual_review_needed,main_matrix_original
2026_房山_一模,2026,房山,一模,18,,question,UNKNOWN_OR_MIXED,subjective,/Users/wanglifei/Desktop/北京高考政治/reports/必修二三与必修四文化_题源分类准备_20260617_1301/02_text_cache/ocr_cache/2026_房山_一模/试卷.ocr.txt,ocr-cache,blocked,/Users/wanglifei/Desktop/北京高考政治/reports/必修二三与必修四文化_题源分类准备_20260617_1301/02_text_cache/ocr_absorbed/2026_房山_一模.txt,"{""target"": ""B3_POLITICS_RULE_OF_LAW"", ""target_score"": 9, ""boundary"": ""XB3_EXCLUDED"", ""boundary_score"": 2, ""matches"": {""B3_POLITICS_RULE_OF_LAW"": ""政治与法治,宪法,政府,检察,全国人大,boost:政治与法治,boost:宪法,boost:全国人大"", ""XB3_EXCLUDED"": ""辩证思维,boost:辩证思维""}, ""explicit_target_modules"": {""B3_POLITICS_RULE_OF_LAW"": [""政治与法治""]}, ""explicit_boundary_modules"": {""XB3_EXCLUDED"": [""辩证思维""]}, ""override"": ""manual_subquestion_split_needed""}",manual_subquestion_split_needed,main_matrix_original
2026_房山_一模,2026,房山,一模,7,,question,UNKNOWN_OR_MIXED,objective,/Users/wanglifei/Desktop/北京高考政治/reports/必修二三与必修四文化_题源分类准备_20260617_1301/02_text_cache/ocr_cache/2026_房山_一模/试卷.ocr.txt,ocr-cache,blocked,/Users/wanglifei/Desktop/北京高考政治/reports/必修二三与必修四文化_题源分类准备_20260617_1301/02_text_cache/ocr_absorbed/2026_房山_一模.txt,"{""target"": ""B4_CULTURE"", ""target_score"": 4, ""boundary"": ""B4_PHILOSOPHY_EXCLUDED"", ""boundary_score"": 4, ""matches"": {""B3_POLITICS_RULE_OF_LAW"": ""公共服务"", ""B4_CULTURE"": ""文化,文化基因,boost:文化基因"", ""B4_PHILOSOPHY_EXCLUDED"": ""实践,矛盾,boost:矛盾""}}",manual_review_needed,main_matrix_original
2026_朝阳_一模,2026,朝阳,一模,12,,question,UNKNOWN_OR_MIXED,objective,/Users/wanglifei/Desktop/2026模拟题/2026各区一模/2026朝阳一模/试卷/试卷.pdf,paper,blocked,/Users/wanglifei/Desktop/北京高考政治/reports/必修二三与必修四文化_题源分类准备_20260617_1301/03_question_index/question_candidates.csv,"{""target"": ""B2_ECONOMICS"", ""target_score"": 1, ""boundary"": ""B4_PHILOSOPHY_EXCLUDED"", ""boundary_score"": 0, ""matches"": {""B2_ECONOMICS"": ""基础设施""}}",manual_review_needed,main_matrix_original
2026_朝阳_一模,2026,朝阳,一模,17,,question,UNKNOWN_OR_MIXED,subjective,/Users/wanglifei/Desktop/2026模拟题/2026各区一模/2026朝阳一模/试卷/试卷.pdf,paper,blocked,/Users/wanglifei/Desktop/北京高考政治/reports/必修二三与必修四文化_题源分类准备_20260617_1301/03_question_index/question_candidates.csv,"{""target"": ""B4_CULTURE"", ""target_score"": 43, ""boundary"": ""XB3_EXCLUDED"", ""boundary_score"": 22, ""matches"": {""B2_ECONOMICS"": ""高质量发展,boost:高质量发展"", ""B3_POLITICS_RULE_OF_LAW"": ""政治与法治,法治政府,政府,民主决策,社会治理,公共服务,boost:政治与法治,boost:法治政府"", ""B4_CULTURE"": ""文化,博物馆,文创,boost:博物馆,boost:文创"", ""B4_PHILOSOPHY_EXCLUDED"": ""实践"", ""XB3_EXCLUDED"": ""逻辑与思维,迁移,想象,推理,归纳推理,boost:逻辑与思维,boost:迁移,boost:想象,boost:推理,boost:归纳推理""}, ""explicit_target_modules"": {""B3_POLITICS_RULE_OF_LAW"": [""政治与法治""]}, ""explicit_boundary_modules"": {""XB3_EXCLUDED"": [""逻辑与思维"", ""推理"", ""迁移"", ""想象""]}, ""override"": ""manual_subquestion_split_needed""}",manual_subquestion_split_needed,main_matrix_original
2026_朝阳_一模,2026,朝阳,一模,3,,question,UNKNOWN_OR_MIXED,objective,/Users/wanglifei/Desktop/2026模拟题/2026各区一模/2026朝阳一模/试卷/试卷.pdf,paper,blocked,/Users/wanglifei/Desktop/北京高考政治/reports/必修二三与必修四文化_题源分类准备_20260617_1301/03_question_index/question_candidates.csv,"{""target"": ""B4_CULTURE"", ""target_score"": 31, ""boundary"": ""B4_PHILOSOPHY_EXCLUDED"", ""boundary_score"": 4, ""matches"": {""B2_ECONOMICS"": ""高质量发展,boost:高质量发展"", ""B3_POLITICS_RULE_OF_LAW"": ""政治与法治,政府,公共服务,boost:政治与法治"", ""B4_CULTURE"": ""文化,传统文化,文化自信,非遗,博物馆,文创,boost:传统文化,boost:文化自信,boost:非遗,boost:博物馆,boost:文创"", ""B4_PHILOSOPHY_EXCLUDED"": ""矛盾,辩证否定,boost:矛盾,boost:辩证否定"", ""XB3_EXCLUDED"": ""联想思维,推理,boost:联想思维,boost:推理""}, ""explicit_target_modules"": {""B3_POLITICS_RULE_OF_LAW"": [""政治与法治""]}, ""explicit_boundary_modules"": {""XB3_EXCLUDED"": [""推理""], ""B4_PHILOSOPHY_EXCLUDED"": [""辩证否定""]}, ""override"": ""manual_subquestion_split_needed""}",manual_subquestion_split_needed,main_matrix_original
2026_朝阳_期末,2026,朝阳,期末,11,,question,UNKNOWN_OR_MIXED,objective,/Users/wanglifei/Desktop/2026模拟题/2026各区期末和期中/2026朝阳期中/试卷/试卷.pdf,paper,blocked,/Users/wanglifei/Desktop/北京高考政治/reports/必修二三与必修四文化_题源分类准备_20260617_1301/03_question_index/question_candidates.csv,"{""target"": ""B2_ECONOMICS"", ""target_score"": 0, ""boundary"": ""B4_PHILOSOPHY_EXCLUDED"", ""boundary_score"": 0, ""matches"": {}}",manual_review_needed,main_matrix_original
2026_海淀_一模,2026,海淀,一模,12,,question,UNKNOWN_OR_MIXED,objective,/Users/wanglifei/Desktop/北京高考政治/reports/必修二三与必修四文化_题源分类准备_20260617_1301/02_text_cache/ocr_cache/2026_海淀_一模/试卷.ocr.txt,ocr-cache,blocked,/Users/wanglifei/Desktop/北京高考政治/reports/必修二三与必修四文化_题源分类准备_20260617_1301/02_text_cache/ocr_absorbed/2026_海淀_一模.txt,"{""target"": ""B2_ECONOMICS"", ""target_score"": 0, ""boundary"": ""B4_PHILOSOPHY_EXCLUDED"", ""boundary_score"": 0, ""matches"": {}}",manual_review_needed,main_matrix_original
2026_海淀_一模,2026,海淀,一模,13,,question,UNKNOWN_OR_MIXED,objective,/Users/wanglifei/Desktop/北京高考政治/reports/必修二三与必修四文化_题源分类准备_20260617_1301/02_text_cache/ocr_cache/2026_海淀_一模/试卷.ocr.txt,ocr-cache,blocked,/Users/wanglifei/Desktop/北京高考政治/reports/必修二三与必修四文化_题源分类准备_20260617_1301/02_text_cache/ocr_absorbed/2026_海淀_一模.txt,"{""target"": ""B2_ECONOMICS"", ""target_score"": 0, ""boundary"": ""B4_PHILOSOPHY_EXCLUDED"", ""boundary_score"": 0, ""matches"": {}}",manual_review_needed,main_matrix_original
2026_海淀_一模,2026,海淀,一模,18,,question,UNKNOWN_OR_MIXED,subjective,/Users/wanglifei/Desktop/北京高考政治/reports/必修二三与必修四文化_题源分类准备_20260617_1301/02_text_cache/ocr_cache/2026_海淀_一模/试卷.ocr.txt,ocr-cache,blocked,/Users/wanglifei/Desktop/北京高考政治/reports/必修二三与必修四文化_题源分类准备_20260617_1301/02_text_cache/ocr_absorbed/2026_海淀_一模.txt,"{""target"": ""B2_ECONOMICS"", ""target_score"": 16, ""boundary"": ""XB2_EXCLUDED"", ""boundary_score"": 10, ""matches"": {""B2_ECONOMICS"": ""经济与社会,高质量发展,消费,经济增长,boost:经济与社会,boost:高质量发展,boost:经济增长"", ""B3_POLITICS_RULE_OF_LAW"": ""法院"", ""B4_CULTURE"": ""文化"", ""XB2_EXCLUDED"": ""法律与生活,侵权,诉讼,赔偿,boost:法律与生活,boost:侵权,boost:诉讼""}, ""explicit_target_modules"": {""B2_ECONOMICS"": [""经济与社会""]}, ""explicit_boundary_modules"": {""XB2_EXCLUDED"": [""法律与生活"", ""侵权"", ""诉讼""]}, ""override"": ""manual_subquestion_split_needed""}",manual_subquestion_split_needed,main_matrix_original
2026_海淀_一模,2026,海淀,一模,7,,question,UNKNOWN_OR_MIXED,objective,/Users/wanglifei/Desktop/北京高考政治/reports/必修二三与必修四文化_题源分类准备_20260617_1301/02_text_cache/ocr_cache/2026_海淀_一模/试卷.ocr.txt,ocr-cache,blocked,/Users/wanglifei/Desktop/北京高考政治/reports/必修二三与必修四文化_题源分类准备_20260617_1301/02_text_cache/ocr_absorbed/2026_海淀_一模.txt,"{""target"": ""B2_ECONOMICS"", ""target_score"": 0, ""boundary"": ""B4_PHILOSOPHY_EXCLUDED"", ""boundary_score"": 0, ""matches"": {}}",manual_review_needed,main_matrix_original
2026_海淀_二模,2026,海淀,二模,14,,question,UNKNOWN_OR_MIXED,objective,/Users/wanglifei/Desktop/2026模拟题/2026各区二模/2026海淀二模/试卷/2026北京海淀高三二模政治（教师版）.docx,paper,blocked,/Users/wanglifei/Desktop/北京高考政治/reports/必修二三与必修四文化_题源分类准备_20260617_1301/03_question_index/question_candidates.csv,"{""target"": ""B2_ECONOMICS"", ""target_score"": 0, ""boundary"": ""B4_PHILOSOPHY_EXCLUDED"", ""boundary_score"": 0, ""matches"": {}}",manual_review_needed,main_matrix_original
2026_海淀_期末,2026,海淀,期末,12,,question,UNKNOWN_OR_MIXED,objective,/Users/wanglifei/Desktop/2026模拟题/2026各区期末和期中/2026海淀期中/试卷/试卷.docx,paper,blocked,/Users/wanglifei/Desktop/北京高考政治/reports/必修二三与必修四文化_题源分类准备_20260617_1301/03_question_index/question_candidates.csv,"{""target"": ""B2_ECONOMICS"", ""target_score"": 0, ""boundary"": ""B4_PHILOSOPHY_EXCLUDED"", ""boundary_score"": 0, ""matches"": {}}",manual_review_needed,main_matrix_original
2026_海淀_期末,2026,海淀,期末,18,,question,UNKNOWN_OR_MIXED,subjective,/Users/wanglifei/Desktop/2026模拟题/2026各区期末和期中/2026海淀期中/试卷/试卷.docx | /Users/wanglifei/Desktop/2026模拟题/2026各区期末和期中/2026海淀期末/试卷/试卷.pdf,paper,blocked,/Users/wanglifei/Desktop/北京高考政治/reports/必修二三与必修四文化_题源分类准备_20260617_1301/03_question_index/question_candidates.csv,"{""target"": ""B3_POLITICS_RULE_OF_LAW"", ""target_score"": 29, ""boundary"": ""XB2_EXCLUDED"", ""boundary_score"": 21, ""matches"": {""B3_POLITICS_RULE_OF_LAW"": ""政治与法治,中国共产党,人大代表,全过程人民民主,依法行政,严格执法,政府,党组织,基层治理,社会治理,公共服务,boost:政治与法治"", ""B4_PHILOSOPHY_EXCLUDED"": ""实践,人民群众,boost:人民群众"", ""XB2_EXCLUDED"": ""民法典,合同,格式条款,民事,boost:民法典,boost:合同,boost:格式条款,boost:民事""}, ""explicit_target_modules"": {""B3_POLITICS_RULE_OF_LAW"": [""政治与法治""]}, ""explicit_boundary_modules"": {""XB2_EXCLUDED"": [""民法典"", ""合同"", ""民事""]}, ""override"": ""manual_subquestion_split_needed""}",manual_subquestion_split_needed,main_matrix_original
2026_海淀_期末,2026,海淀,期末,19,,question,UNKNOWN_OR_MIXED,subjective,/Users/wanglifei/Desktop/2026模拟题/2026各区期末和期中/2026海淀期中/试卷/试卷.docx | /Users/wanglifei/Desktop/2026模拟题/2026各区期末和期中/2026海淀期末/试卷/试卷.pdf,paper,blocked,/Users/wanglifei/Desktop/北京高考政治/reports/必修二三与必修四文化_题源分类准备_20260617_1301/03_question_index/question_candidates.csv,"{""target"": ""B3_POLITICS_RULE_OF_LAW"", ""target_score"": 12, ""boundary"": ""XB2_EXCLUDED"", ""boundary_score"": 4, ""matches"": {""B2_ECONOMICS"": ""乡村振兴,消费,boost:乡村振兴"", ""B3_POLITICS_RULE_OF_LAW"": ""政治与法治,基层群众自治,民主监督,民主决策,基层治理,社会治理,boost:政治与法治,boost:基层群众自治,boost:基层治理"", ""B4_CULTURE"": ""社会主义核心价值观,boost:社会主义核心价值观"", ""B4_PHILOSOPHY_EXCLUDED"": ""实践,人民群众,boost:人民群众"", ""XB2_EXCLUDED"": ""侵权,侵权责任,boost:侵权,boost:侵权责任""}, ""explicit_target_modules"": {""B3_POLITICS_RULE_OF_LAW"": [""政治与法治""]}, ""explicit_boundary_modules"": {""XB2_EXCLUDED"": [""侵权""]}, ""override"": ""manual_subquestion_split_needed""}",manual_subquestion_split_needed,main_matrix_original
2026_海淀_期末,2026,海淀,期末,20,,question,UNKNOWN_OR_MIXED,subjective,/Users/wanglifei/Desktop/2026模拟题/2026各区期末和期中/2026海淀期中/试卷/试卷.docx | /Users/wanglifei/Desktop/2026模拟题/2026各区期末和期中/2026海淀期末/试卷/试卷.pdf,paper,blocked,/Users/wanglifei/Desktop/北京高考政治/reports/必修二三与必修四文化_题源分类准备_20260617_1301/03_question_index/question_candidates.csv,"{""target"": ""B4_CULTURE"", ""target_score"": 18, ""boundary"": ""XB3_EXCLUDED"", ""boundary_score"": 15, ""matches"": {""B3_POLITICS_RULE_OF_LAW"": ""政治与法治,行政机关,政府,检察,boost:政治与法治"", ""B4_CULTURE"": ""文化,爱国主义,文旅,文物,文创,boost:爱国主义,boost:文旅,boost:文物,boost:文创"", ""B4_PHILOSOPHY_EXCLUDED"": ""矛盾,人民群众,boost:矛盾,boost:人民群众"", ""XB2_EXCLUDED"": ""诉讼,所有权,boost:诉讼,boost:所有权"", ""XB3_EXCLUDED"": ""超前思维,想象,推理,假言判断,充分条件,boost:超前思维,boost:想象,boost:推理,boost:假言判断,boost:充分条件""}, ""explicit_target_modules"": {""B3_POLITICS_RULE_OF_LAW"": [""政治与法治""]}, ""explicit_boundary_modules"": {""XB2_EXCLUDED"": [""诉讼"", ""所有权""], ""XB3_EXCLUDED"": [""超前思维"", ""推理"", ""假言"", ""充分条件"", ""想象""]}, ""override"": ""manual_subquestion_split_needed""}",manual_subquestion_split_needed,main_matrix_original
2026_海淀_期末,2026,海淀,期末,7,,question,UNKNOWN_OR_MIXED,objective,/Users/wanglifei/Desktop/2026模拟题/2026各区期末和期中/2026海淀期中/试卷/试卷.docx,paper,blocked,/Users/wanglifei/Desktop/北京高考政治/reports/必修二三与必修四文化_题源分类准备_20260617_1301/03_question_index/question_candidates.csv,"{""target"": ""B3_POLITICS_RULE_OF_LAW"", ""target_score"": 3, ""boundary"": ""B4_PHILOSOPHY_EXCLUDED"", ""boundary_score"": 3, ""matches"": {""B3_POLITICS_RULE_OF_LAW"": ""中国共产党,全面从严治党,boost:中国共产党"", ""B4_CULTURE"": ""革命精神,boost:革命精神"", ""B4_PHILOSOPHY_EXCLUDED"": ""认识,人民群众,boost:人民群众""}}",manual_review_needed,main_matrix_original
2026_石景山_一模,2026,石景山,一模,3,,question,UNKNOWN_OR_MIXED,objective,/Users/wanglifei/Desktop/2026模拟题/2026各区一模/2026石景山一模/试卷/试卷.pdf,paper,blocked,/Users/wanglifei/Desktop/北京高考政治/reports/必修二三与必修四文化_题源分类准备_20260617_1301/03_question_index/question_candidates.csv,"{""target"": ""B2_ECONOMICS"", ""target_score"": 0, ""boundary"": ""B4_PHILOSOPHY_EXCLUDED"", ""boundary_score"": 1, ""matches"": {""B4_PHILOSOPHY_EXCLUDED"": ""主观能动性""}}",manual_review_needed,main_matrix_original
2026_石景山_一模,2026,石景山,一模,4,,question,UNKNOWN_OR_MIXED,objective,/Users/wanglifei/Desktop/2026模拟题/2026各区一模/2026石景山一模/试卷/试卷.pdf,paper,blocked,/Users/wanglifei/Desktop/北京高考政治/reports/必修二三与必修四文化_题源分类准备_20260617_1301/03_question_index/question_candidates.csv,"{""target"": ""B4_CULTURE"", ""target_score"": 2, ""boundary"": ""XB2_EXCLUDED"", ""boundary_score"": 2, ""matches"": {""B4_CULTURE"": ""文化"", ""XB2_EXCLUDED"": ""继承,boost:继承""}}",manual_review_needed,main_matrix_original
2026_石景山_一模,2026,石景山,一模,6,,question,UNKNOWN_OR_MIXED,objective,/Users/wanglifei/Desktop/2026模拟题/2026各区一模/2026石景山一模/试卷/试卷.pdf,paper,blocked,/Users/wanglifei/Desktop/北京高考政治/reports/必修二三与必修四文化_题源分类准备_20260617_1301/03_question_index/question_candidates.csv,"{""target"": ""B2_ECONOMICS"", ""target_score"": 0, ""boundary"": ""B4_PHILOSOPHY_EXCLUDED"", ""boundary_score"": 0, ""matches"": {}}",manual_review_needed,main_matrix_original
2026_石景山_二模,2026,石景山,二模,3,,question,UNKNOWN_OR_MIXED,objective,/Users/wanglifei/Desktop/2026模拟题/2026各区二模/2026石景山二模/试卷/2026北京石景山高三二模政治（教师版）.docx,paper,blocked,/Users/wanglifei/Desktop/北京高考政治/reports/必修二三与必修四文化_题源分类准备_20260617_1301/03_question_index/question_candidates.csv,"{""target"": ""B2_ECONOMICS"", ""target_score"": 0, ""boundary"": ""B4_PHILOSOPHY_EXCLUDED"", ""boundary_score"": 1, ""matches"": {""B4_PHILOSOPHY_EXCLUDED"": ""事物发展""}}",manual_review_needed,main_matrix_original
2026_西城_一模,2026,西城,一模,10,,question,UNKNOWN_OR_MIXED,objective,/Users/wanglifei/Desktop/2026模拟题/2026各区一模/2026西城一模/试卷/试卷.docx,paper,blocked,/Users/wanglifei/Desktop/北京高考政治/reports/必修二三与必修四文化_题源分类准备_20260617_1301/03_question_index/question_candidates.csv,"{""target"": ""B2_ECONOMICS"", ""target_score"": 0, ""boundary"": ""B4_PHILOSOPHY_EXCLUDED"", ""boundary_score"": 0, ""matches"": {}}",manual_review_needed,main_matrix_original
2026_西城_一模,2026,西城,一模,15,,question,UNKNOWN_OR_MIXED,objective,/Users/wanglifei/Desktop/2026模拟题/2026各区一模/2026西城一模/试卷/试卷.docx,paper,blocked,/Users/wanglifei/Desktop/北京高考政治/reports/必修二三与必修四文化_题源分类准备_20260617_1301/03_question_index/question_candidates.csv,"{""target"": ""B2_ECONOMICS"", ""target_score"": 1, ""boundary"": ""B4_PHILOSOPHY_EXCLUDED"", ""boundary_score"": 0, ""matches"": {""B2_ECONOMICS"": ""基础设施""}}",manual_review_needed,main_matrix_original
2026_西城_一模,2026,西城,一模,6,,question,UNKNOWN_OR_MIXED,objective,/Users/wanglifei/Desktop/2026模拟题/2026各区一模/2026西城一模/试卷/试卷.docx,paper,blocked,/Users/wanglifei/Desktop/北京高考政治/reports/必修二三与必修四文化_题源分类准备_20260617_1301/03_question_index/question_candidates.csv,"{""target"": ""B2_ECONOMICS"", ""target_score"": 0, ""boundary"": ""B4_PHILOSOPHY_EXCLUDED"", ""boundary_score"": 0, ""matches"": {}}",manual_review_needed,main_matrix_original
2026_西城_二模,2026,西城,二模,11,,question,UNKNOWN_OR_MIXED,objective,/Users/wanglifei/Desktop/2026模拟题/2026各区二模/2026西城二模/试卷/2026北京西城高三二模政治（教师版）.docx,paper,blocked,/Users/wanglifei/Desktop/北京高考政治/reports/必修二三与必修四文化_题源分类准备_20260617_1301/03_question_index/question_candidates.csv,"{""target"": ""B2_ECONOMICS"", ""target_score"": 0, ""boundary"": ""B4_PHILOSOPHY_EXCLUDED"", ""boundary_score"": 0, ""matches"": {}}",manual_review_needed,main_matrix_original
2026_西城_二模,2026,西城,二模,15,,question,UNKNOWN_OR_MIXED,objective,/Users/wanglifei/Desktop/2026模拟题/2026各区二模/2026西城二模/试卷/2026北京西城高三二模政治（教师版）.docx,paper,blocked,/Users/wanglifei/Desktop/北京高考政治/reports/必修二三与必修四文化_题源分类准备_20260617_1301/03_question_index/question_candidates.csv,"{""target"": ""B2_ECONOMICS"", ""target_score"": 0, ""boundary"": ""B4_PHILOSOPHY_EXCLUDED"", ""boundary_score"": 0, ""matches"": {}}",manual_review_needed,main_matrix_original
2026_西城_二模,2026,西城,二模,5,,question,UNKNOWN_OR_MIXED,objective,/Users/wanglifei/Desktop/2026模拟题/2026各区二模/2026西城二模/试卷/2026北京西城高三二模政治（教师版）.docx,paper,blocked,/Users/wanglifei/Desktop/北京高考政治/reports/必修二三与必修四文化_题源分类准备_20260617_1301/03_question_index/question_candidates.csv,"{""target"": ""B2_ECONOMICS"", ""target_score"": 0, ""boundary"": ""B4_PHILOSOPHY_EXCLUDED"", ""boundary_score"": 0, ""matches"": {}}",manual_review_needed,main_matrix_original
2026_西城_期末,2026,西城,期末,1,,question,UNKNOWN_OR_MIXED,objective,/Users/wanglifei/Desktop/北京高考政治/reports/必修二三与必修四文化_题源分类准备_20260617_1301/02_text_cache/ocr_cache/2026_西城_期末/2026北京西城高三上期末政治教师版.ocr.txt,ocr-cache,blocked,/Users/wanglifei/Desktop/北京高考政治/reports/必修二三与必修四文化_题源分类准备_20260617_1301/02_text_cache/ocr_absorbed/2026_西城_期末.txt,"{""target"": ""B2_ECONOMICS"", ""target_score"": 0, ""boundary"": ""B4_PHILOSOPHY_EXCLUDED"", ""boundary_score"": 1, ""matches"": {""B4_PHILOSOPHY_EXCLUDED"": ""实践""}}",manual_review_needed,main_matrix_original
2026_西城_期末,2026,西城,期末,12,,question,UNKNOWN_OR_MIXED,objective,/Users/wanglifei/Desktop/北京高考政治/reports/必修二三与必修四文化_题源分类准备_20260617_1301/02_text_cache/ocr_cache/2026_西城_期末/2026北京西城高三上期末政治教师版.ocr.txt,ocr-cache,blocked,/Users/wanglifei/Desktop/北京高考政治/reports/必修二三与必修四文化_题源分类准备_20260617_1301/02_text_cache/ocr_absorbed/2026_西城_期末.txt,"{""target"": ""B2_ECONOMICS"", ""target_score"": 0, ""boundary"": ""B4_PHILOSOPHY_EXCLUDED"", ""boundary_score"": 0, ""matches"": {}}",manual_review_needed,main_matrix_original
2026_西城_期末,2026,西城,期末,18,,question,UNKNOWN_OR_MIXED,subjective,/Users/wanglifei/Desktop/北京高考政治/reports/必修二三与必修四文化_题源分类准备_20260617_1301/02_text_cache/ocr_cache/2026_西城_期末/2026北京西城高三上期末政治教师版.ocr.txt,ocr-cache,blocked,/Users/wanglifei/Desktop/北京高考政治/reports/必修二三与必修四文化_题源分类准备_20260617_1301/02_text_cache/ocr_absorbed/2026_西城_期末.txt,"{""target"": ""B3_POLITICS_RULE_OF_LAW"", ""target_score"": 26, ""boundary"": ""XB2_EXCLUDED"", ""boundary_score"": 7, ""matches"": {""B3_POLITICS_RULE_OF_LAW"": ""政治与法治,人大代表,政协,协商民主,全过程人民民主,国家治理,行政机关,检察,人大常委会,boost:政治与法治,boost:人大代表,boost:政协"", ""B4_PHILOSOPHY_EXCLUDED"": ""人民群众,boost:人民群众"", ""XB2_EXCLUDED"": ""诉讼,boost:诉讼""}, ""explicit_target_modules"": {""B3_POLITICS_RULE_OF_LAW"": [""政治与法治""]}, ""explicit_boundary_modules"": {""XB2_EXCLUDED"": [""诉讼""]}, ""override"": ""manual_subquestion_split_needed""}",manual_subquestion_split_needed,main_matrix_original
2026_西城_期末,2026,西城,期末,6,,question,UNKNOWN_OR_MIXED,objective,/Users/wanglifei/Desktop/北京高考政治/reports/必修二三与必修四文化_题源分类准备_20260617_1301/02_text_cache/ocr_cache/2026_西城_期末/2026北京西城高三上期末政治教师版.ocr.txt,ocr-cache,blocked,/Users/wanglifei/Desktop/北京高考政治/reports/必修二三与必修四文化_题源分类准备_20260617_1301/02_text_cache/ocr_absorbed/2026_西城_期末.txt,"{""target"": ""B2_ECONOMICS"", ""target_score"": 0, ""boundary"": ""B4_PHILOSOPHY_EXCLUDED"", ""boundary_score"": 0, ""matches"": {}}",manual_review_needed,main_matrix_original
2026_通州_期末,2026,通州,期末,10,,question,UNKNOWN_OR_MIXED,objective,/Users/wanglifei/Desktop/2026模拟题/2026各区期末和期中/2026通州期末/试卷/试卷.pdf,paper,blocked,/Users/wanglifei/Desktop/北京高考政治/reports/必修二三与必修四文化_题源分类准备_20260617_1301/03_question_index/question_candidates.csv,"{""target"": ""B2_ECONOMICS"", ""target_score"": 0, ""boundary"": ""B4_PHILOSOPHY_EXCLUDED"", ""boundary_score"": 1, ""matches"": {""B4_PHILOSOPHY_EXCLUDED"": ""实践""}}",manual_review_needed,main_matrix_original
2026_通州_期末,2026,通州,期末,3,,question,UNKNOWN_OR_MIXED,objective,/Users/wanglifei/Desktop/2026模拟题/2026各区期末和期中/2026通州期末/试卷/试卷.pdf,paper,blocked,/Users/wanglifei/Desktop/北京高考政治/reports/必修二三与必修四文化_题源分类准备_20260617_1301/03_question_index/question_candidates.csv,"{""target"": ""B2_ECONOMICS"", ""target_score"": 0, ""boundary"": ""XB1_EXCLUDED"", ""boundary_score"": 1, ""matches"": {""XB1_EXCLUDED"": ""对外开放""}}",manual_review_needed,main_matrix_original
2026_门头沟_一模,2026,门头沟,一模,10,,question,UNKNOWN_OR_MIXED,objective,/Users/wanglifei/Desktop/2026模拟题/2026各区一模/2026门头沟一模/试卷/试卷.pdf,paper,blocked,/Users/wanglifei/Desktop/北京高考政治/reports/必修二三与必修四文化_题源分类准备_20260617_1301/03_question_index/question_candidates.csv,"{""target"": ""B2_ECONOMICS"", ""target_score"": 0, ""boundary"": ""B4_PHILOSOPHY_EXCLUDED"", ""boundary_score"": 0, ""matches"": {}}",manual_review_needed,main_matrix_original
2026_顺义_一模,2026,顺义,一模,2,,question,UNKNOWN_OR_MIXED,objective,/Users/wanglifei/Desktop/2026模拟题/2026各区一模/2026顺义一模/试卷/试卷.pdf,paper,blocked,/Users/wanglifei/Desktop/北京高考政治/reports/必修二三与必修四文化_题源分类准备_20260617_1301/03_question_index/question_candidates.csv,"{""target"": ""B4_CULTURE"", ""target_score"": 1, ""boundary"": ""B4_PHILOSOPHY_EXCLUDED"", ""boundary_score"": 0, ""matches"": {""B4_CULTURE"": ""文化""}}",manual_review_needed,main_matrix_original
2026_顺义_二模,2026,顺义,二模,5,,question,UNKNOWN_OR_MIXED,objective,/Users/wanglifei/GaokaoPolitics/beijing-politics-sync/选必三双宝典_哲学宝典完全对齐返工_2026-05-25/12_reasoning_exercise_compilation_20260531/ocr_cache/d421a3c0899e/merged.ocr.txt,ocr-cache,blocked,/Users/wanglifei/Desktop/北京高考政治/reports/必修二三与必修四文化_题源分类准备_20260617_1301/02_text_cache/ocr_absorbed/2026_顺义_二模.txt,"{""target"": ""B2_ECONOMICS"", ""target_score"": 0, ""boundary"": ""B4_PHILOSOPHY_EXCLUDED"", ""boundary_score"": 0, ""matches"": {}}",manual_review_needed,main_matrix_original
