suite_id,question,source_type,reason,snippet
2024_东城_二模,3,rubric,source_not_paper_or_ocr_cache,"哲学层面: 1基于规律和实际(实践)证明桑基鱼塘的科学价值:尊重规律/一切从实际出发。 2基于辩证法说明桑基鱼塘的发展过程:如发展的观点/联系的观点/立足整体/系统优化/辩证否定等。 3基于群众观点及价值观内容,体现科学价值观的标准和作用:人民主体地位、群众观点。 (每一点结合材料2分,三点可得7分) 学生问题"
2024_海淀_二模,18,paper,could_not_find_two_or_more_subquestion_markers,"(16分)民主是人类文明发展进步的重要标志,是全人类共同价值。 资料包 来自不同国家嘉宾的观点: 嘉宾1:进入21世纪后,全球南方国家纷纷崛起,这些国家在国际舞台上发挥着越来越重要的作用。随着成员国数量的增加,金砖国家合作机制的整体力量增强,削弱“单极主导地位”的力量随之增大。现在,二十国集团、上海合作组织等其他国际组织和框架也发挥着越来越重要的作用。 嘉宾2:人工智能、大数据等技术在提供便利的同时,也使社会出现两极分化。然而,目前并没有一个有效、民主的全球治理体系来应对这些挑战。如今全球各国经济和政治力量已经发生很大改变,很多新兴国家和经济体对全球事务有相当大的影响力,但在国际组织中的代表性却仍然不够。 嘉宾3:2024年为“全球南方”合作的丰收年,期待和各方共同点亮全球治理的“南方时刻”。“全球治理体系中的广大南方国家不应停止前进的脚步,南方国家在区域和全球治理中都要发出自己的声音”。 资料包 来自不同国家嘉宾的观点: 嘉宾1:进入21世纪后,全球南方国家纷纷崛起,这些国家在国际舞台上发挥着越来越重要的作用。随着成员国数量的增加,金砖国家合作机制的整体力量增强,削弱“单极主导地位”"
2025_丰台_一模,20,paper,could_not_find_two_or_more_subquestion_markers,"北京“两区”建设助力开放型经济迈上新台阶。 北京“两区”是指国家服务业扩大开放综合示范区和中国(北京)自由贸易试验区建设。2021 年至 2023 年,北京地区货物贸易进出口额连续突破 3 万亿元,服务贸易规模保持全国前三。2024 年,全市新 设外资企业数量同比增长 16.4%。北京“两区”建设作为深化改革开放的试验田,自成立以来,采取了多 项措施: 便利贸易投资 ➢ 出台《北京市外商投资条例》 ,推出“北京市全球服务伙伴计划”并为首批 13 家 伙伴企业授牌; ➢ 实行“合格保证+符合性验证”检验监管模式,实现进口机电设备“分钟通关”; ➢ 发布全国首个场景化、字段级自贸试验区数据出境负面清单。 助力科技创新 ➢ 在全国率先推出国际职业资格认可目录,推动职业资格从单边认可到双向互认; ➢ 在全国先行先试高新技术企业“报备即批准”、公司型创投企业所得税优惠、技 术转让所得税优惠等政策。 结合材料,运用《经济与社会》 《当代国际政治与经济》知识,说明北京“两区”建设的举措是如何助力 开放型经济迈上新台阶的。"
2025_朝阳_二模,18,paper,could_not_find_two_or_more_subquestion_markers,"(6 分)进一步织密社会保障安全网,促进我国社会保障事业高质量发展。 【异地结算和就业地参加医保】 2023 年1 月,跨省异地就医直接结算正式实施。2024 年8 月,国务院办公厅发布《关于健全基本医疗保 险参保长效机制的指导意见 》,提出超大城市要取消灵活就业人 员、农民工、新就业形态人员在就业地参 加基本医保的户籍限制,做好在就业地参加职工医保工作。 【实施个人养老金制度】 自 2024 年 12 月 15 日起,我国全面实施个人养老金制度。个人养老金制度是指政府政策支持、个人自 愿参加 、市场化运营 、实现养老保险补充功能的制度 。个人养老金缴费 由参加人承担 ,每年缴费上限为 12000 元,可享受个人所得税税前优惠扣除 。在达到领取基本养老金年龄等法定条件时,居民可领取个人养 老金。 【新就业形态劳动者社保缴纳】 新就业形态人员就业方式灵活,劳动关系缺乏明确界定和规范。2025 年 3 月,某大型平台企业与超一万 名全职骑手签署正式劳动合同,并承担外卖全职骑手缴纳五险一金的所有成本。 结合材料,运用《经济与社会》知识,说明上述举措对促进我国社会保障事业高质量发展的作用。"
2025_朝阳_二模,21,paper,could_not_find_two_or_more_subquestion_markers,42.pdf ## Source Metadata - source_path: `C:\Users\Administrator\Desktop\2025各区模拟题\2025各区二模\2025朝阳二模\其他材料\扫描全能王 2025-05-13
2025_朝阳_期末,17,paper,could_not_find_two_or_more_subquestion_markers,"(8分)民主,起始于人民意愿充分表达,落实于人民意愿有效实现。中国的民主是人民民主。 材料一 立法到社区 某街道基层立法联系点工作深入到社区,围绕省人力资源市场条例草案征集立法建议,组织包括居民、政府相关部门工作人员、人大代表、政协委员、律师、党员群众代表等一起认真讨论草案,充分发表意见和建议。该街道基层立法联系点是“国家、省、市”三级基层立法联系点,近两年来,共有23部国家法律草案在此吸纳民意,激发了群众参与立法的热情。 材料二 议事惠民生 某政协委员履职小组围绕“如何让群众在家门口能有好去处?”展开了摸底调研,线上平台发问卷,协商驿站听民意,睦邻客厅汇民声......随后,履职小组发起民生议事堂协商,讨论闲置老谷仓的改造,形成可行方案,得到当地镇党委、镇政府和相关职能部门的积极回应,助推民生实事项目加速落地,催生了当地谷仓文化产业园。 材料三 基层有合力 某村发挥党建引领作用,通过搭建村两委——人大代表——村民三方“小板凳说事”平台,建立起一套有效的基层群众自治模式,推动形成合力,以民事民管、民事民议、民事民办的共治路径助力乡村全面振兴,建成了“全国民主法治示范村”。 结合材料,运"
2025_海淀_期末,17,paper,could_not_find_two_or_more_subquestion_markers,"7 月 30 日,中共中央政治局召开会议,指出要有力有效支持发展瞪羚企业。 在我国,对瞪羚企业的政策支持始于北京中关村科技园区。近期,某市推出了一系列政策: ·为瞪羚企业提供一定的财政补贴,用于购买设备、引进技术、开展市场调研等。 ·为瞪羚企业提供一定的税收优惠,如减免企业所得税、增值税等。 ·积极引导金融机构为瞪羚企业提供融资支持,包括贷款、担保等方式。 ·给予瞪羚企业在人才引进方面的支持,包括提供人才公寓、给予人才引进补贴等。 运用《经济与社会》知识,说明上述政策将如何促进瞪羚企业发展。"
2025_海淀_期末,19,paper,could_not_find_two_or_more_subquestion_markers,"某中学党支部组织党员教师共同学习修订后的《中国共产党纪律处分条例》 。下面是部分学习内容。 [修改解读] 第三十条是在原有条款上修订而来的,这一条款的修订主要有两个方面。一是针对 实践中多发易发的违法行为,充实规定了党员有其他 “破坏社会主义市场经济秩序、违 反治安管理等”违法行为,损害党、国家和人民利益的,应当视具体情节给予处分。二 是基于当前实际,增加了对违反国家财经纪律行为的党纪处分规定,明确 “违反国家财 经纪律,在公共资金收支、税务管理、国有资产管理、政府采购管理、金融管理、财务 会计管理等财经活动中有违法行为的 ”,视情节给予党纪处分,进一步突出了对违反财 经纪律行为的惩戒。 结合材料,运用《政治与法治》知识,分析上述条款修订的原因。"
2025_海淀_期末,20,paper,could_not_find_two_or_more_subquestion_markers,"党的二十届三中全会提出要统筹建立粮食产销区省际横向利益补偿机制。 目前我国有 13 个粮食主产区、7 个主销区和 11 个产销平衡区。粮食主产区贡献了全国 75%以上的粮 食。但长期以来,由于种粮收益低、对财政贡献小,主产区往往面临 “产粮多、经济弱、财政穷 ”的困境。 针对这一状况,我国建立了以国家财政转移支付为主的纵向补偿机制。在这一机制下,中央政府是唯一的 补偿主体,目前难以进一步增加财政支持力度。 考虑到多数主销区经济较为发达,我国提出建立横向利益补偿机制。统筹考虑主产区和主销区粮食生 产、流通、消费等相关因素,由主销区给予主产区一定的资金支持,并进一步拓展产业、人才、技术服务 等协作方式,使农民种粮不吃亏、主产区抓粮不吃亏。 结合材料,运用《经济与社会》知识,说明我国建立粮食产销区省际横向利益补偿机制的意义。"
2025_石景山_一模,17,paper,could_not_find_two_or_more_subquestion_markers,"(16 分) 宣言,指国家、政府、政党等为了对某重大问题表明立场和态度而公开发表的文件。2024 年,多个面向全 球的“北京宣言”发布, “中国之治”随之与世界共享。 材料一 在北京接诉即办改革论坛上,发布了《城市治理现代化北京宣言 (2024)》 。北京近 年来进行以 12345 市民热线为主渠道的接诉即办改革,探索形成了以市民诉求驱动超大城 市治理现代化之路。下列是北京接诉即办改革的重要举措。 ●将“接诉即办”作为各级党委政府“一把手”工程进行顶层设计,打破行政组织“条块 分割” ,把街乡镇作为基层治理的基本单元,形成权责清晰、条块联动的体制机制,高效解决群众急难愁 盼问题。 ●市人大常委会制定《北京市接诉即办工作条例》 ,明确规定接诉即办的工作体系和机制、诉求人的权利和 义务等,让基层治理更加规范。 ●最大限度动员人民群众参与城市建设,广大市民成为城市治理问题的发起者、治理过程的参与者、治理 成效的获得者、治理程序的监督者。 结合材料一,运用《政治与法治》知识,说明北京是如何通过接诉即办改革实现大城善治的。 (8 分) 材料二 通过多个“北京宣言” ,中国积极为完善全球治理贡献智"
2026_东城_期末,19,paper,could_not_find_two_or_more_subquestion_markers,"改革与法治,如同“鸟之两翼、车之两轮”,共同驱动国家治理体系和治理能力现代化。 第7页/共9页 《粮食安全保障法》将政策治理提 升为法治保障, 《民法典》以法典 化方式确认民事法治建设经验, 《乡村振兴促进法》将三农领域改 革经验上升为法律规范,为未来改 革发展提供了稳定的法治预期。 修订《国务院组织法》等法律法 规,推进政府机构改革、“放管 服”改革; 《海南自由贸易港法》让 海南自由贸易港建设有了重要遵 循;全国人大常委会授权上海创设 “浦东新区法规”,深化改革。 完善司法体制机制、综合 执法体制机制等改革,推 进司法领域“当事人一件 事”集成改革;健全覆盖 城乡的公共法律服务体 系,改进法治宣传教育。 结合材料,运用《政治与法治》知识,说明法治中国建设是如何在改革与法治的良性互动中不断推进的。"
2026_丰台_期末,19,rubric,source_not_paper_or_ocr_cache,"(6分)遗赠扶养协议纠纷案宣判。 【案情简介】某社区居委会与曹某签订协议,约定由某居委会定时定员结对子照 看关心曹某,每月给予曹某基本生活费,免费看病诊治,逢年过节给予曹某各类生 活补助及慰问生活用品等,养老至寿终;曹某现有的动产和不动产在曹某寿终后, 产权移交某居委会。此后,某居委会按照约定履行扶养义务。曹某去世后,曹某的 四个子女要求继承遗产,与该居委会产生争议。该居委会遂将曹某的四个子女等人 诉至法院,请求判令:(1)确认某居委会与曹某签订的协议有效;(2)曹某名下 的房屋、股权、现金、存款归某居委会所有。 【裁判结果】法院认为,案涉协议符合法律有关遗赠扶养协议的规定,属于有效 的遗赠扶养协议;原告某居委会对被扶养人曹某已尽到扶养义务,判决被继承人曹 某安置所得的房屋以及其生前遗留的股权、现金、银行存款本息归某居委会所有。 结合材料,运用《法律与生活》知识,分析本案判决的社会价值。 知识板块:经济与社会 能力板块:预测与选择 解释与论证 回应问题 评分标准 问题1:有利条件(2分) 党的领导/国家顶层设计/政府宏观调控、数据资源、完整产业体系、超大规模市 场、人才资源。 Ø 答出"
2026_房山_一模,18,rubric,source_not_paper_or_ocr_cache,"(1)答案示例(6分) 北京立足实践,坚持系统治理,统筹四大结构调整,实现整体推进;坚持久久为功,以日积月累推动空气质量稳步提升,实现从量变到质变;坚持精准施策,聚焦重点领域,分区分类、“一企一策”,做到具体问题具体分析。 18(1)细则 (1+1)*3=6分 ♣2分 治理路径一:整体性/分析与综合/联系/系统优化 ♣2分 治理路径二:矛盾分析法/具体问题具体分析/两点论与重点论统一/分析与综合 ♣2分 治理路径三:动态性/质量互变/发展 ♣1分 立足实践/注重实践 总分值不超过6分 18(2)答案示例(8分) 坚持党的领导,编纂生态环境法典提供根本政治保证;立足建设美丽中国的国情实际,聚焦生态环境治理重点,立良善之法,立管用之法;遵循法律体系的内在逻辑和立法工作规律,遵循立法程序,使党关于编纂生态环境法典的主张通过法定程序上升为国家意志;坚持民主立法,开展立法协商,广泛凝聚社会共识;合理设定地方政府、司法机关等国家机关权力与责任,更好保障人民权利。 18(2)细则 实际阅卷细则:1*2+2*3=8分 ♣1分 坚持党的领导/领导立法 ♣1分 立足建设美丽中国的国情实际/立良善之法,立管"
2026_朝阳_一模,17,paper,could_not_find_two_or_more_subquestion_markers,"博物馆作为城市的文化名片,承载着历史记忆与文明薪火。 《北京博物馆之城建设发展规划(2024-2035) 》提出,支持朝阳区等地建设博物馆之城示范区。某校 同学聚焦“朝阳区全力打造馆城相融的博物馆之城”话题,开展学习实践活动。 【学习理论】 馆城融合发展是指推动博物馆与城市空间、历史文化、公共服务、产业经济深度融合,将博物馆嵌入 社区、公园、交通场站、商圈及历史街区,让博物馆成为城市功能、市民生活与城市风貌的有机组成部 分,实现以文兴城、以城载馆、馆城共生。 【参与实践】 在馆城融合发展政策引领下,中国铁路博物馆开展“快闪博物馆”进校园活动,并向同学们征集博物 馆文创产品设计方案,以增强文创产品的市场竞争力。某小组同学拟借助生成式人工智能大模型为文创设 计提供思路(见下图) 。 AI 任务指令: 请依据爆款文创产品受好评的高频词汇:设计、手工、做工、礼物、材质、包装、博物馆等,概括爆款 博物馆文创产品的三个特点。 AI 结论:"
2026_朝阳_一模,3,paper,could_not_find_two_or_more_subquestion_markers,"非遗变脸与机械武术同台演绎,自制旋转木马讲解力学原理,机器人乐队、科普实验轮番亮相⋯⋯某地 以春节科普活动为契机,实现“科普+文化”“科普+非遗”相融合,让观众在感受年味的同时,轻松读懂 传统文化背后的科学密码。这体现出( ) 1春节成为全民科学素养提升的主阵地和文化传播的新平台 2科普让科学精神融入日常生活,让文化自信浸润中华大地 3只有抓住主要矛盾,才能实现民族文化与外来文化的交融 4坚持辩证否定,可以使传统文化在科技赋能下焕发新的光彩 A. 13 B. 14 C. 23 D. 24 第2页/共13页"
2026_海淀_一模,18,rubric,source_not_paper_or_ocr_cache,"(15 分) (1)全国居民人均服务性消费支出总体上升,服务性消费占比不断提高,居民消费结构优化。(2 分) (2)提振消费,扩大内需,拉动经济增长,增强国内大循环的内生动力;引导和带动服务业以及相 关产业发展,推动产业结构优化,推动供给侧结构性改革;满足人民群众多样化、多层次、多方面 的需求,提升生活品质;同时创造更多就业岗位,改善民生福祉。(6 分) 高三思想政治参考答案 第 4 页 (3)1支持原告诉讼请求。 (1 分) 2根据民法典规定,任何组织或者个人不得以刺探、侵扰、泄露、公开等方式侵害他人的隐私权。 消费者在经营者提供的包间内的活动具有私密性,商家在社交平台公开张某等人包厢内监控录像片 段、网络聊天信息等,构成对消费者隐私权的侵害,应当承担停止侵权、赔礼道歉等侵权责任。商 家的行为侵犯了消费者合法权益。(3 分) 3经营者应当保护消费者的知情权。根据消费者权益保护法规定,经营者向消费者提供有关商品或 者服务的质量、性能、用途、有效期限等信息,应当真实、全面,不得作虚假或者引人误解的宣传。 赵某虚假宣传其有“治疗糖尿病并发症”等功效,夸大功效,诱导消费,构成欺诈,应当退款并"
2026_海淀_期末,18,paper,could_not_find_two_or_more_subquestion_markers,"(8分) 人民城市人民建,人民城市为人民。党的十八大以来,各地把人民城市理念融入城市发展全过程和城市工作各方面、不断提高城市治理现代化水平 上海 重庆 北京 “支部建在街面上”。针对沿街商铺用工灵活、快递小哥高频流动等变化,在社区、楼宇、园区等围墙之外的街区,建立党组织,设街区党支部书记,让每一个人都能就近找到党组织,使党建引领这根红线贯穿基层治理全过程各方面。 民生实事项目人大代表票决制全面铺开以群众按需“点单”、代表票决“选单”。政府依法“领单”、人大跟进“查单”的形式,建立起民生实事项目“群众捉——代表定——政府办——人大评”的工作机制,推进城市治理。 创新探索“接诉即办”12345市民服务热线依民生大数据、人工智能,成为民生大数据平台与城市治理平台政府部门通过大数据与模型算法,筛查突发诉求,并结合来自市民“第一现场”的信息反馈,有效提升城市风险的监测感知与预警能力。 运用《政治与法治》知识,阐释上述城市践行人民城市理念的实践。"
2026_海淀_期末,19,paper,could_not_find_two_or_more_subquestion_markers,"(6分) 2025年6月底,两部有关基层群众自治组织制度的基本法律——村民委员会组织法和城市居民委员会组织法(以下简称“两委”相织法)同时迎来修改。某班同学讨论“两委”组织法修改的意义,查阅到以下资料。 资料包 随着乡村振兴战略全面实施,农村面貌正在发生翻天覆地的变化,同时,我国城镇化进程加快,城市规模在不断扩大......基层治理实践积累了一些新的经验做法,也面临一些新情况新问题。 村民委员会组织法修改草案明确村民委员会职责,增加其引导村民践行社会主义核心价值观、铸牢中华民族共同体意识的职责规定。同时,规范了村民会议的召开频次,规定村民会议每年至少召开一次。 城市居民委员会组织法在选举方面作出完善。明确户籍不在本社区但在本社区常住的居民、在本社区工作六个月以上的社区工作者可依法参加选举;明确要完善居民委员会的职责任务,增加了引导居民践行社会主义核心价值观、指导协助设立业主大会等内容。 参考资料包,运用《政治与法治》知识,说明此次“两委”组织法修改的意义。"
2026_海淀_期末,20,paper,could_not_find_two_or_more_subquestion_markers,"(7分) 用好红色资源,赓续红色血脉。2025年9月,最高人民检察院发布“铭记抗战历史,传承抗战精神”检察公益诉讼典型案例。以下是其中的一则案例。 【基本案情】 1937年9月,八路军一二○师由陕西东渡黄河进入山西抗日前线,在神池县设立指挥部。新中国成立后,地方政府将指挥部旧址房屋分给村民居住,几经易主存续至今。2015年8月,该旧址被忻州市人民政府公布为第二批市级文物保护单位。因产权归住户所有,为改善生活,住户加建牛棚、更换现代门窗,严重破坏了文物历史风貌,旧址面临损毁风险。 【履职情况】 神池县人民检察院提起行政公益诉讼并向县文旅局、文物所在地镇政府制发行政公益诉讼检察建议,督促相关单位依法履行文物保护职责。人民检察院协调镇政府与住户协商,在妥善保障住户权益的前提下,通过置换补贴方式依法取得房屋所有权。之后,县文旅局依法设立文物保护标识,确定文物保护直接责任人,并申请专项资金进行全面修缮,恢复了旧址的历史风貌。 运用《政治与法治》知识,说明这一案例的入选理由。"
2026_西城_期末,18,rubric,source_not_paper_or_ocr_cache,"1邀请人大代表、政协委员、人民监督员、专家学者等多方参与案件磋商、听证及 “回 头看”,广泛听取各方意见建议,既保障了人民群众的知情权、参与权和监督权,又 践行了全过程人民民主的理念,让治理过程充分汇聚民意。 2检察机关依法履行法律监督职责,通过公益诉讼推动行政机关依法履职,针对整改不 力单位联动多方跟进督促,以法治思维和法治方式破解公共利益保护难题,彰显了法 治在国家治理中的重要作用。 3检察机关联动人大、行政部门、政协等多方主体协同发力,遵循民主基础上的集中、 集中指导下的民主原则,有效整合治理资源,凝聚治理合力,显著提升了公共事务治 理效能。 4以磋商、听证等协商方式搭建沟通平台,与各方凝聚整改共识、推动问题落地解决, 精准体现了协商民主的治理特色,让公益诉讼治理更具科学性和认可度。"
