suite_id,parent_question,component_question,new_book_module,question_type,parent_prior_status,parent_prior_book_module,rule_id,matched_terms,basis,evidence_source_type,evidence_source,evidence_text
2024_东城_二模,17,17#B2_COMPONENT,B2_ECONOMICS,subjective,blocked,UNKNOWN_OR_MIXED,REMAINING_B2_COMPONENT_SALINE_LAND_ECONOMY,"运用《经济与社会》知识,土地资源优化配置,企业参与规模化经营,特色农业,旅游业",第 17 题(1)明确限定《经济与社会》；第 17 题(2)为推理，作为非目标余项处理。,ocr-cache,/Users/wanglifei/Desktop/北京高考政治/reports/必修二三与必修四文化_题源分类准备_20260617_1301/02_text_cache/ocr_absorbed/2024_东城_二模.txt,"(12 分)盐碱地上播种新希望。 近年来,在盐碱地治理中,某地探索出“盐碱荒滩”转化为“金山银山”的科学 路径。 >坚持人与自然和谐共生理念,利用理论、技术、产业创新,宜粮则粮、宜林则 林、宜湿则湿,采用“林、水、土”盐碱化综合治理措施,改良盐碱地土壤结构、提高盐 碱地土壤肥力,改善植物生长环搅,构筑“大良田”,打造“生态绿洲”。 >该地充分发挥盐碱地生态修复累积效益,以“土地”资源优化配置为核心,通 过“科研院所十基地十公司”“龙头企业十基地十农户”等多种形式,流转农村土地"
2024_顺义_二模,17,17#B2_COMPONENT,B2_ECONOMICS,subjective,blocked,UNKNOWN_OR_MIXED,REMAINING_B2_COMPONENT_PROPERTY_SYSTEM_ECONOMIC_DEVELOPMENT,"财产制度,经济社会发展,市场主体预期,创新创业动力,高质量发展",题目虽有财产权法律基础，但细则落到市场主体预期、创新创业动力和经济高质量发展，抽入 B2 组件。,paper,/Users/wanglifei/Desktop/北京高考政治/reports/必修二三与必修四文化_题源分类准备_20260617_1301/02_text_cache/texts/33010f3bed39e275.txt,"(9分)某校学习小组围绕“财产制度助力经济社会发展”的议题开展探究,搜集整理的资料如下。 结合材料,运用所学知识,说明我国财产制度改革如何助力经济社会发展。"
2024_顺义_二模,19(1),19(1)#B2_COMPONENT,B2_ECONOMICS,subjective,blocked,UNKNOWN_OR_MIXED,REMAINING_B2_COMPONENT_NEW_QUALITY_PRODUCTIVE_FORCES_SYSTEM,"社会主义基本经济制度,传统生产力,新质生产力,生产要素,市场经济体制",父题原卷第 19 题(1)明确要求从社会主义基本经济制度角度说明新质生产力跃升。,paper,/Users/wanglifei/Desktop/北京高考政治/reports/必修二三与必修四文化_题源分类准备_20260617_1301/02_text_cache/texts/33010f3bed39e275.txt,"(15分) 生产力是社会进步的根本内容,是衡量社会进步的根本尺度。 结合材料,从社会主义基本经济制度的角度说明如何实现从传统生产力到新质生产力的跃升?(7分) 在世界新一轮科技革命和产业变革的时代浪潮中,勇当乘风破浪的弄潮儿,向着产业科技高峰全力攀登,围绕发展新质生产力,国家及各部门各地方各行业都积极行动起来。2024年《政府工作报告》提出,大力推进现代化产业体系建设,加快发展新质生产力。加快前沿新兴氢能、新材料、创新药等产业发展,积极打造生物制造、商业航天、低空经济等新增长引擎。制定未来产业发展规划,开辟量子技术、生命科学等新赛道。开展“人工智能+”行动。 (2)结合材料,综合运用《政治与法治》和《当代国际政治与经济》知识,说明我国积极推动新质生产力发展的原因。(8分) (10分)拥有科学理论的政党,才拥有真理的力量;科学理论指导的事业,才拥有光明的前途。 中国共产党之所以能够带领人民在一次次求索、一次次挫折、一次次开拓中完成中国其他各种政治力量不可能完成的艰巨任务,根本在于不断推进马克思主义中国化时代化。在推进马克思主义中国化时代化的历史进程中,产生了毛泽东思想、邓小平理论、“三个代表”重要思想、科学发展观、习近平新时代中国特色社会主义思想,使马克思主义在中国焕发出强大生命力。党的二十大报告指出:“不断谱写马克思主义中国化时代化新篇章,是当代中国共产党人的庄严历史责任。” 科学的理论总是与伟大的实践相互激荡。坚持以马克思主义为指导,最终要落实到怎么用上来。 当今世界正在经历百年未有之大变局,处在民族复兴关键时期的当代中国正在经历着有史以来最为广泛而深刻的社会变革,正在推进中国式现代化这一人类历史上非常宏大而独特的实践创新,中国之问、世界之问、人民之问、时代之问给我们提出的新考题比过去更复杂、更难,迫切需要我们从理论与实践的结合上提交答案。党的二十大报告指出:从现在起,中国共产党的中心任务就是团结带领全国各族人民全面建成社会主义现代化强国、实现第二个百年奋斗目标,以中国式现代化全面推进中华民族伟大复兴。 (1)我们如期完成脱贫攻坚、全面建成小康社会的历史任务,实现了第一个百年奋斗目标。党的二十大对全面建设社会主义现代化国家新征程进行了总的战略安排。完成下表。(2分) 结合材料,综合运用所学,谈谈对实现中华民族伟大复兴需要“不断谱写马克思主义中国化时代化新篇章”的认识。(8分)"
2025_东城_二模,3,3#B4_COMPONENT,B4_CULTURE,objective,blocked,UNKNOWN_OR_MIXED,REMAINING_B4C_COMPONENT_ART_WITH_ERA_AND_PEOPLE,"优秀艺术作品,时代同频,为人民发声,艺术创作",客观题同时含实践认识与艺术文化判断点；文化判断点单独抽入 B4_CULTURE。,paper,/Users/wanglifei/Desktop/北京高考政治/reports/必修二三与必修四文化_题源分类准备_20260617_1301/02_text_cache/texts/9b287871f660f23d.txt,"油画《没有共产党就没有新中国》 (右图),从一个很小的视角反映出伟大变 革时期一个生动感人的场景:1949 年 1 月 31 日,北平和平解放不久的早春季 节,在正阳门小广场,一位军管会女兵在教小朋友们学唱解放区的 “流行歌 曲”。这一场景及情节源于油画创作者的亲身经历。对此,下列认识正确的有 1艺术家只有亲身经历才能够创作出优秀作品 2艺术创作离开生活就是无源之水、无本之木 3优秀艺术作品总是与时代同频、为人民发声 4生活和艺术的斗争性是绝对的,是创作动力 A.12 B.14 C.23 D.34"
2025_延庆_一模,8,8#B4_COMPONENT,B4_CULTURE,objective,blocked,UNKNOWN_OR_MIXED,REMAINING_B4C_COMPONENT_LONG_MARCH_SPIRIT,"长征精神,革命理想,伟大斗争",长征精神/革命精神属于文化成分；哲学或中特余项不吞掉文化组件。,paper,/Users/wanglifei/Desktop/北京高考政治/reports/必修二三与必修四文化_题源分类准备_20260617_1301/02_text_cache/texts/94785525e6452e6f.txt,"长征是人类历史上的伟大奇迹,是中国革命发展史上的里程碑,红军长征的伟大胜利彪炳史册。革命理 想高于天,不怕牺牲、排除万难去争取胜利,面对形形色色的敌人决一死战、克敌制胜,这些都是长征精 神的内涵。 长征历经坎坷取得胜利,这启示我们( ) 1要发挥意识的决定作用,坚定理想信念,化失利为胜利 2要正确看待现代化建设新征程中的困难,坚持道路自信 3要以实践为先导应对纷繁复杂的国际形势,化危为机 4要在迅速变化的时代中赢得主动,就要开展新的伟大斗争 A. 12 B. 13 C. 24 D. 34"
2025_西城_二模,3,3#B2_COMPONENT,B2_ECONOMICS,objective,blocked,UNKNOWN_OR_MIXED,REMAINING_B2_COMPONENT_GREEN_DEVELOPMENT_HIGH_QUALITY,"高质量发展,绿色动能,全民义务植树尽责形式",客观题含生态实践哲学项，但高质量发展和绿色发展动能为 B2 经济组件。,paper,/Users/wanglifei/Desktop/北京高考政治/reports/必修二三与必修四文化_题源分类准备_20260617_1301/02_text_cache/texts/06c08602a2f5c20b.txt,"我国人工林面积居世界首位,是全球增绿最多的国家。现在, 适龄公民履行植树义务有造林绿化、抚 育管护、自然保护、认种认养、设施修建、捐资捐物、志愿服务、其他形式等八大类,并有各自的折 算标准,例如林中悬挂人工鸟巢 1 个,折算 1 株植树任务;认养和保护古树名木 1 株,折算 3 株植树 任务......下列认识正确的是 1创新全民义务植树尽责形式,可以方便适龄公民就近、适时、多样尽责 2增绿就是增优势,可以为高质量发展注入强劲绿色动能 3植树就是植未来,以变革社会的实践推动美丽中国建设 4良好生态是重要的公共物品,具有排他性,需要人人尽责 第2页/共10页 A.12 B. 14 C.23 D. 34"
2025_西城_二模,5,5#B2_COMPONENT,B2_ECONOMICS,objective,blocked,UNKNOWN_OR_MIXED,REMAINING_B2_COMPONENT_NEW_FARMERS_RURAL_REVITALIZATION,"新农人,农创客,家庭农场,优质农产品,研学课程,乡村全面振兴",客观题含人生价值判断，但乡村振兴和返乡创业经济成分明确，抽入 B2 组件。,paper,/Users/wanglifei/Desktop/北京高考政治/reports/必修二三与必修四文化_题源分类准备_20260617_1301/02_text_cache/texts/06c08602a2f5c20b.txt,"据统计,全国各类返乡入乡创业人员人超过了 1200 万人,相比大多数青年向往大城市,他们选择了扎 根泥土,成为“新农人”“农创客” 。有的回村办起家庭农场,鼓舞起全村干劲,优质农产品不愁销; 有的依托当地民俗传说、农耕技艺、山水风光,开发打造研学课程,让曾经的产业空心村有了新支柱。 “新农人”“农创客”的选择 1彰显了他们的价值追求和人生理想 2超越了社会所提供的客观条件,实现了自己的价值 3会助力乡村全面振兴,展现了青年责任和担当 4把握住了人生际遇,实现了个人与社会的转化 A.12 B. 13 C.24 D. 34"
2025_东城_期末,19(3),19(3)#B3_COMPONENT,B3_POLITICS_RULE_OF_LAW,subjective,blocked,UNKNOWN_OR_MIXED,REMAINING_B3_COMPONENT_COMMUNITY_CONSENSUS_AUTONOMY,"居民会议,居委会,民主协商,民主决策,达成共识",第 19(3) 参考答案同时含法律相邻关系和基层群众自治；其中协商民主/基层自治部分抽入 B3。,paper,/Users/wanglifei/Desktop/北京高考政治/reports/必修二三与必修四文化_题源分类准备_20260617_1301/02_text_cache/texts/8eda36bd87dba194.txt,"【分析】(1)本题要求回答材料中面临的法律问题。 “电动自行车存放、充电场所应当配备必要的消防 器材,充电设施应当具备充满自动断电功能。 ”可知面临充电柜是否符合安全标准的问题。 “改变共有部 分的用途或者利用共有部分从事经营活动。 ”可知面临公共区域的所有权问题。 (2)本题要求回答解决电动自行车“安家难”涉及的利益相关方。甲和乙的观点说明社区电动自行车 的充电问题涉及居民;丙的观点说明涉及物业、街道办事处和消防部门等利益相关方。 第19页/共20页 (3)本题要求回答如何更好地解决居民分歧,达成共识。从《政治与法治》的角度看,解决社区居民 的问题,最好发挥基层群众自治的作用,通过召开居民会议,居委会介绍方案并进行民主协商、民主决 策,就充电柜设置问题达成共识。从《法律与生活》的角度看,解决邻里之间的问题,应该按照方便生 活、团结互助、公平合理的原则,正确处理相邻关系。 【解答】(1) 充电柜是否符合安全标准、公共区域的所有权等; (2) 街道办事处、消防部门等; (3) 1应当按照方便生活、团结互助、公平合理的原则,正确处理相邻关系,促进和谐。 2通过召开居民会议,居委会介绍方案并进行民主协商、民主决策,就充电柜设置问题达成共识。 【点评】(1)(2)属于简答题,难度较低。解答此类主观题需要考生夯实基础,加强知识储备,准确获 取和解读材料信息,直问直答,无需作过多分析。 (3)本题为措施类试题,解答这类题目时采用定点法,具体的解题思路是: 一是从教材找方法。要认真回想教材相关方面的知识,不能随意乱想。 二是从材料中找方法。如果材料呈现的是问题,那么材料中问题的反面就是方法。 三是从当前时政热点和党和国家重大政策中找方法。具体的解题程序:定点--联系--疏理--作答。"
2026_东城_一模,9,9#B3_COMPONENT,B3_POLITICS_RULE_OF_LAW,objective,blocked,UNKNOWN_OR_MIXED,REMAINING_B3_COMPONENT_HEALTH_SCHOOL_GOVERNANCE,"教育部,制度文件,学校依法履行管理职责,健康学校建设",客观题含健康理念和学校治理，选项中的依法履责/制度治理部分抽入 B3。,paper,/Users/wanglifei/Desktop/北京高考政治/reports/必修二三与必修四文化_题源分类准备_20260617_1301/02_text_cache/texts/0dafc181e82eb031.txt,"近日,教育部印发《关于全面推进健康学校建设的指导意见》 ,落实“健康第一”教育理念。北京市以 “身心健康二十条” “体育八条”为抓手,打出身心健康组合拳,出台系列制度文件,将课间活动、校园 餐等重点改革措施纳入制度框架,构建全方位“大健康”育人格局。对此,下列理解正确的是 1育人制度创新是推动教育领域社会变革的根本动力 2改革举措上升为法律制度,为民生提供坚实的法治保障 3学校依法履行管理职责,促进学生身心健康和全面发展 4推进健康学校建设,为全面建设现代化国家筑牢健康基石 A.12 B.13 C.24 D.34"
