suite_id,question,prior_next_action,review_result,new_book_module,rule_id,evidence_text
2024_东城_一模,14,manual_review_needed,resolved_by_strong_source_signal,XB1_EXCLUDED,STRONG_BLOCKER_XB1_GLOBAL_ENV_GOVERNANCE,"中国政府作 《生物多样性公约》第十五次缔约方大会(COP15)主席国,持续推动 “昆明-蒙特利尔全球生物多样性框架”落实,部署了生物多样性主流化、应对生物 多样性丧失威胁等4个优先领域,每个优先领域下设6至8个优先行动。对此,下 列观点正确的是 1中国推动构建地球生命共同体,促进多极化发展 2全球生物安全治理要以国际条约作为法律依据 3中国凝聚全球生态治理合力,为世界提供更多公共产品 4世界各国以生物安全为基础,维护共同发展利益 A. 12 B. 14 C.23 D. 34"
2024_东城_二模,13,manual_review_needed,resolved_by_strong_source_signal,B2_ECONOMICS,STRONG_BLOCKER_B2_URBANIZATION_PUBLIC_SERVICE,"2019—2023年中国常住人口城镇化率 (% 70 68- 66 64 66.16 63.89 64.72 65.22 62.21 62 60 - 2019 —上 2020 2021 2022 2023(年) 读上图,以下推断合理的是 1农业劳动生产率不断提高,城乡融合推动协调发展 2促进农业适度规模经营,确保农村土地归集体所有 3区域发展差距正在逐步缩小,助力和美乡村建设 4推进以人核心的新型城镇化,要建立健全基本公共服务制度 A. 12 B. 14. C.23 D. 34"
2024_东城_二模,17,manual_review_needed,kept_blocked,,,"(12 分)盐碱地上播种新希望。 近年来,在盐碱地治理中,某地探索出“盐碱荒滩”转化为“金山银山”的科学 路径。 >坚持人与自然和谐共生理念,利用理论、技术、产业创新,宜粮则粮、宜林则 林、宜湿则湿,采用“林、水、土”盐碱化综合治理措施,改良盐碱地土壤结构、提高盐 碱地土壤肥力,改善植物生长环搅,构筑“大良田”,打造“生态绿洲”。 >该地充分发挥盐碱地生态修复累积效益,以“土地”资源优化配置为核心,通 过“科研院所十基地十公司”“龙头企业十基地十农户”等多种形式,流转农村土地"
2024_东城_二模,3,manual_subquestion_split_needed,kept_blocked,,,"“解剖麻雀”是我们党在长期实践中总结提炼的调查研究方法,该方法需要选准“麻 雀”,对其进行剖析研究,由此得出的调研结论具有可推广性,能举一反三。这说明, 从“解决一个问题”到“解决一类问题” 1体现矛盾普遍性与特性相互联结,要从个性中把握共性 2体现了规律是普遍的,找准案例就可找到此类问题的共同规律 3实现了“一个问题”和“一类问题”的斗争性转化力同一性 4启示我们要树立系统观念,以“点的突破”带动“面的提升” A. 12 B. 14. C.23 D. 34 2万亩,吸引企业参与规模化经营,打造盐碱地治理产业项目10余个,发展盐碱 地特色农业、旅游业,真正实现政府、企业与农民的“共赢”。 (1)运用《经济与社会》知识,分析该地探索“盐碱荒滩”转化力“金山银山”的路 径。(7分) 我国科学家以耐碱作物高粱为突破口,试图揭开其耐碱奥秘。他们收集全球 各地352 种不同品系的高粱,通过全基因组大数据关联分析耐碱差异大的高粱资 源,发现了主效耐碱基因 ATI。将该基因从高中提取出来再转到高粱中,高梁 耐碱能力减弱;而将该基因进行“剪切”后,高粱的耐碱能力增强。 如果高粱有这个基因,那么其他作物是否也会有类似的基因?团队利用 ATI 基因的同源体(指不同的基因序列与功能相似)——影响稻米粒长的粒形调控基因 GS3,进行水稻GS3 基因的耐碱性研究,结果发现,缺失了GS3 基因的水稻也更耐 碱。作物耐碱“密码”被找到了。 (2)结合材料,从推理的角度,谈谈科学团队是如何找到作物耐碱“密码”的。 (5分) 高三思想政治 第7页(共11页) ===== 试卷.pdf page 8 ====="
2024_东城_二模,9,manual_review_needed,resolved_by_strong_source_signal,XB3_EXCLUDED,STRONG_BLOCKER_XB3_NECESSARY_CONDITION,"爱因斯坦思想深刻、思维创新。他不仅是位伟大的科学家,还是一位思想家和人道 主义者,同时也是一个充满个性的有趣人物。他一生的经历表明,只有拥有诙谐幽 默、充满个性的独立人格,才能做到思想深刻、思维创新。根据材料,下列结论必然 成立的是 A. 有的思想家是充满个性的有趣人物,但不是人道主义者 B. 有些伟大的科学家拥有诙谐幽默、充满个性的独立人格 C.科学家一旦诙谐幽默、充满个性,就能做到思想深刻、思维创新 D. 有些人道主义者诙谐幽默、充满个性,但做不到思想深刻、思维创新 高三思想政治 第3页(共11页) ===== 试卷.pdf page 4 ====="
2024_丰台_二模,2,manual_review_needed,kept_blocked,,,"信念如火,照亮前路。某地一支由 “80后”“90后”甚至“00后”青年党员主打的宣 讲团队,用小切口、身边事讲述着觉的创新理论,让越来越多年轻人与新思想碰出火 花、产生共鸣。让有信仰的青年来讲信仰,其意义在于 1以青年的视角,推动党的创新理论在群众心中落地生根 2通过生动故事佐证青年的拼搏奋斗,增强觉的创新理论的影响力 3借助理论创新的新渠道,提升广大青年的学习能力和道德修养 4让青年人做党的创新理论的信仰者、传播者、实践者,不断接续奋斗 A. 13 B. 14 C. 23 D. 24"
2024_丰台_二模,21,manual_review_needed,kept_blocked,,,"(7分)你的步伐就是中国的步伐。 无数个“你”的铿销步伐汇聚成新时代中国前进的坚实步伐。有人勇攀科技高峰, 致力关键核心技术自主创新,在重大科技领域实现原创性突破;有人扎根城乡基层, 服务一方百姓,办了许多暖民心、解民忧的好事实事;有人身残志坚,以永不言弃的 精神拼搏奋斗,在人生的赛场上取得了骄人成绩;有人见义勇为,危急时刻挺身而出, 用大无畏的行动保护了国家和他人生命财产安全;有人热心社会公益,积极参加学雷 锋和志愿服务,用爱和奉献帮助群众、温暖他人;有人潜心立德树人,言传身教,培 养了一大批青年人才⋯... 一步一个脚印,我们从过去走到现在。探索开拓的路,迎着光亮稳稳地走;心中 看准的路,快马加鞭坚定地走;崎岖不平的路,手挽着手一起走;通向未来的路,一 棒接着一棒走。感谢每一个无论何时都努力向前的你,新征程上,一起向前! 结合材料,综合运用所学,谈谈对“你的步伐就是中国的步伐”的理解。 (考生务必将答案答在答题卡上,在试卷上作答无效) 高三政治 第8页(共8页)"
2024_丰台_二模,9,manual_review_needed,resolved_by_strong_source_signal,XB3_EXCLUDED,STRONG_BLOCKER_XB3_CONDITIONAL_JUDGMENT,"没有民主就没有社会主义,就没有社会主义的现代化。对此,以下判断正确的是 A.如果有民主,就有社会主义,就有社会主义现代化 B. 有了社会主义,有了社会主义的现代化,才有了民主 C. 没有社会主义,没有社会主义的现代化,就没有民主 D. 除非有民主,否则就没有社会主义,就没有社会主义的现代化"
2024_海淀_一模,12,manual_review_needed,resolved_by_strong_source_signal,B2_ECONOMICS,STRONG_BLOCKER_B2_ENTERPRISE_MARKET_SUBJECT,"为更好满足旅客群体多样化、个性化的需求,今年春运期间,高铁列车在增加“静音车厢” 的基础上开设“遛娃舱” ,供带娃家庭使用。家长可以陪伴孩子一起玩游戏,也可以委托乘 务员进行代管。高铁“溜娃舱”的设置 1体现铁路企业主动作为,为不同需求的旅客带来良好出行体验 2有利于缓解春运高铁运力的供求矛盾,激发各类市场主体活力 3表明政府更精准地解决群众实际问题,着力实现社会公平正义 4将儿童友好的理念和行动落实落细,满足人民的美好生活需要 A.12 B.14 C.23 D.34"
2024_海淀_一模,16,manual_review_needed,kept_blocked,,,"(8 分)中国新一代载人飞船命名为“梦舟” ,月面着陆器命名为“揽月” 。 中国空间站建造完成后,登陆月球成为中国人探索太空的下一个目标。按计划,我国将在 2030 年前实现载人登陆月球开展科学探索。为实现这一目标,我国已于 2023 年底完成关键技术 攻关和方案研制工作。目前,长征十号运载火箭、 “梦舟”载人飞船、 “揽月”着陆器和登月服等已 完成方案阶段的各项研制工作,全面进入初样研 制阶段。 “梦舟”寓意载人月球探测承载中国人的航 天梦,开启探索太空的新征程,也体现了与神 舟、天舟飞船家族的体系传承。 “揽月”取自毛 泽东同志诗词“可上九天揽月” ,彰显中国人探 索宇宙、登陆月球的自信。 结合材料,运用《哲学与文化》知识,谈谈中国人探索宇宙、登陆月球何以自信。"
2024_海淀_二模,18,manual_subquestion_split_needed,kept_blocked,,,"(16分)民主是人类文明发展进步的重要标志,是全人类共同价值。 资料包 来自不同国家嘉宾的观点: 嘉宾1:进入21世纪后,全球南方国家纷纷崛起,这些国家在国际舞台上发挥着越来越重要的作用。随着成员国数量的增加,金砖国家合作机制的整体力量增强,削弱“单极主导地位”的力量随之增大。现在,二十国集团、上海合作组织等其他国际组织和框架也发挥着越来越重要的作用。 嘉宾2:人工智能、大数据等技术在提供便利的同时,也使社会出现两极分化。然而,目前并没有一个有效、民主的全球治理体系来应对这些挑战。如今全球各国经济和政治力量已经发生很大改变,很多新兴国家和经济体对全球事务有相当大的影响力,但在国际组织中的代表性却仍然不够。 嘉宾3:2024年为“全球南方”合作的丰收年,期待和各方共同点亮全球治理的“南方时刻”。“全球治理体系中的广大南方国家不应停止前进的脚步,南方国家在区域和全球治理中都要发出自己的声音”。 资料包 来自不同国家嘉宾的观点: 嘉宾1:进入21世纪后,全球南方国家纷纷崛起,这些国家在国际舞台上发挥着越来越重要的作用。随着成员国数量的增加,金砖国家合作机制的整体力量增强,削弱“单极主导地位”的力量随之增大。现在,二十国集团、上海合作组织等其他国际组织和框架也发挥着越来越重要的作用。 嘉宾2:人工智能、大数据等技术在提供便利的同时,也使社会出现两极分化。然而,目前并没有一个有效、民主的全球治理体系来应对这些挑战。如今全球各国经济和政治力量已经发生很大改变,很多新兴国家和经济体对全球事务有相当大的影响力,但在国际组织中的代表性却仍然不够。 嘉宾3:2024年为“全球南方”合作的丰收年,期待和各方共同点亮全球治理的“南方时刻”。“全球治理体系中的广大南方国家不应停止前进的脚步,南方国家在区域和全球治理中都要发出自己的声音”。材料一 在“民主:全人类共同价值”国际论坛上,来自多个国家、地"
2024_海淀_期中,12,manual_review_needed,resolved_by_strong_source_signal,B2_ECONOMICS,STRONG_BLOCKER_B2_ENTERPRISE_MARKET_SUBJECT,"为更好满足旅客群体多样化、个性化的需求,今年春运期间,高铁列车在增加“静音车厢” 的基础上开设“遛娃舱”,供带娃家庭使用。家长可以陪伴孩子一起玩游戏,也可以委托乘 务员进行代管。高铁“溜娃舱”的设置 1体现铁路企业主动作为,为不同需求的旅客带来良好出行体验 2有利于缓解春运高铁运力的供求矛盾,激发各类市场主体活力 3表明政府更精准地解决群众实际问题,着力实现社会公平正义 4将儿童友好的理念和行动落实落细,满足人民的美好生活需要 A. 12 B. 14 C. 23 D. 34"
2024_海淀_期中,16,manual_review_needed,kept_blocked,,,"(8分)中国新一代载人飞船命名为“梦舟”,月面着陆器命名为“揽月”。 中国空间站建造完成后,登陆月球成为中国人探索太空的下一个目标。按计划,我国将在 2030年前实现载人登陆月球开展科学探索。次实现这一目标,我国已于2023年底完成关键技术 攻关和方案研制工作。目前,长征十号运载火箭、“梦舟”载人飞船、“揽月”着陆器和登月服等已 完成方案阶段的各项研制工作,全面进入初样研 制阶段。 “梦舟”寓意载人月球探测承载中国人的航 天梦,开启探索太空的新征程,也体现了与神 水调歌头•重上井冈山 毛泽东 久有凌云志,重上井冈山。 千里来寻故地,旧貌变新颜。 丹、天舟飞船家族的体系传承。“揽月”取自毛 泽东同志诗词“可上九天揽月” ,彰显中国人探 可上九天揽月,可下五洋捉鳖,谈笑凯歌还。 世上无难事,只要肯登拳。 索宇宙、登陆月球的自信。 结合材料,运用《哲学与文化》知识,谈谈中国人探索宇宙、登陆月球何以自信。"
2024_石景山_一模,1,manual_review_needed,resolved_by_strong_source_signal,B3_POLITICS_RULE_OF_LAW,STRONG_BLOCKER_B3_PARTY_ARMY_LEADERSHIP,"“党指挥枪”的三个历史节点示意图 “军叫工农革命,旗号镰刀斧头。”困难重重的时刻,如何使一支成分复杂的工农武 装脱胎换骨成为新型人民军队?从南昌起义到三湾改编再到古田会议,终于给出了 历史的回答。今天,无论使命任务如何变化,人民军队都不能忘记自己的“根”。 这启示我们 1保证党领导人民有效治理国家,需要坚持依法执政 2坚持党对军队的绝对领导,是人民军队的建军之本 3要以马克思主义为指导,不断推进军事理论现代化 4实现强军目标,必须筑牢思想政治工作这条“生命线” A.12 B.13 C.24 D.34"
2024_石景山_一模,18(2),manual_review_needed,kept_blocked,,,
2024_石景山_一模,2,manual_review_needed,resolved_by_strong_source_signal,B4_PHILOSOPHY_EXCLUDED,STRONG_BLOCKER_B4PRACTICE_TECH_PRODUCTIVITY,"我国自主研制的北斗卫星导航系统已在农业领域得到广泛应用:将卫星导航定位与 电子控制等技术相结合,可以实现农机自动驾驶,精准收割;可以昼夜连续工作, 加快作业速度;可以整理土地和变量施肥,改善农作物生长环境......和以往的农业 生产方式相比,北斗系统在农业生产中的应用表明 1农业生产实践具有历史性,其形式和水平不断发展 2农业生产工具的更新,促进了农村生产关系的变革 3科技创新推动农业生产力的发展和农业现代化的进程 4人们能够利用科技改变农作物生长的客观环境和规律 A.12 B.13 C.24 D.34"
2024_西城_一模,12,manual_review_needed,resolved_by_strong_source_signal,B4_PHILOSOPHY_EXCLUDED,STRONG_BLOCKER_B4P_AFFIRMATION_NEGATION,"黑格尔说,人们总以为肯定和否定具有绝对的区别,其实两者是相同的。我们甚至可以称肯定为否定,也可以称否定为肯定。譬如说一条往东的路同时也是一条往西的路。对此理解正确的是 A.肯定和否定没有界限,肯定即否定,否定即肯定 B.有些事物包含着肯定因素,另有一些事物则包含着否定因素 C.肯定与否定互为条件,且只存在于它们的联系中 D.处理复杂问题,既不能持肯定态度,也不能持否定态度"
2024_西城_一模,3,manual_review_needed,resolved_by_strong_source_signal,B3_POLITICS_RULE_OF_LAW,STRONG_BLOCKER_B3_PARTY_CADRES_VALUE_PURSUIT,"东晋谢安镇守广陵期间,发现甘棠西北为湖,地势西高东低,旱涝频繁交替,庄稼连年歉收,百姓苦不堪言,便组织人手在湖上筑起拦水大堤灌溉农田,“随时蓄泄,岁用丰稔”。一段时间后,远近渔农聚集甘棠,生产作业,遂成繁荣集镇。《晋书》评价谢安此功曰:“在官无当时誉,去后为人所思。”这启示党员干部,应具备的价值追求和奋斗姿态是 A.穷则独善其身,达则兼济天下 B.分毫不取民膏脂,心中自存清廉尺 C.学以益才,砺以致刃 D.功成不必在我,功成必定有我"
2024_西城_二模,9,manual_review_needed,kept_blocked,,,"以“小笼包+现代城市+繁花”演绎的上海,在“XXL号冻梨”旁滑雪的黑龙江......网友对各地的奇异幻想,在央视网制作的视频《AI我中华》中得以呈现。用AIGC技术就可以生成行政区的地标图片和视频片段,听起来是不是很简单?但实操起来就像开盲盒,没人知道结果会怎样。因此,主流媒体推出“智慧+”产品,不仅要践行技术创新,更要重视 A.用数字技术主导设计方案及思想表达 B.以内容创新为行业赋能,提供价值引领 C.现代技术是一种支配事物和人的抽象力量 D.技术变革带来的理念重构、实践重塑、社会重组"
2024_顺义_二模,17,manual_review_needed,kept_blocked,,,"(9分)某校学习小组围绕“财产制度助力经济社会发展”的议题开展探究,搜集整理的资料如下。 结合材料,运用所学知识,说明我国财产制度改革如何助力经济社会发展。"
2024_顺义_二模,19(1),manual_review_needed,kept_blocked,,,
2024_顺义_二模,19(2),manual_subquestion_split_needed,kept_blocked,,,
2025_东城_一模,3,manual_review_needed,kept_blocked,,,"澳门回归祖国 25 年来,在中央政府和祖国内地大力支持下,坚守“一国”之本,善用“两制”之利,经济快 速增长、民生持续改善、社会和谐稳定、发展空间愈加广阔 ......向世界展示了具有澳门特色 “一国两制”的 成功实践。这证明了 A.融入国家发展大局是“一国两制”的应有之义 B.爱国者治澳是澳门进步的重要力量 C.单一制的政权组织形式符合我国国情 D.发展是安全的前提,安全是发展的保障"
2025_东城_二模,14,manual_review_needed,resolved_by_strong_source_signal,XB3_EXCLUDED,STRONG_BLOCKER_XB3_PREDICTION_LOGIC,"为了让体育真正为每个孩子的成长赋能,某校开展校园运动会,并评选运动小达人。在评选结果公布之 前,四位同学进行了预测: 第4页/共8页 甲说:小刘是运动小达人 乙说:如果小张是运动小达人,那么小刘也是运动小达人 丙说:我觉得小张是运动小达人,但不觉得小刘是运动小达人 丁说:我觉得他俩都是运动小达人 结果证明,只有一人预测错误,由此推断 A.只有小张是运动小达人 B.小张和小刘都是运动小达人 C.只有小刘是运动小达人 D.小张和小刘都不是运动小达人"
2025_东城_二模,3,manual_review_needed,kept_blocked,,,"油画《没有共产党就没有新中国》 (右图),从一个很小的视角反映出伟大变 革时期一个生动感人的场景:1949 年 1 月 31 日,北平和平解放不久的早春季 节,在正阳门小广场,一位军管会女兵在教小朋友们学唱解放区的 “流行歌 曲”。这一场景及情节源于油画创作者的亲身经历。对此,下列认识正确的有 1艺术家只有亲身经历才能够创作出优秀作品 2艺术创作离开生活就是无源之水、无本之木 3优秀艺术作品总是与时代同频、为人民发声 4生活和艺术的斗争性是绝对的,是创作动力 A.12 B.14 C.23 D.34"
2025_东城_期末,19(2),manual_review_needed,kept_blocked,,,
2025_东城_期末,19(3),manual_review_needed,kept_blocked,,,
2025_丰台_一模,20,manual_subquestion_split_needed,kept_blocked,,,"北京“两区”建设助力开放型经济迈上新台阶。 北京“两区”是指国家服务业扩大开放综合示范区和中国(北京)自由贸易试验区建设。2021 年至 2023 年,北京地区货物贸易进出口额连续突破 3 万亿元,服务贸易规模保持全国前三。2024 年,全市新 设外资企业数量同比增长 16.4%。北京“两区”建设作为深化改革开放的试验田,自成立以来,采取了多 项措施: 便利贸易投资 ➢ 出台《北京市外商投资条例》 ,推出“北京市全球服务伙伴计划”并为首批 13 家 伙伴企业授牌; ➢ 实行“合格保证+符合性验证”检验监管模式,实现进口机电设备“分钟通关”; ➢ 发布全国首个场景化、字段级自贸试验区数据出境负面清单。 助力科技创新 ➢ 在全国率先推出国际职业资格认可目录,推动职业资格从单边认可到双向互认; ➢ 在全国先行先试高新技术企业“报备即批准”、公司型创投企业所得税优惠、技 术转让所得税优惠等政策。 结合材料,运用《经济与社会》 《当代国际政治与经济》知识,说明北京“两区”建设的举措是如何助力 开放型经济迈上新台阶的。"
2025_丰台_二模,7,manual_review_needed,resolved_by_strong_source_signal,B2_ECONOMICS,STRONG_BLOCKER_B2_AGRICULTURAL_INNOVATION,"小苹果焕发新活力,是因为 1创新生产经营方式,取代传统种植方式 苹果“火”了 苹果坐上中欧班列,驰 骋“一带一路 ”; 搭乘 天舟抵达中国空间站。 从一颗苹果,可以看到 一颗荔枝、 一篮石榴、 一 根 甘 蔗 、 一 棚 蔬 菜......放眼神州大地, 新意正在蔓延、生长。 苹果“活”了 苹果酒、苹果酷、苹果 脆片等新品迭出,小苹 果卖出了新花样;果树 认养、果园采摘、果园 变 公 园 , 劳 作 变 体 验 ... ... 小苹果成了农 民 增 收 致 富 的“ 金苹 果 ” 。 苹果“红”了 苹 果 红 彤 彤 的 背 后 是 优 新 品 种 实 现 规 模 化 种植,春季气象大数据 “护花 ”, 夏秋全自动 防雹网“护果” ......果 园“现代范儿 ”十足涵 养着苹果内在品质。 第3页/共10页 2提升产品的附加值,实现农民增收致富 3拓宽海外销售渠道,落实开放发展理念 4实行规模集约生产,培育产品价格优势 A.1 2 B.14 C.23 D.24"
2025_延庆_一模,1,manual_review_needed,kept_blocked,,,"党的二十届三中全会强调,面对纷繁复杂的国际国内形势,面对新一轮科技革命和产业变革,面对人民 群众新期待,必须自觉把改革摆在更加突出位置,紧紧围绕推进中国式现代化进一步全面深化改革。对此 理解正确的是( ) A. 全面深化改革破除体制机制障碍,为科技产业创新创造良好制度环境 B. 改革永无止境,实践水无止境,改革决定我国进行新一轮的产业变革 C. 全面深化改革是中国式现代化的根本动力,为中国式现代化务实物质基础 D. 全面深化改革必须坚持以人民为中心,满足人们对美好生活的各种需求"
2025_延庆_一模,8,manual_review_needed,kept_blocked,,,"长征是人类历史上的伟大奇迹,是中国革命发展史上的里程碑,红军长征的伟大胜利彪炳史册。革命理 想高于天,不怕牺牲、排除万难去争取胜利,面对形形色色的敌人决一死战、克敌制胜,这些都是长征精 神的内涵。 长征历经坎坷取得胜利,这启示我们( ) 1要发挥意识的决定作用,坚定理想信念,化失利为胜利 2要正确看待现代化建设新征程中的困难,坚持道路自信 3要以实践为先导应对纷繁复杂的国际形势,化危为机 4要在迅速变化的时代中赢得主动,就要开展新的伟大斗争 A. 12 B. 13 C. 24 D. 34"
2025_昌平_二模,7,manual_review_needed,kept_blocked,,,"《中华人民共和国粮食安全保障法》2024 年开始施行。政府部门依据该法逐步完善粮食安全法治体系, 围绕种子和耕地两个重点,配合立法机关制定耕地保护和质量提升法规,修订植物新品种保护条例,探 索建立耕地种植用途管控机制。以上措施 1为耕地保护、科技兴粮提供长期法治保障,稳定市场预期 2可避免国内粮价波动,提高防范和抵御粮食安全风险能力 3有利于推动协同治理,为端稳中国饭碗夯实法治根基 4有利于创新行政管理形式,切实保护农民的长远利益 A.12 B.13 C.24 D.34"
2025_朝阳_一模,12,manual_review_needed,resolved_by_strong_source_signal,B2_ECONOMICS,STRONG_BLOCKER_B2_FOREST_ECONOMY_MARKET,"林下可生金,绿富可双赢。林下经济是指依托森林、林地及其生态环境,遵循可持续经营原则,以开 展复合经营为主要特征的生态友好型经济,包括林下种植、林下养殖、相关产品采集加工、森林景观利用 等。目前,全国林下经济产值 1 万多亿元,从事林下经济生产的人数达到了3400多万人。发展林下经济 1是践行“绿水青山就是金山银山”理念的生动实践 2实现了全国各地“富”与“绿”的结合与双赢 3需要扩大森林开采面积,以提高森林资源利用水平 4要注意研究市场,突出多种经营,防止一哄而上、产销失衡 第4页/共10页 A.12 B. 14 C. 23 D.34"
2025_朝阳_一模,14,manual_review_needed,resolved_by_strong_source_signal,XB1_EXCLUDED,STRONG_BLOCKER_XB1_FOREIGN_TRADE,"贸易顺差,是指出口贸易总额大于进口贸易总额。贸易逆差,是指出口贸易总额小于进口贸易总额。 2024 年我国货物进出口总额及其增长速度见下表。 货物 货物中的机电产品 货物中的高新技术产品 服务 出口金额(亿元) 比上年增长(%) 254545 151246 62792 31756"
2025_朝阳_二模,13,manual_review_needed,resolved_by_strong_source_signal,B2_ECONOMICS,STRONG_BLOCKER_B2_SOCIAL_CREDIT_MARKET,"2025 年 3 月,中共中央办公厅、国务院办公厅印发《关于健全社会信用体系的意见》,提出构建覆盖各类 主体的社会信用体系 ,夯实社会信用体系数据基础 ,健全守信激励和失信惩戒机制 ,健全以信用为基础的监管 和治理机制,提高社会信用体系市场化社会化水平等。健全社会信用体系 A.能促进市场主体诚信经营,减少市场调节的盲目性,维护公平竞争的市场环境 B.有助于为银行机构信贷业务提供数据支撑,更好服务守信中小微企业融资需求 C.要严格规定各类型企业主动向信用服务机构提供经营信息,健全企业信用记录 D.要推动跨部门、跨地区的信用信息归集和共享,保障信用信息的自由开放使用"
2025_朝阳_二模,18,manual_subquestion_split_needed,kept_blocked,,,"(6 分)进一步织密社会保障安全网,促进我国社会保障事业高质量发展。 【异地结算和就业地参加医保】 2023 年1 月,跨省异地就医直接结算正式实施。2024 年8 月,国务院办公厅发布《关于健全基本医疗保 险参保长效机制的指导意见 》,提出超大城市要取消灵活就业人 员、农民工、新就业形态人员在就业地参 加基本医保的户籍限制,做好在就业地参加职工医保工作。 【实施个人养老金制度】 自 2024 年 12 月 15 日起,我国全面实施个人养老金制度。个人养老金制度是指政府政策支持、个人自 愿参加 、市场化运营 、实现养老保险补充功能的制度 。个人养老金缴费 由参加人承担 ,每年缴费上限为 12000 元,可享受个人所得税税前优惠扣除 。在达到领取基本养老金年龄等法定条件时,居民可领取个人养 老金。 【新就业形态劳动者社保缴纳】 新就业形态人员就业方式灵活,劳动关系缺乏明确界定和规范。2025 年 3 月,某大型平台企业与超一万 名全职骑手签署正式劳动合同,并承担外卖全职骑手缴纳五险一金的所有成本。 结合材料,运用《经济与社会》知识,说明上述举措对促进我国社会保障事业高质量发展的作用。"
2025_朝阳_二模,21,manual_subquestion_split_needed,kept_blocked,,,42.pdf ## Source Metadata - source_path: `C:\Users\Administrator\Desktop\2025各区模拟题\2025各区二模\2025朝阳二模\其他材料\扫描全能王 2025-05-13
2025_朝阳_二模,5,manual_review_needed,resolved_by_strong_source_signal,XB3_EXCLUDED,STRONG_BLOCKER_XB3_CONCEPT_RELATIONS,"我国《研究生教育学科专业目录(2022 年)》设有 14 个学科门类,分别为哲学、经济学、法学、教育学、文 学、历史学、理学、工学、农学、医学、军事学、管理学、艺术学以及交叉学科。学科门类是对学科的宏 观归类,一级学科是具有共同理论基础或研究领域相对 一致的学科集合 。例如,在法学一级学科下 ,有民商法 学、刑法学、宪法学与行政法学等二级学科,这些二级学科是构成一级学科的基本单元。下列选项正确的是 A.“民商法学”与“法学”是种属关系,“理学”与“管理学”是全异关系 B.“学科门类是对学科的宏观归类”犯了循环定义的错误 C.“交叉学科”与“学科门类”是交叉关系,“理学”与“工学”是矛盾关系 D.“二级学科是构成一级学科的基本单元”,其中“构成”是对称关系"
2025_朝阳_二模,6,manual_review_needed,resolved_by_strong_source_signal,XB3_EXCLUDED,STRONG_BLOCKER_XB3_CONDITIONAL_REASONING,"某班教室的多媒体电脑出现损坏无法使用的情况,同学们经过排查,得出了以下判断: 1损坏因素至少有两个 2如果存在硬件老化,那么必然也存在软件冲突的情况 3如果不是电源损坏,那么就是硬件老化 4损坏因素要么包含电源损坏,要么包含软件冲突 根据以上判断,可以推断出损坏因素是 A.硬件老化和电源损坏 B.硬件老化和软件冲突 C.软件冲突和电源损坏 D.硬件老化、软件冲突和电源损坏"
2025_朝阳_二模,9,manual_review_needed,resolved_by_strong_source_signal,B3_POLITICS_RULE_OF_LAW,STRONG_BLOCKER_B3_DEMOCRACY_PUBLIC_PARTICIPATION,"如何更好实现民主,让民声促民生、呼声变掌声? ➢ 起点,在人民意愿的充分表达。2025 年国务院《政府工作报告》起草过程中征集网友建言 200 多万 条,各地的“小院议事厅”聊出民生工程......接地气的形式,推动政府的“干”与群众的“盼”精准契合。 ➢ 落点,在人民意愿的有效实现。湖南八旬老人随手写的建议,甘肃临 ""居民视频提的诉求......凝结升华成 法规条文,映照着中国式民主的广泛、真实、管用。 让人民广泛深入参与民主 1应畅通人民群众利益的表达和反馈机制 2需要把实事干好、让老百姓人人都满意 3有利于增强人民群众的获得感、幸福感 4能够保证居民依法行使管理国家的权力 A.13 B.14 C.23 D.24"
2025_朝阳_期末,17,manual_subquestion_split_needed,kept_blocked,,,"(8分)民主,起始于人民意愿充分表达,落实于人民意愿有效实现。中国的民主是人民民主。 材料一 立法到社区 某街道基层立法联系点工作深入到社区,围绕省人力资源市场条例草案征集立法建议,组织包括居民、政府相关部门工作人员、人大代表、政协委员、律师、党员群众代表等一起认真讨论草案,充分发表意见和建议。该街道基层立法联系点是“国家、省、市”三级基层立法联系点,近两年来,共有23部国家法律草案在此吸纳民意,激发了群众参与立法的热情。 材料二 议事惠民生 某政协委员履职小组围绕“如何让群众在家门口能有好去处?”展开了摸底调研,线上平台发问卷,协商驿站听民意,睦邻客厅汇民声......随后,履职小组发起民生议事堂协商,讨论闲置老谷仓的改造,形成可行方案,得到当地镇党委、镇政府和相关职能部门的积极回应,助推民生实事项目加速落地,催生了当地谷仓文化产业园。 材料三 基层有合力 某村发挥党建引领作用,通过搭建村两委——人大代表——村民三方“小板凳说事”平台,建立起一套有效的基层群众自治模式,推动形成合力,以民事民管、民事民议、民事民办的共治路径助力乡村全面振兴,建成了“全国民主法治示范村”。 结合材料,运用《政治与法治》知识,谈谈对“我国的人民民主”的理解。 1性质层面、领导力量 (2分) 中国共产党团结带领人民发展全过程人民民主,实现了过程民主和成果民主、程序民主和实质民主、直接民主和间接民主、人民民主和国家意志相统一。 2制度层面:三个制度 (3分) 我国的人民民主具有科学、有效、健全的制度安排, 确立和坚持根本制度、基本制度、重要制度, 全面推进民主选举、民主协商、民主决策、民主管理、民主监督, 协同推进选举民主与协商民主。 3成效层面:特点、功能、意义、价值 (2分) 我国的民主是全链条、全方位、全覆盖的民主,是最广泛、最真实、最管用的社会主义民主。 实现了人民当家作主,扩大了人民依法"
2025_海淀_一模,11,manual_review_needed,resolved_by_strong_source_signal,XB2_EXCLUDED,STRONG_BLOCKER_XB2_ENTREPRENEURSHIP_BUSINESS_FORM,"小海与小淀喜欢用短视频记录生活,由于视频内容有趣、形式新颖,两人账号粉丝量迅速增长。他们 决定创办一家企业,全职经营互联网业务。关于两人的创业,下列观点合理的是 1合伙企业无需缴纳企业所得税,适合规模较小的初创企业 2可创办有限责任公司,股东只需以认缴出资承担有限责任 3合伙企业作为营利法人,应遵循守法和公序良俗等原则 4经营互联网业务不需要实体店铺,无需办理营业执照 A.12 B.14 C.23 D.34"
2025_海淀_一模,4,manual_review_needed,kept_blocked,,,"1917 年,毛泽东在《体育之研究》中提出 “文明其精神,野蛮其体魄 ”,喊出了积贫积弱年代中国青年的 梦想。跨越百年,体育之于人民、之于国家,有了更恢宏的图景,承载着国家强盛、民族振兴的梦想。这 要求 1学生担起民族复兴重任,在锻炼中增强体质、健全人格、锤炼意志 第2页/共9页 2学校树立全面育人理念,积极为学生参与体育活动创造客观条件 3家长遵循成长成才规律,在渐进性与连续性的统一中提高学生身体素质 4国家优化人才评价体系,推动“文明精神”向“野蛮体魄”的价值转化 A.12 B.14 C.23 D.34"
2025_海淀_一模,5,manual_review_needed,resolved_by_strong_source_signal,XB3_EXCLUDED,STRONG_BLOCKER_XB3_DEFINITION_CONDITIONAL,"生态产品价值实现机制是指在严格保护生态环境的前提下,由政府和市场通过合理的路径和方式,将 生态产品价值转化为经济价值和社会价值的制度形式。据此,下列理解正确的是 1这是运用定义的方法明确“生态产品价值实现机制”的外延 2除非严格保护生态环境,否则不能构建生态产品价值实现机制 3如果生态产品价值未能成功转化,要么缺少政府作用,要么缺少市场作用 4完善该机制需要运用矛盾运动的观点,以动态的方式思考生态产品价值 A.12 B.13 C.24 D.34"
2025_海淀_二模,16,manual_review_needed,kept_blocked,,,"(8分) 在获取信息易如反掌的时代,我们还需要记忆大量知识吗?有网友对此展开讨论: 网友“有始有终”:记忆并不是机械存储信息的过程。通过记忆,我们将不同的信息联结、 整合,形成有意义的网络。例如通过记忆“唐宋八大家”,人们照见的是唐宋年代的文学盛況。 网友“放飞自我”:与人工智能相比,人类记忆的容量有限,且容易随时间消退。与其费力 背诵,人类完全可以利用人工智能存储、检索、整理信息,提高效率。 网友“实现梦想”:记忆是人类开展思维活动的内容与基底。人类的创造力和灵感往往来自 于充足的知识积累,缺乏知识储备的思维创新如同“无米之炊”。 结合材料或个人体验,运用《哲学与文化》知识,谈谈你的看法。"
2025_海淀_二模,18,manual_review_needed,resolved_by_strong_source_signal,XB2_EXCLUDED,STRONG_BLOCKER_XB2_TRADEMARK_MOCK_COURT,"(12分) 小海旁听了学校的“模拟法庭”活动,以下是旁听笔记。 【法条参考】 《中华人民共和国商标法》第三十二条 申请商标注册不得损害他人现有的在先权利,也 不得以不正当手段抢先注册他人已经使用并有一定影响的商标。 【庭审记录】"
2025_海淀_二模,6,manual_review_needed,resolved_by_strong_source_signal,XB2_EXCLUDED,STRONG_BLOCKER_XB2_CUSTODY_RIGHTS,"颜某与罗某婚后育有一女小罗,一家人共同生活。后因家庭矛盾未能得到有效调和,父亲罗某 将6岁的小罗强行带至外地生活。颜某请求法院裁定罗某将小罗送回原住所并禁止罗某抢夺、 藏匿未成年子女。对此案认识正确的是 1强行改变惯常生活可能对未成年子女的身心健康产生不利影响 2法律保障未成年人的合法权益,应由小罗自行决定其居住地 3罗某有权按照自己意愿改变子女居住地,法院需考虑其情感需求 4父母对未成年子女的监护权平等,抢夺行为侵害了颜某的监护权 A. 13 B.14 C. 2 D. 24"
2025_海淀_期末,16(1),manual_review_needed,kept_blocked,,,
2025_海淀_期末,17,manual_subquestion_split_needed,kept_blocked,,,"7 月 30 日,中共中央政治局召开会议,指出要有力有效支持发展瞪羚企业。 在我国,对瞪羚企业的政策支持始于北京中关村科技园区。近期,某市推出了一系列政策: ·为瞪羚企业提供一定的财政补贴,用于购买设备、引进技术、开展市场调研等。 ·为瞪羚企业提供一定的税收优惠,如减免企业所得税、增值税等。 ·积极引导金融机构为瞪羚企业提供融资支持,包括贷款、担保等方式。 ·给予瞪羚企业在人才引进方面的支持,包括提供人才公寓、给予人才引进补贴等。 运用《经济与社会》知识,说明上述政策将如何促进瞪羚企业发展。"
2025_海淀_期末,19,manual_subquestion_split_needed,kept_blocked,,,"某中学党支部组织党员教师共同学习修订后的《中国共产党纪律处分条例》 。下面是部分学习内容。 [修改解读] 第三十条是在原有条款上修订而来的,这一条款的修订主要有两个方面。一是针对 实践中多发易发的违法行为,充实规定了党员有其他 “破坏社会主义市场经济秩序、违 反治安管理等”违法行为,损害党、国家和人民利益的,应当视具体情节给予处分。二 是基于当前实际,增加了对违反国家财经纪律行为的党纪处分规定,明确 “违反国家财 经纪律,在公共资金收支、税务管理、国有资产管理、政府采购管理、金融管理、财务 会计管理等财经活动中有违法行为的 ”,视情节给予党纪处分,进一步突出了对违反财 经纪律行为的惩戒。 结合材料,运用《政治与法治》知识,分析上述条款修订的原因。"
2025_海淀_期末,20,manual_subquestion_split_needed,kept_blocked,,,"党的二十届三中全会提出要统筹建立粮食产销区省际横向利益补偿机制。 目前我国有 13 个粮食主产区、7 个主销区和 11 个产销平衡区。粮食主产区贡献了全国 75%以上的粮 食。但长期以来,由于种粮收益低、对财政贡献小,主产区往往面临 “产粮多、经济弱、财政穷 ”的困境。 针对这一状况,我国建立了以国家财政转移支付为主的纵向补偿机制。在这一机制下,中央政府是唯一的 补偿主体,目前难以进一步增加财政支持力度。 考虑到多数主销区经济较为发达,我国提出建立横向利益补偿机制。统筹考虑主产区和主销区粮食生 产、流通、消费等相关因素,由主销区给予主产区一定的资金支持,并进一步拓展产业、人才、技术服务 等协作方式,使农民种粮不吃亏、主产区抓粮不吃亏。 结合材料,运用《经济与社会》知识,说明我国建立粮食产销区省际横向利益补偿机制的意义。"
2025_石景山_一模,14,manual_review_needed,resolved_by_strong_source_signal,XB1_EXCLUDED,STRONG_BLOCKER_XB1_BELT_AND_ROAD_AID,"“小而美”是中国对外合作的流行语,指的是投入金额少、聚焦民生和社区需求的小型工程。在共建 “一带一路”走深走实的新阶段,形成了中国菌草、杂交水稻、青蒿素、鲁班工坊等一大批叫得响、立得 住、传得快的“小而美”优质援外品牌。 “小而美”项目的战略地位不断提升,源自于该项目 1生动践行普惠包容的理念,提升了共建国家的民生福祉 2加强发展中国家基础设施建设,推动了多领域互联互通 3坚持经济效益和社会效益相统一,促进了当地可持续发展 4不断拓展相互投资和产业合作领域,实现了各国互利共赢 A. 13 B. 14 C. 23 D. 24"
2025_石景山_一模,17,manual_subquestion_split_needed,kept_blocked,,,"(16 分) 宣言,指国家、政府、政党等为了对某重大问题表明立场和态度而公开发表的文件。2024 年,多个面向全 球的“北京宣言”发布, “中国之治”随之与世界共享。 材料一 在北京接诉即办改革论坛上,发布了《城市治理现代化北京宣言 (2024)》 。北京近 年来进行以 12345 市民热线为主渠道的接诉即办改革,探索形成了以市民诉求驱动超大城 市治理现代化之路。下列是北京接诉即办改革的重要举措。 ●将“接诉即办”作为各级党委政府“一把手”工程进行顶层设计,打破行政组织“条块 分割” ,把街乡镇作为基层治理的基本单元,形成权责清晰、条块联动的体制机制,高效解决群众急难愁 盼问题。 ●市人大常委会制定《北京市接诉即办工作条例》 ,明确规定接诉即办的工作体系和机制、诉求人的权利和 义务等,让基层治理更加规范。 ●最大限度动员人民群众参与城市建设,广大市民成为城市治理问题的发起者、治理过程的参与者、治理 成效的获得者、治理程序的监督者。 结合材料一,运用《政治与法治》知识,说明北京是如何通过接诉即办改革实现大城善治的。 (8 分) 材料二 通过多个“北京宣言” ,中国积极为完善全球治理贡献智慧。 中方尊重非洲国家基于本国国情所作出的政治和经济选择,不干涉非洲国家内政,不在对非援助中附加条 件。 中方支持非洲国家在全球治理特别是在解决全球性问题的包容性框架中发挥更大影响和作用。 中方愿与有意愿的非洲国家商签共同发展经济伙伴关系框架协定,推动更加灵活务实的贸易投资自由化便 利化安排。 ——摘自《关于共筑新时代全天候中非命运共同体的北京宣言》 世界多极化应是平等有序的,国际法对所有国家是平等统一适用的,应避免双重标准和例外主义。 以开放包容的态度尊重文明多样性,不应奉行歧视性、排他性“文明优越论” , 不应蓄意挑起文明冲突。 做大并分好全球经济“蛋糕” ,让发展成果更多更公平地惠及各国"
2025_石景山_一模,4,manual_review_needed,kept_blocked,,,"在党的二十届三中全会审议通过的《中共中央关于进一步全面深化改革、推进中国式现代化的决定》中, 多次出现“自愿” “自主” “允许”等表述。例如,按照自愿、弹性原则,稳妥有序推进渐进式延迟法定 退休年龄改革;赋予地方政府房地产市场调控自主权,允许有关城市调减住房限购政策......这表明我们党 1充分依靠群众,支持基层探索创新,自下而上总结改革经验 2尊重个性差异,根据主体愿望调整政策,增强改革的包容性 3坚持实事求是,尊重多元诉求,最大限度地协调各方利益 4把握适度原则,有序推动改革,促进经济和社会平稳发展 A. 12 B. 13 C. 24 D. 34"
2025_西城_一模,4,manual_review_needed,kept_blocked,,,"2025 年政府工作报告提出,要推动更多资金资源“投资于人”。“投资于人”是与“投资于物”相对 应的概念,后者指将资金资源投入到建厂房、买 设备、修路架桥等方面,而前者指将资金资源投入到 人的发展和保障上。下列选项中正确的是 1现代化的本质是人的现代化,“投资于物”不符合现代化发展的方向 2资源是有限的,“投资于人”与“投资于物”之间的对立是矛盾的主要方面 3人是发展的目的,强调更多资金资源“投资于人”是以人民为中心的生动体现 4要将“投资于物”同“投资于人”紧密结合,形成经济发展与民生改善的良性循环 A.12 B.14 C.23 D.34"
2025_西城_二模,11,manual_review_needed,resolved_by_strong_source_signal,XB2_EXCLUDED,STRONG_BLOCKER_XB2_PUBLIC_PLACE_SAFETY,"在地铁站上下电梯的时 候,常常会听到广播里循环播放: “请您站稳扶好,不要看手机,不要倚靠电 扶梯......”在此情形中 1乘客作为自身安全的第一责任人,应自觉遵守公共场所的安全规定,履行对自身安全的注意义务 2地铁运营设施管理人履行的安全保障义务是一种不可免除的法定义务 3如果乘客在乘梯过程中看手机没有站稳而摔倒,地铁公司亦须承担无过错责任 第4页/共10页 4地铁公司履行了提醒的义务,若乘客自己不慎摔倒,地铁公司不再需要履行及时救助或协助的义务 A.12 B.13 C.24 D.34"
2025_西城_二模,14,manual_review_needed,resolved_by_strong_source_signal,XB1_EXCLUDED,STRONG_BLOCKER_XB1_DATA_SOVEREIGNTY,"数据的特性使其可以在全球范围内跨越不同国家和地区自由流动,这为数据管辖权带来巨大挑战。各国 在数据的定义、使用与保护标准方面存在显著差异,数据跨境流动时,数据主权与数据的属地管辖权之 间冲突频繁。为减少类似冲突,适合的做法是 A.明确数据主权高于数据的属地管辖权 B.各国通过政策和法规强化对本国数据的控制 C.制定国际规则,明确各国都无权使用位于他国的数据 D.数据调取国和来源国加强协作,寻求数据治理的共识"
2025_西城_二模,2,manual_review_needed,resolved_by_strong_source_signal,B4_PHILOSOPHY_EXCLUDED,STRONG_BLOCKER_B4P_THEORY_PRACTICE_VIEW,"思深方益远。“如果忙忙碌碌,只是机械做事,陷入事务主义,是很难提高认识和工作水平的。” 习近 平总书记的谆谆告诫,发人深省。各种事务千头万绪,但不能乱,不能陷入事务主义。之所以说不能陷 入事务主义,是因为 1机械做事,缺乏能动性创造性,是主观唯心主义的体现 2事务多是必然的,思考谋划是偶然的,要推动必然和偶然的转化 3陷入事务主义的人,尊重经验而看轻理论,难以通观客观过程的全部 4眼里只有具体事务,只见一得之功与一孔之见,会缺乏长远目标和大局观念 A.12 B.14 C.23 D.34"
2025_西城_二模,3,manual_review_needed,kept_blocked,,,"我国人工林面积居世界首位,是全球增绿最多的国家。现在, 适龄公民履行植树义务有造林绿化、抚 育管护、自然保护、认种认养、设施修建、捐资捐物、志愿服务、其他形式等八大类,并有各自的折 算标准,例如林中悬挂人工鸟巢 1 个,折算 1 株植树任务;认养和保护古树名木 1 株,折算 3 株植树 任务......下列认识正确的是 1创新全民义务植树尽责形式,可以方便适龄公民就近、适时、多样尽责 2增绿就是增优势,可以为高质量发展注入强劲绿色动能 3植树就是植未来,以变革社会的实践推动美丽中国建设 4良好生态是重要的公共物品,具有排他性,需要人人尽责 第2页/共10页 A.12 B. 14 C.23 D. 34"
2025_西城_二模,5,manual_review_needed,kept_blocked,,,"据统计,全国各类返乡入乡创业人员人超过了 1200 万人,相比大多数青年向往大城市,他们选择了扎 根泥土,成为“新农人”“农创客” 。有的回村办起家庭农场,鼓舞起全村干劲,优质农产品不愁销; 有的依托当地民俗传说、农耕技艺、山水风光,开发打造研学课程,让曾经的产业空心村有了新支柱。 “新农人”“农创客”的选择 1彰显了他们的价值追求和人生理想 2超越了社会所提供的客观条件,实现了自己的价值 3会助力乡村全面振兴,展现了青年责任和担当 4把握住了人生际遇,实现了个人与社会的转化 A.12 B. 13 C.24 D. 34"
2025_西城_二模,6,manual_review_needed,resolved_by_strong_source_signal,XB3_EXCLUDED,STRONG_BLOCKER_XB3_CONCEPT_RELATION,"谷雨三朝赏牡丹。景山公园两万余株牡丹进入盛花期,古建红墙 掩映,各色牡丹尽显雍容气韵。 “洛 阳红”是牡丹的一个著名品种,以下选项中与“洛阳红”和“牡丹”的逻辑关系最为相似的是 A.红墙黄瓦:故宫 B.景山公园:北京市 C.谷雨:节气 D.红楼梦:四大名著"
2025_西城_期末,10,manual_review_needed,resolved_by_strong_source_signal,B3_POLITICS_RULE_OF_LAW,STRONG_BLOCKER_B3_PARTY_LEADERSHIP_DISCIPLINE,"据新华社报导,中共中央政治局 12 月 9 日召开会议,分析研究 2025 年经济工作;听取中央纪委国家 监委工作汇报,研究部署 2025 年党风廉政建设和反腐败工作。围绕这一报导,同学们提出了以下观点,其 中正确的是 1党总揽全局协调各方,分析研究 2025 年经济工作,加强对经济工作的全面领导 2党的活动依规依法向党外公开,有利于提高党的执政能力和领导水平 3听取中央纪委国家监委工作汇报,体现了地方服从中央的民主集中制原则 4党风廉政建设和反腐败工作属于党自身的建设,与执政能力无关 A.12 B.14 C.23 D.34"
2025_西城_期末,14,manual_review_needed,resolved_by_strong_source_signal,XB1_EXCLUDED,STRONG_BLOCKER_XB1_EXPORT_STRUCTURE,"中国各类商品出口份额变化 由上图信息可推断 A.中国的比较优势保持不变,创新能力不断增强 B.中国商品出口结构在向价值链中高端移动 C.中国传统的劳动密集型产业在转型升级 D.中国制造业优势在逐渐消退"
2025_西城_期末,2,manual_review_needed,resolved_by_strong_source_signal,B4_CULTURE,STRONG_BLOCKER_B4C_REVOLUTIONARY_CULTURE_ROUTE,"追随慈悲庵爱国仁人志士的足迹、走近“生如闪电之耀亮”的高君宇、 探访早期传播马克思主义的前哨 ——京报馆、了解女高师进步学生的故 事、在李大钊旧居看他梦想的新中 国......人们探访“播火之路”的意义在 于 1追寻革命前辈的信仰之路,以史鉴今、资政育人 2依托红色历史遗存,探究社会主义建设的艰辛历程 3追忆奋斗历程,了解马克思主义中国化时代化的新成果 4在亲身实践中改造自己的主观世界,弘扬伟大建党精神 A.12 B.14 C.23 D.34"
2025_西城_期末,8,manual_review_needed,resolved_by_strong_source_signal,B2_ECONOMICS,STRONG_BLOCKER_B2_WATER_RIGHT_MARKET,"宁夏宁东能源 化工基地是我国西部规模最 大的化工园区,水资源短缺问题 是制约园区发展的重要因素。 为破解“用水之困”,宁夏购得四川阿坝州 3 年 1500 万立方米的黄河用水权。此次交易价格,双方参考了阿 坝州居民生活水价、工业水价以及宁夏用水权交易平均价格,确定为每立方米 1.2 元。关于这一用水权交 易,分析正确的是 《中华人民共和国黄河保护法》第一百零二条规定: “国家建立健全黄河流域生态保护补偿制度”“国家支持在黄河流域开展用水权市场化交易”。 第3页/共10页 1节水方阿坝州得到了生态保护补偿,交易对节水方更有利 2运用市场机制破解水资源瓶颈,在更大范围内实现了黄河水资源优化配置 3对阿坝州发展节水农牧业有激励作用,对宁东化工园区的化工生产有约束作用 4通过创新融资模式,将水资源变为“水资产”,有效推动了水资源节约集约利用 A.13 B.14 C.23 D.24"
2025_顺义_一模,14,manual_review_needed,resolved_by_strong_source_signal,B3_POLITICS_RULE_OF_LAW,STRONG_BLOCKER_B3_NATIONAL_SECURITY,"建设更高水平平安中国,事关事业兴旺发达、事关人民美好生活、事关国家长治久安。某校开展“我 与国家安全”主题活动,通过微演讲等形式引导学生增强国家安全意识。下列可以作为演讲主题的是( ) 1把捍卫国家经济安全摆在首位,以新安全格局保障新发展格局 2深入开展国家安全宣传教育,切实增强全民国家安全意识 3以促进国际安全为根本,完善参与全球安全治理机制 4建设更高水平平安中国,以新安全格局保障新发展格局 A.13 B.14 C.23 D.24"
2025_顺义_一模,2,manual_review_needed,resolved_by_strong_source_signal,B3_POLITICS_RULE_OF_LAW,STRONG_BLOCKER_B3_COMMUNITY_GOVERNANCE,"2025 年北京市政府提出,共建社区微花园(楼边院角的迷你小花园)50 个。自去年北京启动微花园建 设以来,广大居民积极献言建策,共同参与社区小微空间的改造和利用,不仅扮靓社区环境,也为居民生 活增添了许多乐趣与温馨,微花园成为深受市民喜爱的楼下“绿色会客厅”。共建社区微花园( ) 1解决了社区发展动力问题,促进了人与自然和谐共生 2需集思广益、因地制宜,既贴近社区实际,又契合居民期待 3蕴含着民生“大情怀”,彰显实干奋进、善作善成的治理理念 4提升了社区凝聚力和居民归属感,建立了完善的居民参与机制 A.13 B.14 C.23 D.24"
2026_东城_一模,3,manual_review_needed,kept_blocked,,,"北京市某中学生团队自主研发的“脑电智慧轮椅” ,历时四年攻关,为渐冻症患者及残障人士带来了自 主出行的新可能。该团队学生代表在国际舞台上与各国青年进行了成果交流。从课堂到国际舞台,北京青 年 1以科技创新积极推动教育对外开放,主动讲好中国故事 2在国际对话交流中拓宽全球视野,展现青春风采与自信 3展现了首都教育在科学素养、国际交往方面的育人成效 第2页/共10页 4勇于突破条件限制,在解决实际问题中提升综合能力 A.12 B.14 C.23 D.34"
2026_东城_一模,7,manual_review_needed,resolved_by_strong_source_signal,XB3_EXCLUDED,STRONG_BLOCKER_XB3_CONDITIONAL_EXPERIMENTS,"中国科学院大学星际航行学院聚焦星际推进、空间科学等前沿领域,围绕逃逸粒子类型开展研究,通 过实验得到如下信息: ⇨实验一:逃逸粒子除非是太阳风带电粒子,否则就是星际中性粒子。 第3页/共10页 ⇨实验二:逃逸粒子或者不是星际中性粒子,或者不是外日球层衍生粒子。 ⇨实验三:逃逸粒子如果不是外日球层衍生粒子,就不是星际中性粒子。 根据上述三项实验,以下说法一定为真的是 A.逃逸粒子是外日球层衍生粒子 B.逃逸粒子不是外日球层衍生粒子 C.逃逸粒子是星际中性粒子 D.逃逸粒子是太阳风带电粒子"
2026_东城_一模,9,manual_review_needed,kept_blocked,,,"近日,教育部印发《关于全面推进健康学校建设的指导意见》 ,落实“健康第一”教育理念。北京市以 “身心健康二十条” “体育八条”为抓手,打出身心健康组合拳,出台系列制度文件,将课间活动、校园 餐等重点改革措施纳入制度框架,构建全方位“大健康”育人格局。对此,下列理解正确的是 1育人制度创新是推动教育领域社会变革的根本动力 2改革举措上升为法律制度,为民生提供坚实的法治保障 3学校依法履行管理职责,促进学生身心健康和全面发展 4推进健康学校建设,为全面建设现代化国家筑牢健康基石 A.12 B.13 C.24 D.34"
2026_东城_二模,13,manual_review_needed,kept_blocked,,,"幽邃深海,蕴藏生命万象。有些水母具有内含毒液的刺细胞,在受到攻击时会发光,由中胶层提供浮力,没有气腔。礁环冠水母具有上述所有特征,以下情形一定正确的是 A.13 B.14 C.23 D.24"
2026_东城_期末,14,manual_review_needed,resolved_by_strong_source_signal,XB1_EXCLUDED,STRONG_BLOCKER_XB1_GLOBAL_AI_GOVERNANCE,"全球具身智能机器人市场在技术迭代、政策支持等多因素驱动下蓬勃发展。美国以技术原创加上军工牵 引为主线,欧洲坚持 “伦理先行”,以合规与精度建立壁垒,中国企业以 “技术出海+本地化合作 ”策略 向国际市场发力。产业竞争的加剧带来全球智能鸿沟和安全风险挑战。对此,下列认识正确的是( ) A. 全球具身智能机器人市场竞争力的提升成为当前国际竞争的实质 B. 中国具身智能机器人企业的出海成功主要依赖于低的制造成本 C. 国际治理框架的完善是弥合全球智能鸿沟、保障安全的根本前提 D. 全球智能治理需在鼓励创新与防范风险、促进普惠之间寻求平衡"
2026_东城_期末,19,manual_subquestion_split_needed,kept_blocked,,,"改革与法治,如同“鸟之两翼、车之两轮”,共同驱动国家治理体系和治理能力现代化。 第7页/共9页 《粮食安全保障法》将政策治理提 升为法治保障, 《民法典》以法典 化方式确认民事法治建设经验, 《乡村振兴促进法》将三农领域改 革经验上升为法律规范,为未来改 革发展提供了稳定的法治预期。 修订《国务院组织法》等法律法 规,推进政府机构改革、“放管 服”改革; 《海南自由贸易港法》让 海南自由贸易港建设有了重要遵 循;全国人大常委会授权上海创设 “浦东新区法规”,深化改革。 完善司法体制机制、综合 执法体制机制等改革,推 进司法领域“当事人一件 事”集成改革;健全覆盖 城乡的公共法律服务体 系,改进法治宣传教育。 结合材料,运用《政治与法治》知识,说明法治中国建设是如何在改革与法治的良性互动中不断推进的。"
2026_东城_期末,4,manual_review_needed,resolved_by_strong_source_signal,B4_PHILOSOPHY_EXCLUDED,STRONG_BLOCKER_B4P_LIFE_ORIGIN_SCIENCE,"40 亿年前,生命的种子如何萌发?某研究团队通过模拟早期地球环境条件,首次让核糖核酸与氨基酸通 过自发化学反应结合起来,形成了通向蛋白质合成的关键中间体。该成果为解答生命起源中 “蛋白质如何 合成”的关键问题提供了全新思路,有望应用于人工生命系统构建、原位蛋白质合成技术以及新型药物的 精准递送。这表明( ) 1模拟早期地球环境的类比实验是认识和利用规律的前提 2核糖核酸与氨基酸的自在联系可能是生命起源的关键 3生命在物质的相对运动中实现了从低级到高级的进化 4基础科学的突破能够推动生物工程与生物技术的应用 A. 13 B. 14 C. 23 D. 24"
2026_东城_期末,7,manual_review_needed,resolved_by_strong_source_signal,XB3_EXCLUDED,STRONG_BLOCKER_XB3_PREDICTION_TRUTH_TABLE,"某高中举办“科技+体育”运动会,设置四大项目:“AI 运动数据挑战赛”“AI 主题闯关”“跨年级智 能接力赛”“人机赛跑”。四位老师对比赛结果作出如下预测: 周老师:“人机赛跑”会达标。 吴老师:如果“AI 运动数据挑战赛”达标,那么“跨年级智能接力赛”就不会达标。 郑老师:如果“人机赛跑”未达标,那么“AI 主题闯关”也未达标。 王老师:“AI 运动数据挑战赛”和“跨年级智能接力赛”都会达标。 上述四人的预测仅有一个符合事实,以下哪项不可能为真( ) A. AI 运动数据挑战赛达标,AI 主题闯关未达标 B. 跨年级智能接力赛达标,AI 运动数据挑战赛达标 C. AI 主题闯关达标,跨年级智能接力赛未达标 D. AI 主题闯关达标,人机赛跑未达标"
2026_丰台_一模,1,manual_review_needed,kept_blocked,,,"“十五五”开局之年,我们踏上了强国建设、民族复兴的关键一程。习近平总书记在新 年贺词中殷切寄语:“山海寻梦,不觉其远;前路迢迢,阔步而行。让我们拿出跃马扬 鞭的勇气,激发万马奔腾的活力,保持马不停蹄的干劲,一起为梦想奋斗、为幸福打 拼,把宏伟愿景变成美好现实。”对此,下列认识正确的是 1不忘初心、方得始终,坚持党的全面领导确保中国式现代化行稳致远 2一以贯之、接力推进,以社会主义制度的创立为主线推进强国建设 3敢闯敢试、勇于创新,改革放是决定党和国家前途命运的根本力量 4坚定信仰、志存高远,将个人的奋斗融入国家和民族的伟大复兴之中 A. 12 B. 14 C. 23 D. 34"
2026_丰台_一模,2,manual_review_needed,resolved_by_strong_source_signal,B3_POLITICS_RULE_OF_LAW,STRONG_BLOCKER_B3_PEOPLE_ASSESSOR,"人民陪审员制度是社会主义民主政治在司法领域的重要体现。截至2025年底,全国人 *民陪审员达34万人,队伍结构不断优化,职业分布多元,基层群众占比超50%。不同 行业的人民陪审员带着专业积累走进法庭,其基于常识常情常理的认知,为法官准确 把握法律适用尺度提供了重要参考。人民陪审员制度 1植根我国国情,有利于提升司法审判的民主化水平 2在司法过程中兼顾法理与情理,推动案件公正审理 3通过吸纳多元主体参与,替化法官行使部分审判权 4拓宽公众参与司法的渠道,扩伏公民基本政治权利 A. 12 B. 13 C. 24 D. 34"
2026_丰台_一模,21,manual_review_needed,kept_blocked,,,"(9分) 善于识变应变求变,于变局中稳大局、开新局,是我们党领导人民战胜一切风险 挑战、牢牢把握战略主动的重要方法。 精准识变 党的十八大以来,以习近平同志为核心的党中央着眼于我国经济社会发展的新 情况新问题,面对错综复杂的国际形势和艰巨繁重的国内改革发展稳定任务,统筹 推进“五位一体”总体布局,扎实推动高质量发展,推动中国这艘巨轮破浪前行。 科学应变 面对发展中的结构性矛盾与系统性挑战,我们党以科学决策精准应对发展变局。 从“西电东送”“东数西算”实现东部需求和西部优势精准匹配,到建设统一大市 场串起全国“一盘棋”,再到山水林田湖草沙一体化保护和系统治理,这些实跑充 分彰显了我们党审时度势的科学应变智慧与能力。 主动求变 推进中国式现代化这一前无古人的开创性事业,必然面临各类风险挑战,唯有 主动求变才能开辟光明未来。“嫦娥”揽月、“奋斗者”入海等重大科技取得突破; “十五五”规划前瞻布局未来产业;“海南封关”主动扩大高水平对外开放⋯••这 些实践与部署,生动诠释了我们党主动求变的坚定决心与使命担当。 结合材料,综合运用所学,谈谈你对善于识变应变求变的理解。 CS 扫描全能王 3亿人都在用的扫描App"
2026_丰台_二模,6,manual_review_needed,resolved_by_strong_source_signal,B4_PHILOSOPHY_EXCLUDED,STRONG_BLOCKER_B4P_LITERARY_IMAGE_THINKING,"燕子归来是文学作品中的常见意象,在经典诗词中被赋予丰富的内涵。如“几处早莺 争暖树,谁家新燕啄春泥”绘早春生机;“泥融飞燕子,沙暖睡鸳鸯”写春日和暖; “无可奈何花落去,似曾相识燕归来”叹时光流转。该意象 A. 直接揭示了燕子归来与季节变换之间本质的必然的联系 B. 是艺术加工的产物,体现了主观与客观的相互转化 C.可脱离客观现实,实现对自然现象的概括与总结 D. 是人们对春日生机的反映,体现了思维的能动性"
2026_丰台_二模,9,manual_review_needed,resolved_by_strong_source_signal,XB3_EXCLUDED,STRONG_BLOCKER_XB3_TRUTH_LIAR_LOGIC,"花茶是我国独具特色的茶叶品类,主要有茉莉花茶、白兰花茶和珠兰花茶等。甲、乙、 丙、丁四人对这三种茶的态度只有“喜欢”或“不喜欢”,每人恰好喜欢两种、不喜 欢一种,且四人中只有一人说假话,其余三人说真话。 甲:乙不喜欢茉莉花茶。 乙:我不喜欢的茶与丙相同。 丙:甲喜欢茉莉花茶,且丁不喜欢白兰花茶。 丁:甲、乙、丙三人中恰好有两人喜欢茉莉花茶。 据此,下列推断必然为真的是 1甲不喜欢白兰花茶 2乙喜欢珠兰花茶 3丙不喜欢珠兰花茶 4丁不喜欢白兰花茶 A. 13 B. 14 C. 23 D. 24"
2026_丰台_期末,16,manual_review_needed,kept_blocked,,,"(7分) 留白,干疏密间见张驰,于空白处藏深起。它是山林间的溪谷,以一脉清润 滋养万物之灵;它是高楼旁的绿地,以方寸绿意涵养共生之美;它楚喧囂申的沉 思,以片到安然积蓄商上之力。但过度留白可能以空旷充素净意场:E蔬蔸充生 态宜居;以虚无无从容自在。 结合材料,运用《哲学与文化》知识,谈谈你对留白的理解。"
2026_丰台_期末,19,manual_subquestion_split_needed,kept_blocked,,,"(8分) 我国发展人工智能具有独特有利条件,前景无比广阔. •⋯... 1今 为贯彻落实党中央发展人工智能的战略部著,厨务院印发了《关于深入实 施“人工智能+”行动的意见》,明确实施“人工智能+” 行动的总体要求、 发展目标和重点方向。 2024年,全国数据生产总量这41,06泽字节(2B1、这三脚教過圖量 的26.67%,用于火工智罷开发、训练和推理的数据量网比增长40.950。 今 我国作为全球唯一拥有联合国产业分类中会部工业门类的国家,已形成覆 盖基础底座、模型框架、行业应用的完整人工智能产业体系。 父国調有14妃多人口、约2亿经营主体和超过4仔的电等收入群体,连: 续10余平稳居全球第二大商品消费由场和敢大网络翠售市场。 今我国已建成世界规模最大且有质量的教育体系,以才资源总量、科技人力 资源总量、研发人员总量均居世界第一,软件开发者近千万人,在数学、计 算机、工程等多学科领域汇聚了高水平人才队伍。 结少材料),运用《经济与社会》知识,概桥我闽发暴人工智能的有利条件, 并分析这些有利条件在人工智能赋能经济社高质量发展中是如何发挥作用的。 高三思想政治 第7页(共9斑 ===== 试卷.pdf page 8 ====="
2026_延庆_一模,2,manual_review_needed,kept_blocked,,,"在人工智能广泛应用于生产生活领域的当下,许多传统由人类直接完成的劳动任务,如今部分或全部由 智能机器替代执行。例如,智能工厂里的机械臂精准完成产品组装,智能客服自动处理大量客户咨询 等。这一现象表明 1人工智能的应用使劳动的主体发生变化,劳动的形式和内容有所创新 2人工智能的应用使劳动的社会性消失,很多工作不需要协作完成 3人工智能的应用是意识能动作用的体现,推动劳动向智能化、高效化转型 4人工智能的应用促使劳动的分工更加细化,人类与机器形成新的互补关系 A. 12 B. 13 C. 24 D. 34"
2026_延庆_一模,7,manual_review_needed,resolved_by_strong_source_signal,XB3_EXCLUDED,STRONG_BLOCKER_XB3_AIGC_CONCEPT_RELATION,"人工智能生成内容(AIGC)是指利用人工智能技术自动生成的各类内容,常见形式包括文字、图片、音 频、视频、代码等。AIGC 是当前人工智能领域的热门应用方向,AIGC 的快速发展,催生了大批相关从业 者。下列表述符合逻辑思维规则的是 A. “人工智能”与“人工智能生成内容”是交叉关系 B. “AIGC 生成的视频”与“AIGC 生成的图片”是反对关系 C. 有些 AIGC 工具能生成图文,有些AIGC 工具能生成视频,所以,有些能生成视频的工具能生成图文 D. 所有 AIGC 从业者都需掌握算法基础,小延不是AIGC 从业者,所以,小延不需要掌握算法基础"
2026_房山_一模,18,manual_subquestion_split_needed,kept_blocked,,,"(14分) 人与自然是牛命共同体,要像保护眼睛一样保护自然和生态环境。 材料一 蓝天成为常态是看得见的幸福,成为首都老百姓最有获得感的一件事,2025 年全市空气质量优良天数达348天,优良天数比例近95%,实现了从“雾霾困扰”到“常 态蓝天”的转变。治理路径如下: 系统治理:统筹产业、能源、交通、用地四大结构调整,推进工业减排、机动车清 洁化、扬尘精细化管控、散煤清零,多污染物协同控制 精准施策:聚焦重点区域、重点行业、重点时段,分区分类、一企一策,避免“一乃场” 久久为功:一茬接着一茬干,以日积月累的治理行动,以持续治理推动空气质量稳 步提升 (1)结合材料一,运用辩证思维方法,分析北京是如何通过科学治理实现“常态蓝天” 的。(6分) 材料二 良好的生态环境是最普惠的民生福祉,党的二十届三中全会明确提出“编纂 生态环境法典”。 党中央将 编纂生态 环境法典 列入党中心 央重要工 作议程 全国人大常 成立生态环境法典编 编纂工作专班 经第十四 委会将编纂 纂领导小组,全国人大 赴多地开展调 届全国人 生态环境法 宪法法律委、国家发展 研,通过多种 民代表大 典列入年度仁》改革委、最高人民法 二》方式广泛听取 • 会第四次 立法工作计 院、最高人民检察院等 意见建议,形 会议审议 划 同志参加,统筹协调法 成生态环境法 通过 典编纂中的重要问题 典草案 体例结构上,首先考虑蓝天、碧水、净土三大污染防治攻坚战 增加规定地方各级人民政府应当科学精准加强秸秆、落叶等焚烧的组织、指导和管理, 明确禁止在人口集中地区露天焚烧秸秆、落叶等会产生烟尘污染的物质 • 针对生态环境领域执法司法新情况新问题,构建更加统一完备、严格规范的法律责任 体系 (2)结合材料二,运用《政治与法治》知识,谈谈编纂生态环境法典是如何坚持科学 立法的。(8分) ===== 试卷.pdf page 10 ==="
2026_房山_一模,7,manual_review_needed,resolved_by_strong_source_signal,XB3_EXCLUDED,STRONG_BLOCKER_XB3_CONCEPT_DIVISION_CONTRADICTION_LAW,"2026年央视春晚节目《武BOT》,将中华传统武术与人形机器人表演相结合d机器人 凭借精准算法、稳定控制,完成高难度武术动作;武术少年展现气韵神韵,人机协同 呈现出兼具科技感与文化感的舞台效果。对这一创意节目,下列表述正确的是 1节目创意源于实践,并经过精心构思,体现了思维具有能动性 .2 “表演形式”划分为“传统武术”“机器人表演”“舞台表演” 3 “传统武术表演”与“机器人武术表演”两个概念属于矛盾关系 4节目既保留武术神韵,又实现科技创新,没有违背矛盾律的要求 A. 12 B. 14 2 D. 2 4 ===== 试卷.pdf page 4 ===== “吃水不忘挖井人”的故事,讲述的是毛泽东发现群众饮水困难,带领干部群众挖井 取小,井挖成后,群众再也不用到池塘挑脏水喝了。如今,在瑞金沙洲坝,“吃水不 忘挖井人,时刻想念毛主席”的石碑依然矗立。上述材料最适合论证的观点是 A.党员干部要践行根本宗旨,把为民造福作为最大政绩 B. 党员干部要传承红色文化基因,克己奉公、无私奉献 C.党员干部要坚定马克思主义信仰,服从组织、严守纪律 D. 党员干部要依法执政,完善公共服务,提高人民生活品质"
2026_朝阳_一模,12,manual_review_needed,resolved_by_strong_source_signal,B2_ECONOMICS,STRONG_BLOCKER_B2_INTELLIGENT_ECONOMY_PATH,"智能经济新形态,是以人工智能为核心驱动力、以数据为关键要素、以全域智能化为基本特征的新一 代经济形态,是“人工智能+”从局部赋能向系统性重塑转型的产物。关于打造“智能经济新形态”的实 施路径,下列传导正确的是( ) 1更新基础设施→实现数据广泛汇聚→优化算力结构→输出高效智能服务 2聚焦技术攻关→突破核心算法→嵌入业务场景→赋能传统产业智能化升级 3构建智能产业平台→新业态持续涌现→催生营销模式创新→实现资源要素整合 4重建标准体系→提升数据生成能力→降低协作成本→推动智能经济生态繁荣 A. 12 B. 14 C. 23 D. 34"
2026_朝阳_一模,17,manual_subquestion_split_needed,kept_blocked,,,"博物馆作为城市的文化名片,承载着历史记忆与文明薪火。 《北京博物馆之城建设发展规划(2024-2035) 》提出,支持朝阳区等地建设博物馆之城示范区。某校 同学聚焦“朝阳区全力打造馆城相融的博物馆之城”话题,开展学习实践活动。 【学习理论】 馆城融合发展是指推动博物馆与城市空间、历史文化、公共服务、产业经济深度融合,将博物馆嵌入 社区、公园、交通场站、商圈及历史街区,让博物馆成为城市功能、市民生活与城市风貌的有机组成部 分,实现以文兴城、以城载馆、馆城共生。 【参与实践】 在馆城融合发展政策引领下,中国铁路博物馆开展“快闪博物馆”进校园活动,并向同学们征集博物 馆文创产品设计方案,以增强文创产品的市场竞争力。某小组同学拟借助生成式人工智能大模型为文创设 计提供思路(见下图) 。 AI 任务指令: 请依据爆款文创产品受好评的高频词汇:设计、手工、做工、礼物、材质、包装、博物馆等,概括爆款 博物馆文创产品的三个特点。 AI 结论:"
2026_朝阳_一模,3,manual_subquestion_split_needed,kept_blocked,,,"非遗变脸与机械武术同台演绎,自制旋转木马讲解力学原理,机器人乐队、科普实验轮番亮相⋯⋯某地 以春节科普活动为契机,实现“科普+文化”“科普+非遗”相融合,让观众在感受年味的同时,轻松读懂 传统文化背后的科学密码。这体现出( ) 1春节成为全民科学素养提升的主阵地和文化传播的新平台 2科普让科学精神融入日常生活,让文化自信浸润中华大地 3只有抓住主要矛盾,才能实现民族文化与外来文化的交融 4坚持辩证否定,可以使传统文化在科技赋能下焕发新的光彩 A. 13 B. 14 C. 23 D. 24 第2页/共13页"
2026_朝阳_期末,11,manual_review_needed,resolved_by_strong_source_signal,XB3_EXCLUDED,STRONG_BLOCKER_XB3_SYLLOGISM_PREMISE,"具有耐干旱、耐高温特点的月季花,正在逐渐成为北京城市绿化、彩化景观的主角。如果以“北京街头 大部分的绿化花卉是耐干旱月季花 ”为小前提,以“北京街头大部分的绿化花卉适应北京夏季高温环境 ” 为结论,应该补充的大前提是( ) A. 耐干旱月季花适应北京夏季高温环境 B. 有些耐干旱月季花适应北京夏季高温环境 C. 有些耐干旱月季花不适应北京夏季高温环境 D. 所有适应北京夏季高温环境的花卉都是耐干旱月季花"
2026_海淀_一模,12,manual_review_needed,resolved_by_strong_source_signal,B2_ECONOMICS,STRONG_BLOCKER_B2_AI_PRODUCTIVITY_TOOL,"一位从未写过代码的开发者借助人工智能工具,仅耗时约一小时就完成了一款App 开发;三 位开发者花费一千元,便“手搓”出一款轻量化独居安全 App•利用人工智能等新生产工 具将一个新的创意转化为一个产品,这是“手搓经济”的典型场景。“手搓经济” A 降低市场准人门槛,激发创造性劳动 B. 通过标准化生产摊薄成本,实现规模效应 C. 周期短、省人力,投人产出比高 D. 提高资源配置效率,容易催生行业垄断 能源安全事关经济社会发展全局。回答第13、14题。"
2026_海淀_一模,13,manual_review_needed,resolved_by_strong_source_signal,B2_ECONOMICS,STRONG_BLOCKER_B2_GREEN_ENERGY_STRUCTURE,"“十四五”时期,我国建成全球最大、发展最 水电 607 •火电 快的可再生能源体系。对右图分析正确的是 50- •心-核电 1太阳能发电快速发展,成为我国占比最大 ••风电 40- 0太阳能发电 的能源类型 30- 2风电、核电装机容量不断增加,绿色能源 20- 发展动能强劲 10- 3火电装机容量持续下降,加速推进我国能 0 2021 源转型 2022 2023 2021—2024年我国各能源类型发电装机容量同比增长率 2024年份 4我国能源结构优化升级,绿色低碳发展取得积极成效 A. 13 B. 14 C. 23 D. 24"
2026_海淀_一模,18,manual_subquestion_split_needed,kept_blocked,,,"(15分)消费是经济增长的持久动力,事关民生福祉。 材料一 随着我国居民生活水平提高,服务消费日益成为经济高质量发展的重要引擎。 2021—2025年全国居民人均服务性消费支出及占比 16000 元19000 12000 出 支 10000 費 8000 人均服务性消 6000 4000 2000 0 •50 • 48 •46 -44 •42 •40 年份 2021 2022 口人均服务性消費支出(元) 2023 2024 2025 -口-占居民人均消费支出比重(%) 注:服务性消费支出,是指住户用于各种生活服务的消費支出,包括餐饮服务、教育文化娱乐 服务、医疗服务、居住服务、家庭服务、交通通信服务和其他服务。 (1) 材料一反映了什么信息?(2分) (2)服务消费,一头连着经济,一头连着民生。结合材料一,运用《经济与社会》知识,说 明服务消费在推动经济高质量发展方面的作用。(6分) 材料二 聚焦新领域,人民法院以高质量司法维护消费者合法权益,营造放心消费环境。下 列是人民法院受理的两个案件: 【案件1】张某等人因不满商家的“剧本杀”游戏服务,上网发布差评,随后商家在社交平台 发布张某等人的游戏包厢监控视频录像片段、网络聊天信息等。张某等人起诉要求商家停止侵权、 赔礼道歉及赔偿精神损失等。 【案件2】赵某在网络平台宣传某理疗产品具有“治疗糖尿病并发症” 等功效。孙某看到后至 赵某经营的理疗店体验,并购买了10个疗程的理疗项目。4个疗程后并无效果,孙某与赵某协商 退款未果,遂向法院提起诉讼,要求其返还已支付的费用并承担三倍价款的惩罚性赔偿责任。法 院支持了原告诉讼请求。 (3)阅读材料二,运用《法律与生活》知识,完成下表。(7分) 案件 裁判结果 裁判理由 案件1 1 2 案件2 支持原告诉讼请求 3 高三年级(思想政治)第6页(共8页) ===== 试卷.pdf page "
2026_海淀_一模,7,manual_review_needed,kept_blocked,,,"健康是学生追梦的底气,是人生画卷的底色,没有身心健康作铺垫,再美的蓝图也无从落笔。 如今,越来越多的行动让“健康第一” 教育理念正成为校园里看得见、摸得着的日常。 ◎ 将利用率较低的空间改造成运动项目体验区,设置趣味游戏项目 ◎ 引入机器人陪伴学生交流,辅助教师开展心理疏导 ◎ 推进“互联网+明厨亮灶”,实时公开餐饮服务食品加工全过程 下列分析正确的是 1运动项目体验区的改造是对原有空间功能的彻底否定 2结合现代科技可以助力学校摆脱现实制约,全面守护健康 3只有坚持“健康第一” 的理念,才能引领学生健康成长 4学校应优化健康教育内容和形式,构建全方位育人生态 A. 12 B. 13 C. 24 D. 34"
2026_海淀_二模,14,manual_review_needed,resolved_by_strong_source_signal,XB1_EXCLUDED,STRONG_BLOCKER_XB1_FOREIGN_TRADE_VALUE_CHAIN,"“十五五”首季,中国经济起步有力、开局良好,外贸进出口再创新高。 据此可知 1外贸出口规模与质量提升,有效扩大社会总需求 2跨境资本流动加快,全球要素配置效率显著提升 3制造业实力增强,稳步向全球贸易价值链高端迈进 4外贸市场呈多元化趋势,区域政治经济一体化程度加深 A.12 B.13 C.24 D.34"
2026_海淀_期末,12,manual_review_needed,kept_blocked,,,"中国在加快自身绿色发展、绿色转型的同时,也积极推进“绿色丝绸之路”建设。在埃及,中国节水梯田模式被成功“复制”,助力西奈半岛山区涵养水源、发展农业;在埃塞俄比亚,中国科研人员推广“清灌育草、封育轮牧、牧养结合”的生态修复与发展模式......共建“绿色丝绸之路” 1顺应全球绿色低碳发展潮流,建设清洁美丽世界 2推动全球生态治理合作,革新了国际经济发展秩序 3造福各国人民,为其他国家提供普遍适用的发展模式 4传递了生态文明理念,凝聚绿色发展的国际共识 A.12 B.14 C23 D.34"
2026_海淀_期末,18,manual_subquestion_split_needed,kept_blocked,,,"(8分) 人民城市人民建,人民城市为人民。党的十八大以来,各地把人民城市理念融入城市发展全过程和城市工作各方面、不断提高城市治理现代化水平 上海 重庆 北京 “支部建在街面上”。针对沿街商铺用工灵活、快递小哥高频流动等变化,在社区、楼宇、园区等围墙之外的街区,建立党组织,设街区党支部书记,让每一个人都能就近找到党组织,使党建引领这根红线贯穿基层治理全过程各方面。 民生实事项目人大代表票决制全面铺开以群众按需“点单”、代表票决“选单”。政府依法“领单”、人大跟进“查单”的形式,建立起民生实事项目“群众捉——代表定——政府办——人大评”的工作机制,推进城市治理。 创新探索“接诉即办”12345市民服务热线依民生大数据、人工智能,成为民生大数据平台与城市治理平台政府部门通过大数据与模型算法,筛查突发诉求,并结合来自市民“第一现场”的信息反馈,有效提升城市风险的监测感知与预警能力。 运用《政治与法治》知识,阐释上述城市践行人民城市理念的实践。"
2026_海淀_期末,19,manual_subquestion_split_needed,kept_blocked,,,"(6分) 2025年6月底,两部有关基层群众自治组织制度的基本法律——村民委员会组织法和城市居民委员会组织法(以下简称“两委”相织法)同时迎来修改。某班同学讨论“两委”组织法修改的意义,查阅到以下资料。 资料包 随着乡村振兴战略全面实施,农村面貌正在发生翻天覆地的变化,同时,我国城镇化进程加快,城市规模在不断扩大......基层治理实践积累了一些新的经验做法,也面临一些新情况新问题。 村民委员会组织法修改草案明确村民委员会职责,增加其引导村民践行社会主义核心价值观、铸牢中华民族共同体意识的职责规定。同时,规范了村民会议的召开频次,规定村民会议每年至少召开一次。 城市居民委员会组织法在选举方面作出完善。明确户籍不在本社区但在本社区常住的居民、在本社区工作六个月以上的社区工作者可依法参加选举;明确要完善居民委员会的职责任务,增加了引导居民践行社会主义核心价值观、指导协助设立业主大会等内容。 参考资料包,运用《政治与法治》知识,说明此次“两委”组织法修改的意义。"
2026_海淀_期末,20,manual_subquestion_split_needed,kept_blocked,,,"(7分) 用好红色资源,赓续红色血脉。2025年9月,最高人民检察院发布“铭记抗战历史,传承抗战精神”检察公益诉讼典型案例。以下是其中的一则案例。 【基本案情】 1937年9月,八路军一二○师由陕西东渡黄河进入山西抗日前线,在神池县设立指挥部。新中国成立后,地方政府将指挥部旧址房屋分给村民居住,几经易主存续至今。2015年8月,该旧址被忻州市人民政府公布为第二批市级文物保护单位。因产权归住户所有,为改善生活,住户加建牛棚、更换现代门窗,严重破坏了文物历史风貌,旧址面临损毁风险。 【履职情况】 神池县人民检察院提起行政公益诉讼并向县文旅局、文物所在地镇政府制发行政公益诉讼检察建议,督促相关单位依法履行文物保护职责。人民检察院协调镇政府与住户协商,在妥善保障住户权益的前提下,通过置换补贴方式依法取得房屋所有权。之后,县文旅局依法设立文物保护标识,确定文物保护直接责任人,并申请专项资金进行全面修缮,恢复了旧址的历史风貌。 运用《政治与法治》知识,说明这一案例的入选理由。"
2026_海淀_期末,7,manual_review_needed,resolved_by_strong_source_signal,B3_POLITICS_RULE_OF_LAW,STRONG_BLOCKER_B3_PARTY_STYLE_GOVERNANCE,"延安作风是中国共产党在延安时期形成的独特革命精神风貌。 我们是共产党人......就万万不能沾染官僚习气......我们要养成一种新的风气,延安作风。——毛泽东 我们党之所以能够取得新民主主义革命的胜利,带领人民建立了新中国,原因有很多条,其中重要一条是我们党始终保持同人民群众的血肉联系,最终“用廷安作风打败西安作风”。——习近平 关于延安作风,下列理解正确的是 1延安作风是党的宝贵精神财富,是党认识和解决问题的行动依据 2延安作风集中体现了党的初心使命和性质宗旨,广泛赢得了民心 3延安作风为新时代作风建设提供历史参照,是新时代党员的根本行为规范 4新的历史条件下不断传承弘扬延安作风,要一以贯之推进全面从严治党 A.12 B.13 C.24 D.34"
2026_石景山_一模,3,manual_review_needed,resolved_by_strong_source_signal,B4_PHILOSOPHY_EXCLUDED,STRONG_BLOCKER_B4P_AI_CONSCIOUSNESS,"AI 写作以其强大的数据处理和算法分析能力,为写作带来了革命性的效率提升,也为创作者提供丰富 的素材和思路。通过数据投喂训练,AI能够形成个性化写作风格,或模仿特定创作范式。然而,AI写作也 会出现表述机械、套话堆积、信息来源模糊、缺乏原创性和创造力等问题。这说明( ) 1AI能进行思维模拟,不能替代人的意识和特有感知 2新事物都具有两面性,AI写作的利与弊不可调和 3写作应发挥主观能动性,跳出路径依赖,展现独立思考 4AI写作的高效,展现了其创作具有直接现实性的优势 A.13 B.14 C.23 D.24 第2页/共10页"
2026_石景山_一模,4,manual_review_needed,resolved_by_strong_source_signal,B4_CULTURE,STRONG_BLOCKER_B4C_TANG_POETRY_CITY_CULTURE,"陕西西安着力打造“唐诗之都”的文化品牌。到西安,你可以赴一场终南山下的 “唐诗之约”,去大 唐不夜城“邂逅李白”,到唐城墙遗址公园参加社区诗会。古城建设力求把“在册之诗”,变成“在地之 诗”、化为“在心之诗”。这就需要( ) 1人人背诗,加深文化记忆,继承发展“在册之诗” 2因景成诗,因诗成景,打造独特的“在地之诗” 3涵养城市文明风尚,形成泽润人心的“在心之诗” 4提升城市现代化水平,形成一方水土的“在地之诗” A.12 B.14 C.23 D.34"
2026_石景山_一模,6,manual_review_needed,resolved_by_strong_source_signal,XB3_EXCLUDED,STRONG_BLOCKER_XB3_EMBODIED_INTELLIGENCE_CONDITION,"具身智能是指智能体通过身体与环境的互动产生的智能行为。从字面上理解,具身智能是指具有身体 的人工智能,但并非所有具有身体的人工智能都是具身智能,只有那些能像人一样感知、学习的人工智能, 才能称之为具身智能。如果材料内容为真,下列推断必然正确的是( ) 1具有身体的人工智能不是非具身智能 2有些具有身体的人工智能是能像人一样感知、学习的人工智能 3如果不能称之为具身智能,则是不能像人一样感知、学习的人工智能 4除非是能像人一样感知、学习的人工智能,否则不能称之为具身智能 A.13 B.14 C.23D24"
2026_石景山_二模,3,manual_review_needed,resolved_by_strong_source_signal,B4_PHILOSOPHY_EXCLUDED,STRONG_BLOCKER_B4P_DIALECTICS_BROAD_FINE,"“致广大而尽精微”语出《中庸》,意思是:既要致力于达到广博深厚的境界,又要尽心于精细微妙之处。这句话包含大与小的辩证法,又是为政、修身的方法论。以下做法符合其理念的是 1立足推进中国式现代化的大局谋划地区工作,因地制宜、精准发力 2重视“微”,群众利益无小事,从细节着手,做到“眉毛胡子一把抓” 3注重“精”,以“绣花功夫”把改革发展各项工作做扎实、做到位 4做到“尽”,防止过犹不及,做到得中而处,把握好事物发展的度 A.12 B.13 C.24 D.34"
2026_西城_一模,10,manual_review_needed,resolved_by_strong_source_signal,XB2_EXCLUDED,STRONG_BLOCKER_XB2_ELEVATOR_PROPERTY_RIGHTS,"某住宅楼业主就加装电梯事项依法形成决议,相关建设规划申请获得行政主管部门批准。施工期间,该楼一层业主甲因加装电梯影响房屋采光而坚决反对。对此,下列分析正确的是 1 因未获得全体业主一致同意,且已对甲造成实质影响,该决议无效 2 加装电梯的决议合法有效,甲必须无条件服从 3 加装电梯的决议有效,但应补偿甲的房屋采光受影响的损失 4 加装电梯涉及情理法,应遵循团结互助、公平合理的原则开展协商 A.12 B.13 C.24 D.34"
2026_西城_一模,15,manual_review_needed,resolved_by_strong_source_signal,XB1_EXCLUDED,STRONG_BLOCKER_XB1_WTO_REFORM,"中国向世贸组织提交《关于当前形势下世贸组织改革的立场文件》,这是世贸组织改革进程启动以来,中国向世贸组织提交的首份全面系统阐述改革立场的政策文件。为促进世界经济发展繁荣,世贸组织应 A.坚持和平共处原则,积极主导国际政治经济秩序 B.专业、高效、廉洁,以发展中国家的共同繁荣为宗旨 C.发挥多边金融机构的作用,推动基础设施建设和互联互通 D.以发展为中心,引领世界贸易体系的新秩序,改善全球经济治理格局 第二部分 本部分共6题,共55分。"
2026_西城_一模,6,manual_review_needed,resolved_by_strong_source_signal,B4_PHILOSOPHY_EXCLUDED,STRONG_BLOCKER_B4P_TECH_SCENARIO_DIALECTICS,"场景是新技术、新产品实现创新落地的试验场,是连接技术与产业、打通研发与市场的关键桥梁。从具身智能训练场汇集多品牌人形机器人,在模拟的工业、康养等环境中协同训练,到AI覆盖交通、民生等众多场景,场景应用不仅检验技术“有没有”,更在“好不好用”“能不能推广”上给出回答。创新应用场景 A.应立足龙头企业这一关键部分,更好推动创新应用产业化发展 B.在推动产品不断迭代升级中,实现新事物与旧事物的相互转化 C.要善于把握寓于共性中的个性,推动技术从单一领域向众多行业辐射 D.通过建立多样的联系形式,满足多元需求,促进价值转化"
2026_西城_二模,11,manual_review_needed,resolved_by_strong_source_signal,XB2_EXCLUDED,STRONG_BLOCKER_XB2_MARITAL_PROPERTY_COMPANY,"夫妻钱某和赵某有两套住房,其中一套是钱某婚前购买的。钱某计划自己创业办公司,急需资金,想用家里的房产作抵押。下列分析正确的是 1两套房产都属于夫妻共同财产,钱某抵押房产需要得到赵某的同意 2房产抵押可以解决钱某的融资问题,保证流动性,实现物尽其用 3钱某作为公司股东取得的经营收益如无特别约定,属于夫妻共同财产 4如果钱某创办的公司破产,需要夫妻双方共同承担无限责任 A.12 B.14 C.23 D.34"
2026_西城_二模,15,manual_review_needed,resolved_by_strong_source_signal,XB1_EXCLUDED,STRONG_BLOCKER_XB1_G20_GLOBAL_ECONOMIC_GOVERNANCE,"面对世界经济形势的发展演变,全球经济治理需要与时俱进、因时而变。共同完善全球经济治理,二十国集团应 1加强沟通和协调,照顾彼此利益关切,共商规则共迎挑战 2充分行使主权,共同构建公正高效的全球金融治理格局 3推动各国在国际经济合作中的权利平等、机会平等、规则平等 4构建开放透明的全球贸易和投资治理格局,避免利益的差别和对立 A.12 B.13 C.24 D.34 第二部分 本部分共5题,共55分。"
2026_西城_二模,5,manual_review_needed,resolved_by_strong_source_signal,XB3_EXCLUDED,STRONG_BLOCKER_XB3_CONDITIONAL_PREMISE,"生态环境法典将“绿色低碳发展”单独成编,对噪声、油烟等群众“家门口”的顽疾作出专门规定。某社区落实法典精神,通过大家商量着办,制定了如下规则: 只有解决了餐饮油烟扰民问题,或解决了固定设备噪声扰民问题,该社区才能参与竞选绿色宜居示范小区。 据此,要必然推出“该社区解决了餐饮油烟扰民问题”,需要以下哪项作为前提 A.该社区解决了设备噪声扰民问题,但未入选示范社区 B.该社区未解决设备噪声扰民问题,但入选了示范社区 C.该社区解决了设备噪声扰民问题,且入选了示范社区 D.该社区未解决设备噪声扰民问题,且未入选示范社区"
2026_西城_期末,1,manual_review_needed,resolved_by_strong_source_signal,B4_CULTURE,STRONG_BLOCKER_B4C_NATIONAL_SPIRIT_BELIEF,"“我们要抱定必胜的决心,保卫黄河!保卫华北!保卫全中国!”抗战时期 我国军民抵御侵略的精神旗帜,如今更转化为新时代的坚定信念。昔日的战场上, 盐碱滩涂变沃土、光伏蓝板聚能量、特色产业促振兴•••从站起来、富起来到强 起来,中国人民的必胜信念更加紧定。 必胜信念 1 是时代的产物,时代越发达,信念越坚定 2 始终承载着中国人民对民族复兴伟业的执着追求 3 根植于革命实践,在中国式现代化建设中得到完整诠释 4 跨越时空,历久弥坚,为中国发展提供了强大精神动力 A. 12 B.13 C. 24 D. 34 C 2. B 3. A 4.D 5.C 6.C 7.D 8.B 9.D 10.B"
2026_西城_期末,12,manual_review_needed,resolved_by_strong_source_signal,B2_ECONOMICS,STRONG_BLOCKER_B2_RAILWAY_PRICING_RESOURCE_ALLOCATION,"据报道,铁路部门对130余条线路的1300余趟动车组列车进行票价优惠调整。执行票价以 12306 公布票价为上限,实行不同幅度的折扣:旅时长、客座率偏低的列车打折幅度 较大,旅速快、长期供不应求的列车小幅打折或不打折,学生、儿童、残疾军人、伤 残人民警察、残疾消防救援人员等旅客继续享受“折上折”。下列评论正确的是 A.动车票价完全市场化,有利于铁路运输资源优化配置 B. 铁路企业可以通过差别定价,增加盈利,确保竞争优势 C.旅客的差异化出行偏好,促使铁路部门执行不同折扣的票价 D. 对不同旅客执行不同票价属于价格歧视,不符合公平交易原则 北京市西城区 2025—2026 学年度第一学期期末试卷 高三思想政治 第4页(共9页) ===== 2026北京西城高三上期末政治教师版.pdf page 5 ====="
2026_西城_期末,18,manual_subquestion_split_needed,kept_blocked,,,"(7分)“检察+”公益诉讼在行动。 【志愿者之声】 以前轮椅上公交站台很费劲,现在缓坡坡度合造,盲道连贯,出行方便多了! 【代表之声】 此次环境整改,连同去年我参与的公共场所无障碍卫生间公益诉讼案,,都有效解决了 老年人和残疾人群体出行便利、隐私保护的问题,我对办理结果非常满意! 【检察机关之声】 这主要得益于“检察+”公益诉讼联动协作机制:检察院收集人大代表在调研中发现的 公益损害线索,邀请代表参与案件磋商与听证,充分听取代表们提出的“金点子”,联合 行政部门明确整改清单。对整改不力的单位,我们会邀请人大代表参与“回头看”,提请 人大常委会以专题询问、执法检查等方式跟进督促。此外,还整合了政务服务网等平台信 息,听取政协委员、人民监督员、专家学者等各方意见建议,提高办案质量。 运用《政治与法治》知识,解释“检察+”公益诉讼联动协作机制的治理逻辑。 1邀请人大代表、政协委员、人民监督员、专家学者等多方参与案件磋商、听证及“回 头看”,广泛听取各方意见建议,既保障了人民群众的知情权、参与权和监督权,又 践行了全过程人民民主的理念,让治理过程充分汇聚民意。 2检察机关依法履行法律监督职责,通过公益诉讼推动行政机关依法履职,针对整改不 力单位联动多方跟进督促,以法治思维和法治方式破解公共利益保护难题,彰显了法 治在国家治理中的重要作用。 3检察机关联动人大、行政部门、政协等多方主体协同发力,遵循民主基础上的集中、 集中指导下的民主原则,有效整合治理资源,凝聚治理合力,显著提升了公共事务治 理效能。 4以磋商、听证等协商方式搭建沟通平台,与各方凝聚整改共识、推动问题落地解决, 精准体现了协商民主的治理特色,让公益诉讼治理更具科学性和认可度。"
2026_西城_期末,6,manual_review_needed,resolved_by_strong_source_signal,XB2_EXCLUDED,STRONG_BLOCKER_XB2_ACCESSIBLE_WORKS_COPYRIGHT,"无障碍视听作品是通过技术或创作手段,使视听内容能够被残障人 士(如视障、听障、认知障碍等群体)平等感知和理解的影视或多 媒体作品。某影视APP开通无障碍剧场,向社会提供无障碍视听作 品。平台设置了严格的身份验证流程,用户需跳转至中国残联官网 完成验证后才能兔费使用。该模式 1 能精准锚定受益人群,但也造成个人信息泄露,违背了个人信 息“最小必要、目的限定”原则 2 借助身份核验防止作品被滥用,保障著作权人的商业利益 3 向残障人士提供已发表的作品,属于著作权的法定许可使用 4 通过无障碍格式制作,满足了视听障碍者观影这一公共利益的需求 A. 12 B. 13 C. 4 D. 身份认证 视障人员身份认证 本认证由中国残实人联合会提供, 偵息由中阅残联信息中心收集,仅 用于认证股务使用 谛输入曳份证号 认证, 3 4 北京市西城区 2025—2026学年度第一学期期末试卷 高三思想政治! 第2页(共9页) ===== 2026北京西城高三上期末政治教师版.pdf page 3 ====="
2026_通州_期末,10,manual_review_needed,resolved_by_strong_source_signal,XB3_EXCLUDED,STRONG_BLOCKER_XB3_LOGICAL_THINKING_LAW,逻辑思维是法学研究和实践的重要方法和工具。下列分析正确的是( ) A. 12 B. 13 C. 24 D. 34
2026_通州_期末,3,manual_review_needed,kept_blocked,,,"小产品赢得大市场,这对企业发展的启示是( ) 1以差异化优势拓宽海外市场,提升竞争力 2推动需求侧改革,不断促进需求牵引供给 3适应市场需求,生产适销对路的优质产品 4推进高水平对外开放,为世界带来新机遇 A. 12 B. 13 C. 24 D. 34"
2026_门头沟_一模,10,manual_review_needed,resolved_by_strong_source_signal,XB2_EXCLUDED,STRONG_BLOCKER_XB2_FAMILY_SUPPORT_RELATION,"某社区开展“家庭责任教育周”活动,拟用真实案例制作展板。以下案例最适合作为 “扶养关系”素材的是 A. 独居的刘叔叔遭遇意外行动不便, 社区组织居民轮流上门照料、 提供食物与日常用 品,帮助其渡过难关 B.李奶奶年事已高、行动不便,子女齐心协力承担日常照料、医疗费用与生活开支, 保障老人安享晚年 C.张某作为有负担能力的成年兄长,在父母离世、其他近亲属无力照料的情况下,对 未成年妹妹进行照料 D. 严某与温某夫妻二人离异后, 未成年女儿随母生活, 父亲长期支付孩子的生活、 教 育、医疗等必要费用"
2026_顺义_一模,2,manual_review_needed,kept_blocked,,,"2025 年底,多台专注挖掘北京题材的新戏大戏接连上演,杂技剧场« 屋顶上的北平» 用现 代舞台语言演绎古都风云,话剧« 金中都» ,深入挖掘了一段鲜为人知的建都历史,曲剧 « 城南旧事» ,清淡隽永的展开上世纪 20 年代末北京城南的风土人情。 这说明 A. « 城南旧事» 等剧目的个性特征包含于“ 北京题材” 这一共性之中 B. 话剧« 金中都» 通过创新文化呈现方式重构和延伸了北京的建都历史 C. 杂技剧场« 屋顶上的北平» 在内容与形式的统一中体现意识的能动性 D. “ 上世纪 20 年代末北京城南风土人情” 与“ 北京题材” 在外延上是交叉关系 高三思想政治试卷 第 2 页( 共 10 页)"
2026_顺义_二模,5,manual_review_needed,resolved_by_strong_source_signal,XB3_EXCLUDED,STRONG_BLOCKER_XB3_DISJUNCTIVE_JUDGMENT,"户外登山裤为应对岩石摩擦,常采用高密度尼龙面料, 但高密度面料重量重、弹性差,长时间穿着易导致腿部 疲劳;若选择轻量化面料,虽舒适度提升,却因纤维密度 低,难以应对复杂户外环境,目前尚无面料能同时实现 高耐磨与高舒适度结合。如果选择一条裤子,用户会陷 人“‘耐磨=笨重’或‘舒适=易损’的选择困境”。据 资料卡 600D以上高密度面料单条 裤重>500g,耐磨次数可 达5000次以上。 400D轻量化面料单条裤重 <350g,耐磨次数降至2000 次以下。 此,下列观点正确的是 A. 企业只有采用高密度尼龙面料才能确保户外登山裤高耐磨 B. 材料中对登山裤耐磨性与舒适度的描述体现了定性分析与定量分析的结合 C.用户或者选择“耐磨=笨重”,或者选择“舒适=易损”,这属于相容选言判断 D. 若“使用高密度面料,则裤子笨重”为真,必然推出“裤子笨重,一定使用了高密度面料”"
2026_丰台_期末,2,manual_choice_module_split_or_answer_key_needed,kept_blocked,,,"知识掌握不扎实,哲学世界观和方法论对应不正确。比如:联系具有普遍性,要 用发展的观点看问题,等等。建议老师们再进一步引导帮助学生整合哲学教材知识 体系与核心观点,精准落实重点知识。"
2026_丰台_期末,6,manual_choice_module_split_or_answer_key_needed,kept_blocked,,,"较少数学生的字迹太过潦草。 7,检察院的”监察权”,检察院的监管职能,检察院的判决以事实 为......公平公正。"
