suite_id,question,prior_book_module,new_book_module,new_status,question_type,row_granularity,rule_id,matched_terms,evidence_source_type,evidence_source,evidence_text
2024_东城_一模,14,UNKNOWN_OR_MIXED,XB1_EXCLUDED,module-boundary-excluded,objective,question,STRONG_BLOCKER_XB1_GLOBAL_ENV_GOVERNANCE,"COP15,全球生物多样性框架,全球生态治理,多极化",ocr-cache,/Users/wanglifei/Desktop/北京高考政治/reports/必修二三与必修四文化_题源分类准备_20260617_1301/02_text_cache/ocr_absorbed/2024_东城_一模.txt,"中国政府作 《生物多样性公约》第十五次缔约方大会(COP15)主席国,持续推动 “昆明-蒙特利尔全球生物多样性框架”落实,部署了生物多样性主流化、应对生物 多样性丧失威胁等4个优先领域,每个优先领域下设6至8个优先行动。对此,下 列观点正确的是 1中国推动构建地球生命共同体,促进多极化发展 2全球生物安全治理要以国际条约作为法律依据 3中国凝聚全球生态治理合力,为世界提供更多公共产品 4世界各国以生物安全为基础,维护共同发展利益 A. 12 B. 14 C.23 D. 34"
2024_东城_二模,13,UNKNOWN_OR_MIXED,B2_ECONOMICS,included,objective,question,STRONG_BLOCKER_B2_URBANIZATION_PUBLIC_SERVICE,"城镇化,农业劳动生产率,城乡融合,基本公共服务制度",ocr-cache,/Users/wanglifei/Desktop/北京高考政治/reports/必修二三与必修四文化_题源分类准备_20260617_1301/02_text_cache/ocr_absorbed/2024_东城_二模.txt,"2019—2023年中国常住人口城镇化率 (% 70 68- 66 64 66.16 63.89 64.72 65.22 62.21 62 60 - 2019 —上 2020 2021 2022 2023(年) 读上图,以下推断合理的是 1农业劳动生产率不断提高,城乡融合推动协调发展 2促进农业适度规模经营,确保农村土地归集体所有 3区域发展差距正在逐步缩小,助力和美乡村建设 4推进以人核心的新型城镇化,要建立健全基本公共服务制度 A. 12 B. 14. C.23 D. 34"
2024_东城_二模,9,UNKNOWN_OR_MIXED,XB3_EXCLUDED,module-boundary-excluded,objective,question,STRONG_BLOCKER_XB3_NECESSARY_CONDITION,"只有,必然成立,充分必要判断",ocr-cache,/Users/wanglifei/Desktop/北京高考政治/reports/必修二三与必修四文化_题源分类准备_20260617_1301/02_text_cache/ocr_absorbed/2024_东城_二模.txt,"爱因斯坦思想深刻、思维创新。他不仅是位伟大的科学家,还是一位思想家和人道 主义者,同时也是一个充满个性的有趣人物。他一生的经历表明,只有拥有诙谐幽 默、充满个性的独立人格,才能做到思想深刻、思维创新。根据材料,下列结论必然 成立的是 A. 有的思想家是充满个性的有趣人物,但不是人道主义者 B. 有些伟大的科学家拥有诙谐幽默、充满个性的独立人格 C.科学家一旦诙谐幽默、充满个性,就能做到思想深刻、思维创新 D. 有些人道主义者诙谐幽默、充满个性,但做不到思想深刻、思维创新 高三思想政治 第3页(共11页) ===== 试卷.pdf page 4 ====="
2024_丰台_二模,9,UNKNOWN_OR_MIXED,XB3_EXCLUDED,module-boundary-excluded,objective,question,STRONG_BLOCKER_XB3_CONDITIONAL_JUDGMENT,"判断正确,如果,除非,条件判断",ocr-cache,/Users/wanglifei/Desktop/北京高考政治/reports/必修二三与必修四文化_题源分类准备_20260617_1301/02_text_cache/ocr_absorbed/2024_丰台_二模.txt,"没有民主就没有社会主义,就没有社会主义的现代化。对此,以下判断正确的是 A.如果有民主,就有社会主义,就有社会主义现代化 B. 有了社会主义,有了社会主义的现代化,才有了民主 C. 没有社会主义,没有社会主义的现代化,就没有民主 D. 除非有民主,否则就没有社会主义,就没有社会主义的现代化"
2024_海淀_一模,12,UNKNOWN_OR_MIXED,B2_ECONOMICS,included,objective,question,STRONG_BLOCKER_B2_ENTERPRISE_MARKET_SUBJECT,"铁路企业,旅客需求,市场主体,供求矛盾",paper,/Users/wanglifei/Desktop/北京高考政治/reports/必修二三与必修四文化_题源分类准备_20260617_1301/02_text_cache/texts/4bc0edec2a08a90e.txt,"为更好满足旅客群体多样化、个性化的需求,今年春运期间,高铁列车在增加“静音车厢” 的基础上开设“遛娃舱” ,供带娃家庭使用。家长可以陪伴孩子一起玩游戏,也可以委托乘 务员进行代管。高铁“溜娃舱”的设置 1体现铁路企业主动作为,为不同需求的旅客带来良好出行体验 2有利于缓解春运高铁运力的供求矛盾,激发各类市场主体活力 3表明政府更精准地解决群众实际问题,着力实现社会公平正义 4将儿童友好的理念和行动落实落细,满足人民的美好生活需要 A.12 B.14 C.23 D.34"
2024_海淀_期中,12,UNKNOWN_OR_MIXED,B2_ECONOMICS,included,objective,question,STRONG_BLOCKER_B2_ENTERPRISE_MARKET_SUBJECT,"铁路企业,旅客需求,市场主体,供求矛盾",ocr-cache,/Users/wanglifei/Desktop/北京高考政治/reports/必修二三与必修四文化_题源分类准备_20260617_1301/02_text_cache/ocr_absorbed/2024_海淀_期中.txt,"为更好满足旅客群体多样化、个性化的需求,今年春运期间,高铁列车在增加“静音车厢” 的基础上开设“遛娃舱”,供带娃家庭使用。家长可以陪伴孩子一起玩游戏,也可以委托乘 务员进行代管。高铁“溜娃舱”的设置 1体现铁路企业主动作为,为不同需求的旅客带来良好出行体验 2有利于缓解春运高铁运力的供求矛盾,激发各类市场主体活力 3表明政府更精准地解决群众实际问题,着力实现社会公平正义 4将儿童友好的理念和行动落实落细,满足人民的美好生活需要 A. 12 B. 14 C. 23 D. 34"
2024_石景山_一模,1,UNKNOWN_OR_MIXED,B3_POLITICS_RULE_OF_LAW,included,objective,question,STRONG_BLOCKER_B3_PARTY_ARMY_LEADERSHIP,"党指挥枪,党的绝对领导,人民军队,思想政治工作",paper,/Users/wanglifei/Desktop/北京高考政治/reports/必修二三与必修四文化_题源分类准备_20260617_1301/02_text_cache/texts/f581620be44a4c2c.txt,"“党指挥枪”的三个历史节点示意图 “军叫工农革命,旗号镰刀斧头。”困难重重的时刻,如何使一支成分复杂的工农武 装脱胎换骨成为新型人民军队?从南昌起义到三湾改编再到古田会议,终于给出了 历史的回答。今天,无论使命任务如何变化,人民军队都不能忘记自己的“根”。 这启示我们 1保证党领导人民有效治理国家,需要坚持依法执政 2坚持党对军队的绝对领导,是人民军队的建军之本 3要以马克思主义为指导,不断推进军事理论现代化 4实现强军目标,必须筑牢思想政治工作这条“生命线” A.12 B.13 C.24 D.34"
2024_石景山_一模,2,UNKNOWN_OR_MIXED,B4_PHILOSOPHY_EXCLUDED,module-boundary-excluded,objective,question,STRONG_BLOCKER_B4PRACTICE_TECH_PRODUCTIVITY,"农业生产实践,生产工具,生产力,规律",paper,/Users/wanglifei/Desktop/北京高考政治/reports/必修二三与必修四文化_题源分类准备_20260617_1301/02_text_cache/texts/f581620be44a4c2c.txt,"我国自主研制的北斗卫星导航系统已在农业领域得到广泛应用:将卫星导航定位与 电子控制等技术相结合,可以实现农机自动驾驶,精准收割;可以昼夜连续工作, 加快作业速度;可以整理土地和变量施肥,改善农作物生长环境......和以往的农业 生产方式相比,北斗系统在农业生产中的应用表明 1农业生产实践具有历史性,其形式和水平不断发展 2农业生产工具的更新,促进了农村生产关系的变革 3科技创新推动农业生产力的发展和农业现代化的进程 4人们能够利用科技改变农作物生长的客观环境和规律 A.12 B.13 C.24 D.34"
2024_西城_一模,12,UNKNOWN_OR_MIXED,B4_PHILOSOPHY_EXCLUDED,module-boundary-excluded,objective,question,STRONG_BLOCKER_B4P_AFFIRMATION_NEGATION,"肯定,否定,联系",paper,/Users/wanglifei/Desktop/北京高考政治/reports/必修二三与必修四文化_题源分类准备_20260617_1301/02_text_cache/texts/2aa2ee045f75ecd8.txt,"黑格尔说,人们总以为肯定和否定具有绝对的区别,其实两者是相同的。我们甚至可以称肯定为否定,也可以称否定为肯定。譬如说一条往东的路同时也是一条往西的路。对此理解正确的是 A.肯定和否定没有界限,肯定即否定,否定即肯定 B.有些事物包含着肯定因素,另有一些事物则包含着否定因素 C.肯定与否定互为条件,且只存在于它们的联系中 D.处理复杂问题,既不能持肯定态度,也不能持否定态度"
2024_西城_一模,3,UNKNOWN_OR_MIXED,B3_POLITICS_RULE_OF_LAW,included,objective,question,STRONG_BLOCKER_B3_PARTY_CADRES_VALUE_PURSUIT,"党员干部,价值追求,奋斗姿态",paper,/Users/wanglifei/Desktop/北京高考政治/reports/必修二三与必修四文化_题源分类准备_20260617_1301/02_text_cache/texts/2aa2ee045f75ecd8.txt,"东晋谢安镇守广陵期间,发现甘棠西北为湖,地势西高东低,旱涝频繁交替,庄稼连年歉收,百姓苦不堪言,便组织人手在湖上筑起拦水大堤灌溉农田,“随时蓄泄,岁用丰稔”。一段时间后,远近渔农聚集甘棠,生产作业,遂成繁荣集镇。《晋书》评价谢安此功曰:“在官无当时誉,去后为人所思。”这启示党员干部,应具备的价值追求和奋斗姿态是 A.穷则独善其身,达则兼济天下 B.分毫不取民膏脂,心中自存清廉尺 C.学以益才,砺以致刃 D.功成不必在我,功成必定有我"
2025_东城_二模,14,UNKNOWN_OR_MIXED,XB3_EXCLUDED,module-boundary-excluded,objective,question,STRONG_BLOCKER_XB3_PREDICTION_LOGIC,"如果,只有一人预测错误,推断",paper,/Users/wanglifei/Desktop/北京高考政治/reports/必修二三与必修四文化_题源分类准备_20260617_1301/02_text_cache/texts/9b287871f660f23d.txt,"为了让体育真正为每个孩子的成长赋能,某校开展校园运动会,并评选运动小达人。在评选结果公布之 前,四位同学进行了预测: 第4页/共8页 甲说:小刘是运动小达人 乙说:如果小张是运动小达人,那么小刘也是运动小达人 丙说:我觉得小张是运动小达人,但不觉得小刘是运动小达人 丁说:我觉得他俩都是运动小达人 结果证明,只有一人预测错误,由此推断 A.只有小张是运动小达人 B.小张和小刘都是运动小达人 C.只有小刘是运动小达人 D.小张和小刘都不是运动小达人"
2025_丰台_二模,7,UNKNOWN_OR_MIXED,B2_ECONOMICS,included,objective,question,STRONG_BLOCKER_B2_AGRICULTURAL_INNOVATION,"经营方式,新品,增收致富,现代农业",paper,/Users/wanglifei/Desktop/北京高考政治/reports/必修二三与必修四文化_题源分类准备_20260617_1301/02_text_cache/texts/9f3b486088840b52.txt,"小苹果焕发新活力,是因为 1创新生产经营方式,取代传统种植方式 苹果“火”了 苹果坐上中欧班列,驰 骋“一带一路 ”; 搭乘 天舟抵达中国空间站。 从一颗苹果,可以看到 一颗荔枝、 一篮石榴、 一 根 甘 蔗 、 一 棚 蔬 菜......放眼神州大地, 新意正在蔓延、生长。 苹果“活”了 苹果酒、苹果酷、苹果 脆片等新品迭出,小苹 果卖出了新花样;果树 认养、果园采摘、果园 变 公 园 , 劳 作 变 体 验 ... ... 小苹果成了农 民 增 收 致 富 的“ 金苹 果 ” 。 苹果“红”了 苹 果 红 彤 彤 的 背 后 是 优 新 品 种 实 现 规 模 化 种植,春季气象大数据 “护花 ”, 夏秋全自动 防雹网“护果” ......果 园“现代范儿 ”十足涵 养着苹果内在品质。 第3页/共10页 2提升产品的附加值,实现农民增收致富 3拓宽海外销售渠道,落实开放发展理念 4实行规模集约生产,培育产品价格优势 A.1 2 B.14 C.23 D.24"
2025_朝阳_一模,12,UNKNOWN_OR_MIXED,B2_ECONOMICS,included,objective,question,STRONG_BLOCKER_B2_FOREST_ECONOMY_MARKET,"林下经济,市场,经济价值,社会价值",paper,/Users/wanglifei/Desktop/北京高考政治/reports/必修二三与必修四文化_题源分类准备_20260617_1301/02_text_cache/texts/e051761a7fc68fef.txt,"林下可生金,绿富可双赢。林下经济是指依托森林、林地及其生态环境,遵循可持续经营原则,以开 展复合经营为主要特征的生态友好型经济,包括林下种植、林下养殖、相关产品采集加工、森林景观利用 等。目前,全国林下经济产值 1 万多亿元,从事林下经济生产的人数达到了3400多万人。发展林下经济 1是践行“绿水青山就是金山银山”理念的生动实践 2实现了全国各地“富”与“绿”的结合与双赢 3需要扩大森林开采面积,以提高森林资源利用水平 4要注意研究市场,突出多种经营,防止一哄而上、产销失衡 第4页/共10页 A.12 B. 14 C. 23 D.34"
2025_朝阳_一模,14,UNKNOWN_OR_MIXED,XB1_EXCLUDED,module-boundary-excluded,objective,question,STRONG_BLOCKER_XB1_FOREIGN_TRADE,"贸易顺差,货物进出口,服务贸易,对外贸易",paper,/Users/wanglifei/Desktop/北京高考政治/reports/必修二三与必修四文化_题源分类准备_20260617_1301/02_text_cache/texts/e051761a7fc68fef.txt,"贸易顺差,是指出口贸易总额大于进口贸易总额。贸易逆差,是指出口贸易总额小于进口贸易总额。 2024 年我国货物进出口总额及其增长速度见下表。 货物 货物中的机电产品 货物中的高新技术产品 服务 出口金额(亿元) 比上年增长(%) 254545 151246 62792 31756"
2025_朝阳_二模,13,UNKNOWN_OR_MIXED,B2_ECONOMICS,included,objective,question,STRONG_BLOCKER_B2_SOCIAL_CREDIT_MARKET,"社会信用体系,市场主体,市场调节,企业融资",paper,/Users/wanglifei/Desktop/北京高考政治/reports/必修二三与必修四文化_题源分类准备_20260617_1301/02_text_cache/texts/6009b3f19a33a729.txt,"2025 年 3 月,中共中央办公厅、国务院办公厅印发《关于健全社会信用体系的意见》,提出构建覆盖各类 主体的社会信用体系 ,夯实社会信用体系数据基础 ,健全守信激励和失信惩戒机制 ,健全以信用为基础的监管 和治理机制,提高社会信用体系市场化社会化水平等。健全社会信用体系 A.能促进市场主体诚信经营,减少市场调节的盲目性,维护公平竞争的市场环境 B.有助于为银行机构信贷业务提供数据支撑,更好服务守信中小微企业融资需求 C.要严格规定各类型企业主动向信用服务机构提供经营信息,健全企业信用记录 D.要推动跨部门、跨地区的信用信息归集和共享,保障信用信息的自由开放使用"
2025_朝阳_二模,5,UNKNOWN_OR_MIXED,XB3_EXCLUDED,module-boundary-excluded,objective,question,STRONG_BLOCKER_XB3_CONCEPT_RELATIONS,"种属关系,全异关系,交叉关系,循环定义",paper,/Users/wanglifei/Desktop/北京高考政治/reports/必修二三与必修四文化_题源分类准备_20260617_1301/02_text_cache/texts/6009b3f19a33a729.txt,"我国《研究生教育学科专业目录(2022 年)》设有 14 个学科门类,分别为哲学、经济学、法学、教育学、文 学、历史学、理学、工学、农学、医学、军事学、管理学、艺术学以及交叉学科。学科门类是对学科的宏 观归类,一级学科是具有共同理论基础或研究领域相对 一致的学科集合 。例如,在法学一级学科下 ,有民商法 学、刑法学、宪法学与行政法学等二级学科,这些二级学科是构成一级学科的基本单元。下列选项正确的是 A.“民商法学”与“法学”是种属关系,“理学”与“管理学”是全异关系 B.“学科门类是对学科的宏观归类”犯了循环定义的错误 C.“交叉学科”与“学科门类”是交叉关系,“理学”与“工学”是矛盾关系 D.“二级学科是构成一级学科的基本单元”,其中“构成”是对称关系"
2025_朝阳_二模,6,UNKNOWN_OR_MIXED,XB3_EXCLUDED,module-boundary-excluded,objective,question,STRONG_BLOCKER_XB3_CONDITIONAL_REASONING,"判断,如果,要么,推断",paper,/Users/wanglifei/Desktop/北京高考政治/reports/必修二三与必修四文化_题源分类准备_20260617_1301/02_text_cache/texts/6009b3f19a33a729.txt,"某班教室的多媒体电脑出现损坏无法使用的情况,同学们经过排查,得出了以下判断: 1损坏因素至少有两个 2如果存在硬件老化,那么必然也存在软件冲突的情况 3如果不是电源损坏,那么就是硬件老化 4损坏因素要么包含电源损坏,要么包含软件冲突 根据以上判断,可以推断出损坏因素是 A.硬件老化和电源损坏 B.硬件老化和软件冲突 C.软件冲突和电源损坏 D.硬件老化、软件冲突和电源损坏"
2025_朝阳_二模,9,UNKNOWN_OR_MIXED,B3_POLITICS_RULE_OF_LAW,included,objective,question,STRONG_BLOCKER_B3_DEMOCRACY_PUBLIC_PARTICIPATION,"中国式民主,人民意愿,民声促民生,民主参与",paper,/Users/wanglifei/Desktop/北京高考政治/reports/必修二三与必修四文化_题源分类准备_20260617_1301/02_text_cache/texts/6009b3f19a33a729.txt,"如何更好实现民主,让民声促民生、呼声变掌声? ➢ 起点,在人民意愿的充分表达。2025 年国务院《政府工作报告》起草过程中征集网友建言 200 多万 条,各地的“小院议事厅”聊出民生工程......接地气的形式,推动政府的“干”与群众的“盼”精准契合。 ➢ 落点,在人民意愿的有效实现。湖南八旬老人随手写的建议,甘肃临 ""居民视频提的诉求......凝结升华成 法规条文,映照着中国式民主的广泛、真实、管用。 让人民广泛深入参与民主 1应畅通人民群众利益的表达和反馈机制 2需要把实事干好、让老百姓人人都满意 3有利于增强人民群众的获得感、幸福感 4能够保证居民依法行使管理国家的权力 A.13 B.14 C.23 D.24"
2025_海淀_一模,11,UNKNOWN_OR_MIXED,XB2_EXCLUDED,module-boundary-excluded,objective,question,STRONG_BLOCKER_XB2_ENTREPRENEURSHIP_BUSINESS_FORM,"合伙企业,有限责任公司,营利法人,营业执照",paper,/Users/wanglifei/Desktop/北京高考政治/reports/必修二三与必修四文化_题源分类准备_20260617_1301/02_text_cache/texts/7ebce670784d805e.txt,"小海与小淀喜欢用短视频记录生活,由于视频内容有趣、形式新颖,两人账号粉丝量迅速增长。他们 决定创办一家企业,全职经营互联网业务。关于两人的创业,下列观点合理的是 1合伙企业无需缴纳企业所得税,适合规模较小的初创企业 2可创办有限责任公司,股东只需以认缴出资承担有限责任 3合伙企业作为营利法人,应遵循守法和公序良俗等原则 4经营互联网业务不需要实体店铺,无需办理营业执照 A.12 B.14 C.23 D.34"
2025_海淀_一模,5,UNKNOWN_OR_MIXED,XB3_EXCLUDED,module-boundary-excluded,objective,question,STRONG_BLOCKER_XB3_DEFINITION_CONDITIONAL,"定义,外延,除非,要么",paper,/Users/wanglifei/Desktop/北京高考政治/reports/必修二三与必修四文化_题源分类准备_20260617_1301/02_text_cache/texts/7ebce670784d805e.txt,"生态产品价值实现机制是指在严格保护生态环境的前提下,由政府和市场通过合理的路径和方式,将 生态产品价值转化为经济价值和社会价值的制度形式。据此,下列理解正确的是 1这是运用定义的方法明确“生态产品价值实现机制”的外延 2除非严格保护生态环境,否则不能构建生态产品价值实现机制 3如果生态产品价值未能成功转化,要么缺少政府作用,要么缺少市场作用 4完善该机制需要运用矛盾运动的观点,以动态的方式思考生态产品价值 A.12 B.13 C.24 D.34"
2025_海淀_二模,18,UNKNOWN_OR_MIXED,XB2_EXCLUDED,module-boundary-excluded,subjective,question,STRONG_BLOCKER_XB2_TRADEMARK_MOCK_COURT,"商标法,申请商标注册,抢先注册",ocr-cache,/Users/wanglifei/Desktop/北京高考政治/reports/必修二三与必修四文化_题源分类准备_20260617_1301/02_text_cache/ocr_absorbed/2025_海淀_二模.txt,"(12分) 小海旁听了学校的“模拟法庭”活动,以下是旁听笔记。 【法条参考】 《中华人民共和国商标法》第三十二条 申请商标注册不得损害他人现有的在先权利,也 不得以不正当手段抢先注册他人已经使用并有一定影响的商标。 【庭审记录】"
2025_海淀_二模,6,UNKNOWN_OR_MIXED,XB2_EXCLUDED,module-boundary-excluded,objective,question,STRONG_BLOCKER_XB2_CUSTODY_RIGHTS,"监护权,法院裁定,未成年子女",ocr-cache,/Users/wanglifei/Desktop/北京高考政治/reports/必修二三与必修四文化_题源分类准备_20260617_1301/02_text_cache/ocr_absorbed/2025_海淀_二模.txt,"颜某与罗某婚后育有一女小罗,一家人共同生活。后因家庭矛盾未能得到有效调和,父亲罗某 将6岁的小罗强行带至外地生活。颜某请求法院裁定罗某将小罗送回原住所并禁止罗某抢夺、 藏匿未成年子女。对此案认识正确的是 1强行改变惯常生活可能对未成年子女的身心健康产生不利影响 2法律保障未成年人的合法权益,应由小罗自行决定其居住地 3罗某有权按照自己意愿改变子女居住地,法院需考虑其情感需求 4父母对未成年子女的监护权平等,抢夺行为侵害了颜某的监护权 A. 13 B.14 C. 2 D. 24"
2025_石景山_一模,14,UNKNOWN_OR_MIXED,XB1_EXCLUDED,module-boundary-excluded,objective,question,STRONG_BLOCKER_XB1_BELT_AND_ROAD_AID,"对外合作,一带一路,援外品牌,互利共赢",paper,/Users/wanglifei/Desktop/北京高考政治/reports/必修二三与必修四文化_题源分类准备_20260617_1301/02_text_cache/texts/fb8717be46dabe77.txt,"“小而美”是中国对外合作的流行语,指的是投入金额少、聚焦民生和社区需求的小型工程。在共建 “一带一路”走深走实的新阶段,形成了中国菌草、杂交水稻、青蒿素、鲁班工坊等一大批叫得响、立得 住、传得快的“小而美”优质援外品牌。 “小而美”项目的战略地位不断提升,源自于该项目 1生动践行普惠包容的理念,提升了共建国家的民生福祉 2加强发展中国家基础设施建设,推动了多领域互联互通 3坚持经济效益和社会效益相统一,促进了当地可持续发展 4不断拓展相互投资和产业合作领域,实现了各国互利共赢 A. 13 B. 14 C. 23 D. 24"
2025_西城_二模,11,UNKNOWN_OR_MIXED,XB2_EXCLUDED,module-boundary-excluded,objective,question,STRONG_BLOCKER_XB2_PUBLIC_PLACE_SAFETY,"安全保障义务,法定义务,无过错责任",paper,/Users/wanglifei/Desktop/北京高考政治/reports/必修二三与必修四文化_题源分类准备_20260617_1301/02_text_cache/texts/06c08602a2f5c20b.txt,"在地铁站上下电梯的时 候,常常会听到广播里循环播放: “请您站稳扶好,不要看手机,不要倚靠电 扶梯......”在此情形中 1乘客作为自身安全的第一责任人,应自觉遵守公共场所的安全规定,履行对自身安全的注意义务 2地铁运营设施管理人履行的安全保障义务是一种不可免除的法定义务 3如果乘客在乘梯过程中看手机没有站稳而摔倒,地铁公司亦须承担无过错责任 第4页/共10页 4地铁公司履行了提醒的义务,若乘客自己不慎摔倒,地铁公司不再需要履行及时救助或协助的义务 A.12 B.13 C.24 D.34"
2025_西城_二模,14,UNKNOWN_OR_MIXED,XB1_EXCLUDED,module-boundary-excluded,objective,question,STRONG_BLOCKER_XB1_DATA_SOVEREIGNTY,"数据主权,属地管辖权,国际规则,数据治理",paper,/Users/wanglifei/Desktop/北京高考政治/reports/必修二三与必修四文化_题源分类准备_20260617_1301/02_text_cache/texts/06c08602a2f5c20b.txt,"数据的特性使其可以在全球范围内跨越不同国家和地区自由流动,这为数据管辖权带来巨大挑战。各国 在数据的定义、使用与保护标准方面存在显著差异,数据跨境流动时,数据主权与数据的属地管辖权之 间冲突频繁。为减少类似冲突,适合的做法是 A.明确数据主权高于数据的属地管辖权 B.各国通过政策和法规强化对本国数据的控制 C.制定国际规则,明确各国都无权使用位于他国的数据 D.数据调取国和来源国加强协作,寻求数据治理的共识"
2025_西城_二模,2,UNKNOWN_OR_MIXED,B4_PHILOSOPHY_EXCLUDED,module-boundary-excluded,objective,question,STRONG_BLOCKER_B4P_THEORY_PRACTICE_VIEW,"认识,理论,事务主义,客观过程",paper,/Users/wanglifei/Desktop/北京高考政治/reports/必修二三与必修四文化_题源分类准备_20260617_1301/02_text_cache/texts/06c08602a2f5c20b.txt,"思深方益远。“如果忙忙碌碌,只是机械做事,陷入事务主义,是很难提高认识和工作水平的。” 习近 平总书记的谆谆告诫,发人深省。各种事务千头万绪,但不能乱,不能陷入事务主义。之所以说不能陷 入事务主义,是因为 1机械做事,缺乏能动性创造性,是主观唯心主义的体现 2事务多是必然的,思考谋划是偶然的,要推动必然和偶然的转化 3陷入事务主义的人,尊重经验而看轻理论,难以通观客观过程的全部 4眼里只有具体事务,只见一得之功与一孔之见,会缺乏长远目标和大局观念 A.12 B.14 C.23 D.34"
2025_西城_二模,6,UNKNOWN_OR_MIXED,XB3_EXCLUDED,module-boundary-excluded,objective,question,STRONG_BLOCKER_XB3_CONCEPT_RELATION,"洛阳红,牡丹,逻辑关系",paper,/Users/wanglifei/Desktop/北京高考政治/reports/必修二三与必修四文化_题源分类准备_20260617_1301/02_text_cache/texts/06c08602a2f5c20b.txt,"谷雨三朝赏牡丹。景山公园两万余株牡丹进入盛花期,古建红墙 掩映,各色牡丹尽显雍容气韵。 “洛 阳红”是牡丹的一个著名品种,以下选项中与“洛阳红”和“牡丹”的逻辑关系最为相似的是 A.红墙黄瓦:故宫 B.景山公园:北京市 C.谷雨:节气 D.红楼梦:四大名著"
2025_西城_期末,10,UNKNOWN_OR_MIXED,B3_POLITICS_RULE_OF_LAW,included,objective,question,STRONG_BLOCKER_B3_PARTY_LEADERSHIP_DISCIPLINE,"中共中央政治局,党风廉政建设,民主集中制,党的领导",paper,/Users/wanglifei/Desktop/北京高考政治/reports/必修二三与必修四文化_题源分类准备_20260617_1301/02_text_cache/texts/6662da1c2772cc38.txt,"据新华社报导,中共中央政治局 12 月 9 日召开会议,分析研究 2025 年经济工作;听取中央纪委国家 监委工作汇报,研究部署 2025 年党风廉政建设和反腐败工作。围绕这一报导,同学们提出了以下观点,其 中正确的是 1党总揽全局协调各方,分析研究 2025 年经济工作,加强对经济工作的全面领导 2党的活动依规依法向党外公开,有利于提高党的执政能力和领导水平 3听取中央纪委国家监委工作汇报,体现了地方服从中央的民主集中制原则 4党风廉政建设和反腐败工作属于党自身的建设,与执政能力无关 A.12 B.14 C.23 D.34"
2025_西城_期末,14,UNKNOWN_OR_MIXED,XB1_EXCLUDED,module-boundary-excluded,objective,question,STRONG_BLOCKER_XB1_EXPORT_STRUCTURE,"商品出口份额,出口结构,价值链",paper,/Users/wanglifei/Desktop/北京高考政治/reports/必修二三与必修四文化_题源分类准备_20260617_1301/02_text_cache/texts/6662da1c2772cc38.txt,"中国各类商品出口份额变化 由上图信息可推断 A.中国的比较优势保持不变,创新能力不断增强 B.中国商品出口结构在向价值链中高端移动 C.中国传统的劳动密集型产业在转型升级 D.中国制造业优势在逐渐消退"
2025_西城_期末,2,UNKNOWN_OR_MIXED,B4_CULTURE,included,objective,question,STRONG_BLOCKER_B4C_REVOLUTIONARY_CULTURE_ROUTE,"红色历史遗存,李大钊旧居,伟大建党精神",paper,/Users/wanglifei/Desktop/北京高考政治/reports/必修二三与必修四文化_题源分类准备_20260617_1301/02_text_cache/texts/6662da1c2772cc38.txt,"追随慈悲庵爱国仁人志士的足迹、走近“生如闪电之耀亮”的高君宇、 探访早期传播马克思主义的前哨 ——京报馆、了解女高师进步学生的故 事、在李大钊旧居看他梦想的新中 国......人们探访“播火之路”的意义在 于 1追寻革命前辈的信仰之路,以史鉴今、资政育人 2依托红色历史遗存,探究社会主义建设的艰辛历程 3追忆奋斗历程,了解马克思主义中国化时代化的新成果 4在亲身实践中改造自己的主观世界,弘扬伟大建党精神 A.12 B.14 C.23 D.34"
2025_西城_期末,8,UNKNOWN_OR_MIXED,B2_ECONOMICS,included,objective,question,STRONG_BLOCKER_B2_WATER_RIGHT_MARKET,"用水权,市场化交易,资源优化配置",paper,/Users/wanglifei/Desktop/北京高考政治/reports/必修二三与必修四文化_题源分类准备_20260617_1301/02_text_cache/texts/6662da1c2772cc38.txt,"宁夏宁东能源 化工基地是我国西部规模最 大的化工园区,水资源短缺问题 是制约园区发展的重要因素。 为破解“用水之困”,宁夏购得四川阿坝州 3 年 1500 万立方米的黄河用水权。此次交易价格,双方参考了阿 坝州居民生活水价、工业水价以及宁夏用水权交易平均价格,确定为每立方米 1.2 元。关于这一用水权交 易,分析正确的是 《中华人民共和国黄河保护法》第一百零二条规定: “国家建立健全黄河流域生态保护补偿制度”“国家支持在黄河流域开展用水权市场化交易”。 第3页/共10页 1节水方阿坝州得到了生态保护补偿,交易对节水方更有利 2运用市场机制破解水资源瓶颈,在更大范围内实现了黄河水资源优化配置 3对阿坝州发展节水农牧业有激励作用,对宁东化工园区的化工生产有约束作用 4通过创新融资模式,将水资源变为“水资产”,有效推动了水资源节约集约利用 A.13 B.14 C.23 D.24"
2025_顺义_一模,14,UNKNOWN_OR_MIXED,B3_POLITICS_RULE_OF_LAW,included,objective,question,STRONG_BLOCKER_B3_NATIONAL_SECURITY,"国家安全,平安中国,新安全格局",paper,/Users/wanglifei/Desktop/北京高考政治/reports/必修二三与必修四文化_题源分类准备_20260617_1301/02_text_cache/texts/9dd43cae443f853c.txt,"建设更高水平平安中国,事关事业兴旺发达、事关人民美好生活、事关国家长治久安。某校开展“我 与国家安全”主题活动,通过微演讲等形式引导学生增强国家安全意识。下列可以作为演讲主题的是( ) 1把捍卫国家经济安全摆在首位,以新安全格局保障新发展格局 2深入开展国家安全宣传教育,切实增强全民国家安全意识 3以促进国际安全为根本,完善参与全球安全治理机制 4建设更高水平平安中国,以新安全格局保障新发展格局 A.13 B.14 C.23 D.24"
2025_顺义_一模,2,UNKNOWN_OR_MIXED,B3_POLITICS_RULE_OF_LAW,included,objective,question,STRONG_BLOCKER_B3_COMMUNITY_GOVERNANCE,"社区微花园,居民参与,社区治理,民生",paper,/Users/wanglifei/Desktop/北京高考政治/reports/必修二三与必修四文化_题源分类准备_20260617_1301/02_text_cache/texts/9dd43cae443f853c.txt,"2025 年北京市政府提出,共建社区微花园(楼边院角的迷你小花园)50 个。自去年北京启动微花园建 设以来,广大居民积极献言建策,共同参与社区小微空间的改造和利用,不仅扮靓社区环境,也为居民生 活增添了许多乐趣与温馨,微花园成为深受市民喜爱的楼下“绿色会客厅”。共建社区微花园( ) 1解决了社区发展动力问题,促进了人与自然和谐共生 2需集思广益、因地制宜,既贴近社区实际,又契合居民期待 3蕴含着民生“大情怀”,彰显实干奋进、善作善成的治理理念 4提升了社区凝聚力和居民归属感,建立了完善的居民参与机制 A.13 B.14 C.23 D.24"
2026_东城_一模,7,UNKNOWN_OR_MIXED,XB3_EXCLUDED,module-boundary-excluded,objective,question,STRONG_BLOCKER_XB3_CONDITIONAL_EXPERIMENTS,"除非,或者,如果,一定为真",paper,/Users/wanglifei/Desktop/北京高考政治/reports/必修二三与必修四文化_题源分类准备_20260617_1301/02_text_cache/texts/0dafc181e82eb031.txt,"中国科学院大学星际航行学院聚焦星际推进、空间科学等前沿领域,围绕逃逸粒子类型开展研究,通 过实验得到如下信息: ⇨实验一:逃逸粒子除非是太阳风带电粒子,否则就是星际中性粒子。 第3页/共10页 ⇨实验二:逃逸粒子或者不是星际中性粒子,或者不是外日球层衍生粒子。 ⇨实验三:逃逸粒子如果不是外日球层衍生粒子,就不是星际中性粒子。 根据上述三项实验,以下说法一定为真的是 A.逃逸粒子是外日球层衍生粒子 B.逃逸粒子不是外日球层衍生粒子 C.逃逸粒子是星际中性粒子 D.逃逸粒子是太阳风带电粒子"
2026_东城_期末,14,UNKNOWN_OR_MIXED,XB1_EXCLUDED,module-boundary-excluded,objective,question,STRONG_BLOCKER_XB1_GLOBAL_AI_GOVERNANCE,"全球智能治理,国际治理框架,全球智能鸿沟",paper,/Users/wanglifei/Desktop/北京高考政治/reports/必修二三与必修四文化_题源分类准备_20260617_1301/02_text_cache/texts/15664381470d8300.txt,"全球具身智能机器人市场在技术迭代、政策支持等多因素驱动下蓬勃发展。美国以技术原创加上军工牵 引为主线,欧洲坚持 “伦理先行”,以合规与精度建立壁垒,中国企业以 “技术出海+本地化合作 ”策略 向国际市场发力。产业竞争的加剧带来全球智能鸿沟和安全风险挑战。对此,下列认识正确的是( ) A. 全球具身智能机器人市场竞争力的提升成为当前国际竞争的实质 B. 中国具身智能机器人企业的出海成功主要依赖于低的制造成本 C. 国际治理框架的完善是弥合全球智能鸿沟、保障安全的根本前提 D. 全球智能治理需在鼓励创新与防范风险、促进普惠之间寻求平衡"
2026_东城_期末,4,UNKNOWN_OR_MIXED,B4_PHILOSOPHY_EXCLUDED,module-boundary-excluded,objective,question,STRONG_BLOCKER_B4P_LIFE_ORIGIN_SCIENCE,"认识规律,自在联系,物质运动,基础科学",paper,/Users/wanglifei/Desktop/北京高考政治/reports/必修二三与必修四文化_题源分类准备_20260617_1301/02_text_cache/texts/15664381470d8300.txt,"40 亿年前,生命的种子如何萌发?某研究团队通过模拟早期地球环境条件,首次让核糖核酸与氨基酸通 过自发化学反应结合起来,形成了通向蛋白质合成的关键中间体。该成果为解答生命起源中 “蛋白质如何 合成”的关键问题提供了全新思路,有望应用于人工生命系统构建、原位蛋白质合成技术以及新型药物的 精准递送。这表明( ) 1模拟早期地球环境的类比实验是认识和利用规律的前提 2核糖核酸与氨基酸的自在联系可能是生命起源的关键 3生命在物质的相对运动中实现了从低级到高级的进化 4基础科学的突破能够推动生物工程与生物技术的应用 A. 13 B. 14 C. 23 D. 24"
2026_东城_期末,7,UNKNOWN_OR_MIXED,XB3_EXCLUDED,module-boundary-excluded,objective,question,STRONG_BLOCKER_XB3_PREDICTION_TRUTH_TABLE,"如果,仅有一个符合事实,不可能为真",paper,/Users/wanglifei/Desktop/北京高考政治/reports/必修二三与必修四文化_题源分类准备_20260617_1301/02_text_cache/texts/15664381470d8300.txt,"某高中举办“科技+体育”运动会,设置四大项目:“AI 运动数据挑战赛”“AI 主题闯关”“跨年级智 能接力赛”“人机赛跑”。四位老师对比赛结果作出如下预测: 周老师:“人机赛跑”会达标。 吴老师:如果“AI 运动数据挑战赛”达标,那么“跨年级智能接力赛”就不会达标。 郑老师:如果“人机赛跑”未达标,那么“AI 主题闯关”也未达标。 王老师:“AI 运动数据挑战赛”和“跨年级智能接力赛”都会达标。 上述四人的预测仅有一个符合事实,以下哪项不可能为真( ) A. AI 运动数据挑战赛达标,AI 主题闯关未达标 B. 跨年级智能接力赛达标,AI 运动数据挑战赛达标 C. AI 主题闯关达标,跨年级智能接力赛未达标 D. AI 主题闯关达标,人机赛跑未达标"
2026_丰台_一模,2,UNKNOWN_OR_MIXED,B3_POLITICS_RULE_OF_LAW,included,objective,question,STRONG_BLOCKER_B3_PEOPLE_ASSESSOR,"人民陪审员,司法领域,审判民主化",ocr-cache,/Users/wanglifei/Desktop/北京高考政治/reports/必修二三与必修四文化_题源分类准备_20260617_1301/02_text_cache/ocr_absorbed/2026_丰台_一模.txt,"人民陪审员制度是社会主义民主政治在司法领域的重要体现。截至2025年底,全国人 *民陪审员达34万人,队伍结构不断优化,职业分布多元,基层群众占比超50%。不同 行业的人民陪审员带着专业积累走进法庭,其基于常识常情常理的认知,为法官准确 把握法律适用尺度提供了重要参考。人民陪审员制度 1植根我国国情,有利于提升司法审判的民主化水平 2在司法过程中兼顾法理与情理,推动案件公正审理 3通过吸纳多元主体参与,替化法官行使部分审判权 4拓宽公众参与司法的渠道,扩伏公民基本政治权利 A. 12 B. 13 C. 24 D. 34"
2026_丰台_二模,6,UNKNOWN_OR_MIXED,B4_PHILOSOPHY_EXCLUDED,module-boundary-excluded,objective,question,STRONG_BLOCKER_B4P_LITERARY_IMAGE_THINKING,"意象,主观与客观,思维能动性",ocr-cache,/Users/wanglifei/Desktop/北京高考政治/reports/必修二三与必修四文化_题源分类准备_20260617_1301/02_text_cache/ocr_absorbed/2026_丰台_二模.txt,"燕子归来是文学作品中的常见意象,在经典诗词中被赋予丰富的内涵。如“几处早莺 争暖树,谁家新燕啄春泥”绘早春生机;“泥融飞燕子,沙暖睡鸳鸯”写春日和暖; “无可奈何花落去,似曾相识燕归来”叹时光流转。该意象 A. 直接揭示了燕子归来与季节变换之间本质的必然的联系 B. 是艺术加工的产物,体现了主观与客观的相互转化 C.可脱离客观现实,实现对自然现象的概括与总结 D. 是人们对春日生机的反映,体现了思维的能动性"
2026_丰台_二模,9,UNKNOWN_OR_MIXED,XB3_EXCLUDED,module-boundary-excluded,objective,question,STRONG_BLOCKER_XB3_TRUTH_LIAR_LOGIC,"只有一人说假话,必然为真,推断",ocr-cache,/Users/wanglifei/Desktop/北京高考政治/reports/必修二三与必修四文化_题源分类准备_20260617_1301/02_text_cache/ocr_absorbed/2026_丰台_二模.txt,"花茶是我国独具特色的茶叶品类,主要有茉莉花茶、白兰花茶和珠兰花茶等。甲、乙、 丙、丁四人对这三种茶的态度只有“喜欢”或“不喜欢”,每人恰好喜欢两种、不喜 欢一种,且四人中只有一人说假话,其余三人说真话。 甲:乙不喜欢茉莉花茶。 乙:我不喜欢的茶与丙相同。 丙:甲喜欢茉莉花茶,且丁不喜欢白兰花茶。 丁:甲、乙、丙三人中恰好有两人喜欢茉莉花茶。 据此,下列推断必然为真的是 1甲不喜欢白兰花茶 2乙喜欢珠兰花茶 3丙不喜欢珠兰花茶 4丁不喜欢白兰花茶 A. 13 B. 14 C. 23 D. 24"
2026_延庆_一模,7,UNKNOWN_OR_MIXED,XB3_EXCLUDED,module-boundary-excluded,objective,question,STRONG_BLOCKER_XB3_AIGC_CONCEPT_RELATION,"交叉关系,反对关系,逻辑思维规则",paper,/Users/wanglifei/Desktop/北京高考政治/reports/必修二三与必修四文化_题源分类准备_20260617_1301/02_text_cache/texts/cc91930411716013.txt,"人工智能生成内容(AIGC)是指利用人工智能技术自动生成的各类内容,常见形式包括文字、图片、音 频、视频、代码等。AIGC 是当前人工智能领域的热门应用方向,AIGC 的快速发展,催生了大批相关从业 者。下列表述符合逻辑思维规则的是 A. “人工智能”与“人工智能生成内容”是交叉关系 B. “AIGC 生成的视频”与“AIGC 生成的图片”是反对关系 C. 有些 AIGC 工具能生成图文,有些AIGC 工具能生成视频,所以,有些能生成视频的工具能生成图文 D. 所有 AIGC 从业者都需掌握算法基础,小延不是AIGC 从业者,所以,小延不需要掌握算法基础"
2026_房山_一模,7,UNKNOWN_OR_MIXED,XB3_EXCLUDED,module-boundary-excluded,objective,question,STRONG_BLOCKER_XB3_CONCEPT_DIVISION_CONTRADICTION_LAW,"划分,概念,矛盾关系,矛盾律",ocr-cache,/Users/wanglifei/Desktop/北京高考政治/reports/必修二三与必修四文化_题源分类准备_20260617_1301/02_text_cache/ocr_absorbed/2026_房山_一模.txt,"2026年央视春晚节目《武BOT》,将中华传统武术与人形机器人表演相结合d机器人 凭借精准算法、稳定控制,完成高难度武术动作;武术少年展现气韵神韵,人机协同 呈现出兼具科技感与文化感的舞台效果。对这一创意节目,下列表述正确的是 1节目创意源于实践,并经过精心构思,体现了思维具有能动性 .2 “表演形式”划分为“传统武术”“机器人表演”“舞台表演” 3 “传统武术表演”与“机器人武术表演”两个概念属于矛盾关系 4节目既保留武术神韵,又实现科技创新,没有违背矛盾律的要求 A. 12 B. 14 2 D. 2 4 ===== 试卷.pdf page 4 ===== “吃水不忘挖井人”的故事,讲述的是毛泽东发现群众饮水困难,带领干部群众挖井 取小,井挖成后,群众再也不用到池塘挑脏水喝了。如今,在瑞金沙洲坝,“吃水不 忘挖井人,时刻想念毛主席”的石碑依然矗立。上述材料最适合论证的观点是 A.党员干部要践行根本宗旨,把为民造福作为最大政绩 B. 党员干部要传承红色文化基因,克己奉公、无私奉献 C.党员干部要坚定马克思主义信仰,服从组织、严守纪律 D. 党员干部要依法执政,完善公共服务,提高人民生活品质"
2026_朝阳_一模,12,UNKNOWN_OR_MIXED,B2_ECONOMICS,included,objective,question,STRONG_BLOCKER_B2_INTELLIGENT_ECONOMY_PATH,"智能经济,数据要素,产业智能化,资源要素",paper,/Users/wanglifei/Desktop/北京高考政治/reports/必修二三与必修四文化_题源分类准备_20260617_1301/02_text_cache/texts/585b15124610aff7.txt,"智能经济新形态,是以人工智能为核心驱动力、以数据为关键要素、以全域智能化为基本特征的新一 代经济形态,是“人工智能+”从局部赋能向系统性重塑转型的产物。关于打造“智能经济新形态”的实 施路径,下列传导正确的是( ) 1更新基础设施→实现数据广泛汇聚→优化算力结构→输出高效智能服务 2聚焦技术攻关→突破核心算法→嵌入业务场景→赋能传统产业智能化升级 3构建智能产业平台→新业态持续涌现→催生营销模式创新→实现资源要素整合 4重建标准体系→提升数据生成能力→降低协作成本→推动智能经济生态繁荣 A. 12 B. 14 C. 23 D. 34"
2026_朝阳_期末,11,UNKNOWN_OR_MIXED,XB3_EXCLUDED,module-boundary-excluded,objective,question,STRONG_BLOCKER_XB3_SYLLOGISM_PREMISE,"小前提,结论,大前提",paper,/Users/wanglifei/Desktop/北京高考政治/reports/必修二三与必修四文化_题源分类准备_20260617_1301/02_text_cache/texts/5a53b5c6863d7f95.txt,"具有耐干旱、耐高温特点的月季花,正在逐渐成为北京城市绿化、彩化景观的主角。如果以“北京街头 大部分的绿化花卉是耐干旱月季花 ”为小前提,以“北京街头大部分的绿化花卉适应北京夏季高温环境 ” 为结论,应该补充的大前提是( ) A. 耐干旱月季花适应北京夏季高温环境 B. 有些耐干旱月季花适应北京夏季高温环境 C. 有些耐干旱月季花不适应北京夏季高温环境 D. 所有适应北京夏季高温环境的花卉都是耐干旱月季花"
2026_海淀_一模,12,UNKNOWN_OR_MIXED,B2_ECONOMICS,included,objective,question,STRONG_BLOCKER_B2_AI_PRODUCTIVITY_TOOL,"人工智能工具,新生产工具,产品,资源配置",ocr-cache,/Users/wanglifei/Desktop/北京高考政治/reports/必修二三与必修四文化_题源分类准备_20260617_1301/02_text_cache/ocr_absorbed/2026_海淀_一模.txt,"一位从未写过代码的开发者借助人工智能工具,仅耗时约一小时就完成了一款App 开发;三 位开发者花费一千元,便“手搓”出一款轻量化独居安全 App•利用人工智能等新生产工 具将一个新的创意转化为一个产品,这是“手搓经济”的典型场景。“手搓经济” A 降低市场准人门槛,激发创造性劳动 B. 通过标准化生产摊薄成本,实现规模效应 C. 周期短、省人力,投人产出比高 D. 提高资源配置效率,容易催生行业垄断 能源安全事关经济社会发展全局。回答第13、14题。"
2026_海淀_一模,13,UNKNOWN_OR_MIXED,B2_ECONOMICS,included,objective,question,STRONG_BLOCKER_B2_GREEN_ENERGY_STRUCTURE,"能源结构,可再生能源,绿色低碳发展",ocr-cache,/Users/wanglifei/Desktop/北京高考政治/reports/必修二三与必修四文化_题源分类准备_20260617_1301/02_text_cache/ocr_absorbed/2026_海淀_一模.txt,"“十四五”时期,我国建成全球最大、发展最 水电 607 •火电 快的可再生能源体系。对右图分析正确的是 50- •心-核电 1太阳能发电快速发展,成为我国占比最大 ••风电 40- 0太阳能发电 的能源类型 30- 2风电、核电装机容量不断增加,绿色能源 20- 发展动能强劲 10- 3火电装机容量持续下降,加速推进我国能 0 2021 源转型 2022 2023 2021—2024年我国各能源类型发电装机容量同比增长率 2024年份 4我国能源结构优化升级,绿色低碳发展取得积极成效 A. 13 B. 14 C. 23 D. 24"
2026_海淀_二模,14,UNKNOWN_OR_MIXED,XB1_EXCLUDED,module-boundary-excluded,objective,question,STRONG_BLOCKER_XB1_FOREIGN_TRADE_VALUE_CHAIN,"外贸进出口,全球贸易价值链,外贸市场",paper,/Users/wanglifei/Desktop/北京高考政治/reports/必修二三与必修四文化_题源分类准备_20260617_1301/02_text_cache/texts/e7b70a05645843b6.txt,"“十五五”首季,中国经济起步有力、开局良好,外贸进出口再创新高。 据此可知 1外贸出口规模与质量提升,有效扩大社会总需求 2跨境资本流动加快,全球要素配置效率显著提升 3制造业实力增强,稳步向全球贸易价值链高端迈进 4外贸市场呈多元化趋势,区域政治经济一体化程度加深 A.12 B.13 C.24 D.34"
2026_海淀_期末,7,UNKNOWN_OR_MIXED,B3_POLITICS_RULE_OF_LAW,included,objective,question,STRONG_BLOCKER_B3_PARTY_STYLE_GOVERNANCE,"中国共产党,延安作风,全面从严治党",paper,/Users/wanglifei/Desktop/北京高考政治/reports/必修二三与必修四文化_题源分类准备_20260617_1301/02_text_cache/texts/11cac42f979196cd.txt,"延安作风是中国共产党在延安时期形成的独特革命精神风貌。 我们是共产党人......就万万不能沾染官僚习气......我们要养成一种新的风气,延安作风。——毛泽东 我们党之所以能够取得新民主主义革命的胜利,带领人民建立了新中国,原因有很多条,其中重要一条是我们党始终保持同人民群众的血肉联系,最终“用廷安作风打败西安作风”。——习近平 关于延安作风,下列理解正确的是 1延安作风是党的宝贵精神财富,是党认识和解决问题的行动依据 2延安作风集中体现了党的初心使命和性质宗旨,广泛赢得了民心 3延安作风为新时代作风建设提供历史参照,是新时代党员的根本行为规范 4新的历史条件下不断传承弘扬延安作风,要一以贯之推进全面从严治党 A.12 B.13 C.24 D.34"
2026_石景山_一模,3,UNKNOWN_OR_MIXED,B4_PHILOSOPHY_EXCLUDED,module-boundary-excluded,objective,question,STRONG_BLOCKER_B4P_AI_CONSCIOUSNESS,"意识,主观能动性,直接现实性",paper,/Users/wanglifei/Desktop/北京高考政治/reports/必修二三与必修四文化_题源分类准备_20260617_1301/02_text_cache/texts/0d4a5cd29c2e6961.txt,"AI 写作以其强大的数据处理和算法分析能力,为写作带来了革命性的效率提升,也为创作者提供丰富 的素材和思路。通过数据投喂训练,AI能够形成个性化写作风格,或模仿特定创作范式。然而,AI写作也 会出现表述机械、套话堆积、信息来源模糊、缺乏原创性和创造力等问题。这说明( ) 1AI能进行思维模拟,不能替代人的意识和特有感知 2新事物都具有两面性,AI写作的利与弊不可调和 3写作应发挥主观能动性,跳出路径依赖,展现独立思考 4AI写作的高效,展现了其创作具有直接现实性的优势 A.13 B.14 C.23 D.24 第2页/共10页"
2026_石景山_一模,4,UNKNOWN_OR_MIXED,B4_CULTURE,included,objective,question,STRONG_BLOCKER_B4C_TANG_POETRY_CITY_CULTURE,"唐诗之都,文化品牌,城市文明风尚",paper,/Users/wanglifei/Desktop/北京高考政治/reports/必修二三与必修四文化_题源分类准备_20260617_1301/02_text_cache/texts/0d4a5cd29c2e6961.txt,"陕西西安着力打造“唐诗之都”的文化品牌。到西安,你可以赴一场终南山下的 “唐诗之约”,去大 唐不夜城“邂逅李白”,到唐城墙遗址公园参加社区诗会。古城建设力求把“在册之诗”,变成“在地之 诗”、化为“在心之诗”。这就需要( ) 1人人背诗,加深文化记忆,继承发展“在册之诗” 2因景成诗,因诗成景,打造独特的“在地之诗” 3涵养城市文明风尚,形成泽润人心的“在心之诗” 4提升城市现代化水平,形成一方水土的“在地之诗” A.12 B.14 C.23 D.34"
2026_石景山_一模,6,UNKNOWN_OR_MIXED,XB3_EXCLUDED,module-boundary-excluded,objective,question,STRONG_BLOCKER_XB3_EMBODIED_INTELLIGENCE_CONDITION,"如果,除非,推断必然正确",paper,/Users/wanglifei/Desktop/北京高考政治/reports/必修二三与必修四文化_题源分类准备_20260617_1301/02_text_cache/texts/0d4a5cd29c2e6961.txt,"具身智能是指智能体通过身体与环境的互动产生的智能行为。从字面上理解,具身智能是指具有身体 的人工智能,但并非所有具有身体的人工智能都是具身智能,只有那些能像人一样感知、学习的人工智能, 才能称之为具身智能。如果材料内容为真,下列推断必然正确的是( ) 1具有身体的人工智能不是非具身智能 2有些具有身体的人工智能是能像人一样感知、学习的人工智能 3如果不能称之为具身智能,则是不能像人一样感知、学习的人工智能 4除非是能像人一样感知、学习的人工智能,否则不能称之为具身智能 A.13 B.14 C.23D24"
2026_石景山_二模,3,UNKNOWN_OR_MIXED,B4_PHILOSOPHY_EXCLUDED,module-boundary-excluded,objective,question,STRONG_BLOCKER_B4P_DIALECTICS_BROAD_FINE,"辩证法,中国式现代化,过犹不及,度",paper,/Users/wanglifei/Desktop/北京高考政治/reports/必修二三与必修四文化_题源分类准备_20260617_1301/02_text_cache/texts/00b61bbb2c75b4be.txt,"“致广大而尽精微”语出《中庸》,意思是:既要致力于达到广博深厚的境界,又要尽心于精细微妙之处。这句话包含大与小的辩证法,又是为政、修身的方法论。以下做法符合其理念的是 1立足推进中国式现代化的大局谋划地区工作,因地制宜、精准发力 2重视“微”,群众利益无小事,从细节着手,做到“眉毛胡子一把抓” 3注重“精”,以“绣花功夫”把改革发展各项工作做扎实、做到位 4做到“尽”,防止过犹不及,做到得中而处,把握好事物发展的度 A.12 B.13 C.24 D.34"
2026_西城_一模,10,UNKNOWN_OR_MIXED,XB2_EXCLUDED,module-boundary-excluded,objective,question,STRONG_BLOCKER_XB2_ELEVATOR_PROPERTY_RIGHTS,"业主,加装电梯,采光损失,公平合理",paper,/Users/wanglifei/Desktop/北京高考政治/reports/必修二三与必修四文化_题源分类准备_20260617_1301/02_text_cache/texts/795b221243cdf7b6.txt,"某住宅楼业主就加装电梯事项依法形成决议,相关建设规划申请获得行政主管部门批准。施工期间,该楼一层业主甲因加装电梯影响房屋采光而坚决反对。对此,下列分析正确的是 1 因未获得全体业主一致同意,且已对甲造成实质影响,该决议无效 2 加装电梯的决议合法有效,甲必须无条件服从 3 加装电梯的决议有效,但应补偿甲的房屋采光受影响的损失 4 加装电梯涉及情理法,应遵循团结互助、公平合理的原则开展协商 A.12 B.13 C.24 D.34"
2026_西城_一模,15,UNKNOWN_OR_MIXED,XB1_EXCLUDED,module-boundary-excluded,objective,question,STRONG_BLOCKER_XB1_WTO_REFORM,"世贸组织,世界经济,全球经济治理",paper,/Users/wanglifei/Desktop/北京高考政治/reports/必修二三与必修四文化_题源分类准备_20260617_1301/02_text_cache/texts/795b221243cdf7b6.txt,"中国向世贸组织提交《关于当前形势下世贸组织改革的立场文件》,这是世贸组织改革进程启动以来,中国向世贸组织提交的首份全面系统阐述改革立场的政策文件。为促进世界经济发展繁荣,世贸组织应 A.坚持和平共处原则,积极主导国际政治经济秩序 B.专业、高效、廉洁,以发展中国家的共同繁荣为宗旨 C.发挥多边金融机构的作用,推动基础设施建设和互联互通 D.以发展为中心,引领世界贸易体系的新秩序,改善全球经济治理格局 第二部分 本部分共6题,共55分。"
2026_西城_一模,6,UNKNOWN_OR_MIXED,B4_PHILOSOPHY_EXCLUDED,module-boundary-excluded,objective,question,STRONG_BLOCKER_B4P_TECH_SCENARIO_DIALECTICS,"关键部分,新旧事物,共性个性,联系形式",paper,/Users/wanglifei/Desktop/北京高考政治/reports/必修二三与必修四文化_题源分类准备_20260617_1301/02_text_cache/texts/795b221243cdf7b6.txt,"场景是新技术、新产品实现创新落地的试验场,是连接技术与产业、打通研发与市场的关键桥梁。从具身智能训练场汇集多品牌人形机器人,在模拟的工业、康养等环境中协同训练,到AI覆盖交通、民生等众多场景,场景应用不仅检验技术“有没有”,更在“好不好用”“能不能推广”上给出回答。创新应用场景 A.应立足龙头企业这一关键部分,更好推动创新应用产业化发展 B.在推动产品不断迭代升级中,实现新事物与旧事物的相互转化 C.要善于把握寓于共性中的个性,推动技术从单一领域向众多行业辐射 D.通过建立多样的联系形式,满足多元需求,促进价值转化"
2026_西城_二模,11,UNKNOWN_OR_MIXED,XB2_EXCLUDED,module-boundary-excluded,objective,question,STRONG_BLOCKER_XB2_MARITAL_PROPERTY_COMPANY,"夫妻共同财产,抵押,公司股东,破产责任",paper,/Users/wanglifei/Desktop/北京高考政治/reports/必修二三与必修四文化_题源分类准备_20260617_1301/02_text_cache/texts/21ae4c2f7aee5465.txt,"夫妻钱某和赵某有两套住房,其中一套是钱某婚前购买的。钱某计划自己创业办公司,急需资金,想用家里的房产作抵押。下列分析正确的是 1两套房产都属于夫妻共同财产,钱某抵押房产需要得到赵某的同意 2房产抵押可以解决钱某的融资问题,保证流动性,实现物尽其用 3钱某作为公司股东取得的经营收益如无特别约定,属于夫妻共同财产 4如果钱某创办的公司破产,需要夫妻双方共同承担无限责任 A.12 B.14 C.23 D.34"
2026_西城_二模,15,UNKNOWN_OR_MIXED,XB1_EXCLUDED,module-boundary-excluded,objective,question,STRONG_BLOCKER_XB1_G20_GLOBAL_ECONOMIC_GOVERNANCE,"二十国集团,全球经济治理,国际经济合作",paper,/Users/wanglifei/Desktop/北京高考政治/reports/必修二三与必修四文化_题源分类准备_20260617_1301/02_text_cache/texts/21ae4c2f7aee5465.txt,"面对世界经济形势的发展演变,全球经济治理需要与时俱进、因时而变。共同完善全球经济治理,二十国集团应 1加强沟通和协调,照顾彼此利益关切,共商规则共迎挑战 2充分行使主权,共同构建公正高效的全球金融治理格局 3推动各国在国际经济合作中的权利平等、机会平等、规则平等 4构建开放透明的全球贸易和投资治理格局,避免利益的差别和对立 A.12 B.13 C.24 D.34 第二部分 本部分共5题,共55分。"
2026_西城_二模,5,UNKNOWN_OR_MIXED,XB3_EXCLUDED,module-boundary-excluded,objective,question,STRONG_BLOCKER_XB3_CONDITIONAL_PREMISE,"只有,必然推出,前提",paper,/Users/wanglifei/Desktop/北京高考政治/reports/必修二三与必修四文化_题源分类准备_20260617_1301/02_text_cache/texts/21ae4c2f7aee5465.txt,"生态环境法典将“绿色低碳发展”单独成编,对噪声、油烟等群众“家门口”的顽疾作出专门规定。某社区落实法典精神,通过大家商量着办,制定了如下规则: 只有解决了餐饮油烟扰民问题,或解决了固定设备噪声扰民问题,该社区才能参与竞选绿色宜居示范小区。 据此,要必然推出“该社区解决了餐饮油烟扰民问题”,需要以下哪项作为前提 A.该社区解决了设备噪声扰民问题,但未入选示范社区 B.该社区未解决设备噪声扰民问题,但入选了示范社区 C.该社区解决了设备噪声扰民问题,且入选了示范社区 D.该社区未解决设备噪声扰民问题,且未入选示范社区"
2026_西城_期末,1,UNKNOWN_OR_MIXED,B4_CULTURE,included,objective,question,STRONG_BLOCKER_B4C_NATIONAL_SPIRIT_BELIEF,"必胜信念,革命实践,民族复兴,精神动力",ocr-cache,/Users/wanglifei/Desktop/北京高考政治/reports/必修二三与必修四文化_题源分类准备_20260617_1301/02_text_cache/ocr_absorbed/2026_西城_期末.txt,"“我们要抱定必胜的决心,保卫黄河!保卫华北!保卫全中国!”抗战时期 我国军民抵御侵略的精神旗帜,如今更转化为新时代的坚定信念。昔日的战场上, 盐碱滩涂变沃土、光伏蓝板聚能量、特色产业促振兴•••从站起来、富起来到强 起来,中国人民的必胜信念更加紧定。 必胜信念 1 是时代的产物,时代越发达,信念越坚定 2 始终承载着中国人民对民族复兴伟业的执着追求 3 根植于革命实践,在中国式现代化建设中得到完整诠释 4 跨越时空,历久弥坚,为中国发展提供了强大精神动力 A. 12 B.13 C. 24 D. 34 C 2. B 3. A 4.D 5.C 6.C 7.D 8.B 9.D 10.B"
2026_西城_期末,12,UNKNOWN_OR_MIXED,B2_ECONOMICS,included,objective,question,STRONG_BLOCKER_B2_RAILWAY_PRICING_RESOURCE_ALLOCATION,"票价优惠,差别定价,资源优化配置",ocr-cache,/Users/wanglifei/Desktop/北京高考政治/reports/必修二三与必修四文化_题源分类准备_20260617_1301/02_text_cache/ocr_absorbed/2026_西城_期末.txt,"据报道,铁路部门对130余条线路的1300余趟动车组列车进行票价优惠调整。执行票价以 12306 公布票价为上限,实行不同幅度的折扣:旅时长、客座率偏低的列车打折幅度 较大,旅速快、长期供不应求的列车小幅打折或不打折,学生、儿童、残疾军人、伤 残人民警察、残疾消防救援人员等旅客继续享受“折上折”。下列评论正确的是 A.动车票价完全市场化,有利于铁路运输资源优化配置 B. 铁路企业可以通过差别定价,增加盈利,确保竞争优势 C.旅客的差异化出行偏好,促使铁路部门执行不同折扣的票价 D. 对不同旅客执行不同票价属于价格歧视,不符合公平交易原则 北京市西城区 2025—2026 学年度第一学期期末试卷 高三思想政治 第4页(共9页) ===== 2026北京西城高三上期末政治教师版.pdf page 5 ====="
2026_西城_期末,6,UNKNOWN_OR_MIXED,XB2_EXCLUDED,module-boundary-excluded,objective,question,STRONG_BLOCKER_XB2_ACCESSIBLE_WORKS_COPYRIGHT,"著作权,法定许可,个人信息",ocr-cache,/Users/wanglifei/Desktop/北京高考政治/reports/必修二三与必修四文化_题源分类准备_20260617_1301/02_text_cache/ocr_absorbed/2026_西城_期末.txt,"无障碍视听作品是通过技术或创作手段,使视听内容能够被残障人 士(如视障、听障、认知障碍等群体)平等感知和理解的影视或多 媒体作品。某影视APP开通无障碍剧场,向社会提供无障碍视听作 品。平台设置了严格的身份验证流程,用户需跳转至中国残联官网 完成验证后才能兔费使用。该模式 1 能精准锚定受益人群,但也造成个人信息泄露,违背了个人信 息“最小必要、目的限定”原则 2 借助身份核验防止作品被滥用,保障著作权人的商业利益 3 向残障人士提供已发表的作品,属于著作权的法定许可使用 4 通过无障碍格式制作,满足了视听障碍者观影这一公共利益的需求 A. 12 B. 13 C. 4 D. 身份认证 视障人员身份认证 本认证由中国残实人联合会提供, 偵息由中阅残联信息中心收集,仅 用于认证股务使用 谛输入曳份证号 认证, 3 4 北京市西城区 2025—2026学年度第一学期期末试卷 高三思想政治! 第2页(共9页) ===== 2026北京西城高三上期末政治教师版.pdf page 3 ====="
2026_通州_期末,10,UNKNOWN_OR_MIXED,XB3_EXCLUDED,module-boundary-excluded,objective,question,STRONG_BLOCKER_XB3_LOGICAL_THINKING_LAW,"逻辑思维,法学研究,分析正确",paper,/Users/wanglifei/Desktop/北京高考政治/reports/必修二三与必修四文化_题源分类准备_20260617_1301/02_text_cache/texts/7f3083ea306ea1e9.txt,逻辑思维是法学研究和实践的重要方法和工具。下列分析正确的是( ) A. 12 B. 13 C. 24 D. 34
2026_门头沟_一模,10,UNKNOWN_OR_MIXED,XB2_EXCLUDED,module-boundary-excluded,objective,question,STRONG_BLOCKER_XB2_FAMILY_SUPPORT_RELATION,"扶养关系,子女,成年兄长,未成年妹妹",paper,/Users/wanglifei/Desktop/北京高考政治/reports/必修二三与必修四文化_题源分类准备_20260617_1301/02_text_cache/texts/e84e6bbdd8988978.txt,"某社区开展“家庭责任教育周”活动,拟用真实案例制作展板。以下案例最适合作为 “扶养关系”素材的是 A. 独居的刘叔叔遭遇意外行动不便, 社区组织居民轮流上门照料、 提供食物与日常用 品,帮助其渡过难关 B.李奶奶年事已高、行动不便,子女齐心协力承担日常照料、医疗费用与生活开支, 保障老人安享晚年 C.张某作为有负担能力的成年兄长,在父母离世、其他近亲属无力照料的情况下,对 未成年妹妹进行照料 D. 严某与温某夫妻二人离异后, 未成年女儿随母生活, 父亲长期支付孩子的生活、 教 育、医疗等必要费用"
2026_顺义_二模,5,UNKNOWN_OR_MIXED,XB3_EXCLUDED,module-boundary-excluded,objective,question,STRONG_BLOCKER_XB3_DISJUNCTIVE_JUDGMENT,"相容选言判断,如果,必然推出",ocr-cache,/Users/wanglifei/Desktop/北京高考政治/reports/必修二三与必修四文化_题源分类准备_20260617_1301/02_text_cache/ocr_absorbed/2026_顺义_二模.txt,"户外登山裤为应对岩石摩擦,常采用高密度尼龙面料, 但高密度面料重量重、弹性差,长时间穿着易导致腿部 疲劳;若选择轻量化面料,虽舒适度提升,却因纤维密度 低,难以应对复杂户外环境,目前尚无面料能同时实现 高耐磨与高舒适度结合。如果选择一条裤子,用户会陷 人“‘耐磨=笨重’或‘舒适=易损’的选择困境”。据 资料卡 600D以上高密度面料单条 裤重>500g,耐磨次数可 达5000次以上。 400D轻量化面料单条裤重 <350g,耐磨次数降至2000 次以下。 此,下列观点正确的是 A. 企业只有采用高密度尼龙面料才能确保户外登山裤高耐磨 B. 材料中对登山裤耐磨性与舒适度的描述体现了定性分析与定量分析的结合 C.用户或者选择“耐磨=笨重”,或者选择“舒适=易损”,这属于相容选言判断 D. 若“使用高密度面料,则裤子笨重”为真,必然推出“裤子笨重,一定使用了高密度面料”"
