suite_id,question,parent_question,row_granularity,book_module,status,rule_id,matched_terms,basis,evidence_source,source_types,evidence_text
2025_海淀_期末,1,,question,XB2_EXCLUDED,module-boundary-excluded,REMOVED_CONTAMINATED_2025_HAIDIAN_MIXED_SUITE,,旧 2025_海淀_期末 行同时混入 2025 海淀期中与 2025 海淀期末来源，整组移除后按真实文件身份重建。,/Users/wanglifei/Desktop/2025模拟题/2025各区期末/2025海淀期中/试卷/试卷.pdf | /Users/wanglifei/Desktop/2025模拟题/2025各区期末/2025海淀期末/试卷/试卷.docx,paper,"{""target"": ""B4_CULTURE"", ""target_score"": 8, ""boundary"": ""XB2_EXCLUDED"", ""boundary_score"": 2, ""matches"": {""B2_ECONOMICS"": ""民营企业,产业链,boost:产业链"", ""B4_CULTURE"": ""文化,民族精神,中轴线,中华文明,boost:民族精神,boost:中轴线,boost:中华文明"", ""XB2_EXCLUDED"": ""知识产权,boost:知识产权""}, ""explicit_boundary_modules"": {""XB2_EXCLUDED"": [""知识产权""]}, ""override"": ""explicit_boundary_term""}"
2025_海淀_期末,10,,question,XB2_EXCLUDED,module-boundary-excluded,REMOVED_CONTAMINATED_2025_HAIDIAN_MIXED_SUITE,,旧 2025_海淀_期末 行同时混入 2025 海淀期中与 2025 海淀期末来源，整组移除后按真实文件身份重建。,/Users/wanglifei/Desktop/2025模拟题/2025各区期末/2025海淀期中/试卷/试卷.pdf | /Users/wanglifei/Desktop/2025模拟题/2025各区期末/2025海淀期末/试卷/试卷.docx,paper,"{""target"": ""B3_POLITICS_RULE_OF_LAW"", ""target_score"": 1, ""boundary"": ""XB2_EXCLUDED"", ""boundary_score"": 12, ""matches"": {""B3_POLITICS_RULE_OF_LAW"": ""政府"", ""XB2_EXCLUDED"": ""民法典,合同,诉讼,赔偿,boost:民法典,boost:合同,boost:诉讼""}, ""explicit_boundary_modules"": {""XB2_EXCLUDED"": [""民法典"", ""合同"", ""诉讼""]}, ""override"": ""explicit_boundary_term""}"
2025_海淀_期末,11,,question,XB2_EXCLUDED,module-boundary-excluded,REMOVED_CONTAMINATED_2025_HAIDIAN_MIXED_SUITE,,旧 2025_海淀_期末 行同时混入 2025 海淀期中与 2025 海淀期末来源，整组移除后按真实文件身份重建。,/Users/wanglifei/Desktop/2025模拟题/2025各区期末/2025海淀期中/试卷/试卷.pdf | /Users/wanglifei/Desktop/2025模拟题/2025各区期末/2025海淀期末/试卷/试卷.docx,paper,"{""target"": ""B3_POLITICS_RULE_OF_LAW"", ""target_score"": 9, ""boundary"": ""XB2_EXCLUDED"", ""boundary_score"": 9, ""matches"": {""B3_POLITICS_RULE_OF_LAW"": ""协商民主,公正司法,法院,基层治理,社会治理,boost:协商民主,boost:公正司法,boost:基层治理"", ""B4_PHILOSOPHY_EXCLUDED"": ""矛盾,boost:矛盾"", ""XB2_EXCLUDED"": ""民法典,诉讼,赔偿,上诉,boost:民法典,boost:诉讼,boost:上诉""}, ""explicit_boundary_modules"": {""XB2_EXCLUDED"": [""民法典"", ""诉讼""]}, ""override"": ""explicit_boundary_term""}"
2025_海淀_期末,12,,question,XB2_EXCLUDED,module-boundary-excluded,REMOVED_CONTAMINATED_2025_HAIDIAN_MIXED_SUITE,,旧 2025_海淀_期末 行同时混入 2025 海淀期中与 2025 海淀期末来源，整组移除后按真实文件身份重建。,/Users/wanglifei/Desktop/2025模拟题/2025各区期末/2025海淀期中/试卷/试卷.pdf | /Users/wanglifei/Desktop/2025模拟题/2025各区期末/2025海淀期末/试卷/试卷.docx,paper,"{""target"": ""B2_ECONOMICS"", ""target_score"": 0, ""boundary"": ""XB2_EXCLUDED"", ""boundary_score"": 8, ""matches"": {""B4_PHILOSOPHY_EXCLUDED"": ""人民群众,boost:人民群众"", ""XB2_EXCLUDED"": ""民法典,继承,仲裁,boost:民法典,boost:继承,boost:仲裁"", ""B1_EXCLUDED"": ""中国梦""}, ""explicit_boundary_modules"": {""XB2_EXCLUDED"": [""民法典""]}, ""override"": ""explicit_boundary_term""}"
2025_海淀_期末,13,,question,B2_ECONOMICS,included,REMOVED_CONTAMINATED_2025_HAIDIAN_MIXED_SUITE,,旧 2025_海淀_期末 行同时混入 2025 海淀期中与 2025 海淀期末来源，整组移除后按真实文件身份重建。,/Users/wanglifei/Desktop/2025模拟题/2025各区期末/2025海淀期中/试卷/试卷.pdf | /Users/wanglifei/Desktop/2025模拟题/2025各区期末/2025海淀期末/试卷/试卷.docx,paper,"{""target"": ""B2_ECONOMICS"", ""target_score"": 3, ""boundary"": ""XB1_EXCLUDED"", ""boundary_score"": 2, ""matches"": {""B2_ECONOMICS"": ""劳动者"", ""B3_POLITICS_RULE_OF_LAW"": ""公正司法,法院,boost:公正司法"", ""XB1_EXCLUDED"": ""外交,boost:外交"", ""XB2_EXCLUDED"": ""劳动关系,boost:劳动关系""}}"
2025_海淀_期末,14,,question,XB2_EXCLUDED,module-boundary-excluded,REMOVED_CONTAMINATED_2025_HAIDIAN_MIXED_SUITE,,旧 2025_海淀_期末 行同时混入 2025 海淀期中与 2025 海淀期末来源，整组移除后按真实文件身份重建。,/Users/wanglifei/Desktop/2025模拟题/2025各区期末/2025海淀期中/试卷/试卷.pdf | /Users/wanglifei/Desktop/2025模拟题/2025各区期末/2025海淀期末/试卷/试卷.docx,paper,"{""target"": ""B3_POLITICS_RULE_OF_LAW"", ""target_score"": 2, ""boundary"": ""XB1_EXCLUDED"", ""boundary_score"": 8, ""matches"": {""B3_POLITICS_RULE_OF_LAW"": ""法院"", ""B4_CULTURE"": ""纹样,boost:纹样"", ""XB1_EXCLUDED"": ""外交,元首外交,上合组织,boost:外交,boost:元首外交,boost:上合组织"", ""XB2_EXCLUDED"": ""侵权,诉讼,调解,举证,boost:侵权,boost:诉讼,boost:调解,boost:举证""}, ""explicit_boundary_modules"": {""XB2_EXCLUDED"": [""侵权"", ""诉讼""]}, ""override"": ""explicit_boundary_term""}"
2025_海淀_期末,15,,question,XB2_EXCLUDED,module-boundary-excluded,REMOVED_CONTAMINATED_2025_HAIDIAN_MIXED_SUITE,,旧 2025_海淀_期末 行同时混入 2025 海淀期中与 2025 海淀期末来源，整组移除后按真实文件身份重建。,/Users/wanglifei/Desktop/2025模拟题/2025各区期末/2025海淀期中/试卷/试卷.pdf | /Users/wanglifei/Desktop/2025模拟题/2025各区期末/2025海淀期末/试卷/试卷.docx,paper,"{""target"": ""B2_ECONOMICS"", ""target_score"": 4, ""boundary"": ""XB1_EXCLUDED"", ""boundary_score"": 7, ""matches"": {""B2_ECONOMICS"": ""消费"", ""B3_POLITICS_RULE_OF_LAW"": ""法院,社会治理"", ""B4_PHILOSOPHY_EXCLUDED"": ""实践"", ""XB1_EXCLUDED"": ""APEC,boost:APEC"", ""XB2_EXCLUDED"": ""诉讼,消费者权益,boost:诉讼,boost:消费者权益""}, ""explicit_boundary_modules"": {""XB2_EXCLUDED"": [""诉讼""]}, ""override"": ""explicit_boundary_term""}"
2025_海淀_期末,16(1),16,subquestion,B2_ECONOMICS,included,REMOVED_CONTAMINATED_2025_HAIDIAN_MIXED_SUITE,,旧 2025_海淀_期末 行同时混入 2025 海淀期中与 2025 海淀期末来源，整组移除后按真实文件身份重建。,/Users/wanglifei/Desktop/2025模拟题/2025各区期末/2025海淀期中/试卷/试卷.pdf,paper,"{""rule_id"": ""REMAINING_B2_COFFEE_MARKET_PROSPECT_EXPLICIT_PROMPT"", ""matched_terms"": ""运用《经济与社会》知识,市场前景,消费偏好,产品创新"", ""source"": ""remaining_strong_cleanup_audit.csv"", ""prior_book_module"": ""UNKNOWN_OR_MIXED"", ""prior_status"": ""blocked""}"
2025_海淀_期末,16(2),16,subquestion,B2_ECONOMICS,included,REMOVED_CONTAMINATED_2025_HAIDIAN_MIXED_SUITE,,旧 2025_海淀_期末 行同时混入 2025 海淀期中与 2025 海淀期末来源，整组移除后按真实文件身份重建。,/Users/wanglifei/Desktop/2025模拟题/2025各区期末/2025海淀期中/试卷/试卷.pdf,paper,"{""override"": ""prompt_router"", ""prompt_terms"": [""经济信息/经济角度""], ""classification_text"": ""(2)结合材料三,从经济角度,为中国咖啡企业“出海”提出建议。"", ""base_decision"": ""{\""target\"": \""B2_ECONOMICS\"", \""target_score\"": 0, \""boundary\"": \""B4_PHILOSOPHY_EXCLUDED\"", \""boundary_score\"": 0, \""matches\"": {}}""}"
2025_海淀_期末,17,,question,UNKNOWN_OR_MIXED,blocked,REMOVED_CONTAMINATED_2025_HAIDIAN_MIXED_SUITE,,旧 2025_海淀_期末 行同时混入 2025 海淀期中与 2025 海淀期末来源，整组移除后按真实文件身份重建。,/Users/wanglifei/Desktop/2025模拟题/2025各区期末/2025海淀期中/试卷/试卷.pdf | /Users/wanglifei/Desktop/2025模拟题/2025各区期末/2025海淀期末/试卷/试卷.docx,paper,"{""target"": ""B2_ECONOMICS"", ""target_score"": 8, ""boundary"": ""B4_PHILOSOPHY_EXCLUDED"", ""boundary_score"": 7, ""matches"": {""B2_ECONOMICS"": ""经济与社会,财政,税收,boost:经济与社会,boost:财政,boost:税收"", ""B4_PHILOSOPHY_EXCLUDED"": ""认识,真理,发展的观点,boost:真理,boost:发展的观点"", ""XB3_EXCLUDED"": ""科学思维,想象,boost:科学思维,boost:想象""}, ""explicit_target_modules"": {""B2_ECONOMICS"": [""经济与社会""]}, ""explicit_boundary_modules"": {""XB3_EXCLUDED"": [""科学思维"", ""想象""]}, ""override"": ""manual_subquestion_split_needed""}"
2025_海淀_期末,18,,question,XB3_EXCLUDED,module-boundary-excluded,REMOVED_CONTAMINATED_2025_HAIDIAN_MIXED_SUITE,,旧 2025_海淀_期末 行同时混入 2025 海淀期中与 2025 海淀期末来源，整组移除后按真实文件身份重建。,/Users/wanglifei/Desktop/2025模拟题/2025各区期末/2025海淀期中/试卷/试卷.pdf | /Users/wanglifei/Desktop/2025模拟题/2025各区期末/2025海淀期末/试卷/试卷.docx,paper,"{""target"": ""B4_CULTURE"", ""target_score"": 11, ""boundary"": ""XB3_EXCLUDED"", ""boundary_score"": 9, ""matches"": {""B3_POLITICS_RULE_OF_LAW"": ""党的领导,居民自治,民主监督,民主决策,民主协商,党组织,社会治理,公共服务,boost:党的领导,boost:党组织"", ""B4_CULTURE"": ""文化"", ""B4_PHILOSOPHY_EXCLUDED"": ""认识,矛盾,boost:矛盾"", ""XB2_EXCLUDED"": ""民事,boost:民事"", ""XB3_EXCLUDED"": ""创新思维,逆向思维,联想思维,迁移,boost:创新思维,boost:逆向思维,boost:联想思维,boost:迁移""}, ""explicit_boundary_modules"": {""XB2_EXCLUDED"": [""民事""], ""XB3_EXCLUDED"": [""创新思维"", ""迁移""]}, ""override"": ""explicit_boundary_term""}"
2025_海淀_期末,19,,question,UNKNOWN_OR_MIXED,blocked,REMOVED_CONTAMINATED_2025_HAIDIAN_MIXED_SUITE,,旧 2025_海淀_期末 行同时混入 2025 海淀期中与 2025 海淀期末来源，整组移除后按真实文件身份重建。,/Users/wanglifei/Desktop/2025模拟题/2025各区期末/2025海淀期中/试卷/试卷.pdf | /Users/wanglifei/Desktop/2025模拟题/2025各区期末/2025海淀期末/试卷/试卷.docx,paper,"{""target"": ""B3_POLITICS_RULE_OF_LAW"", ""target_score"": 11, ""boundary"": ""XB2_EXCLUDED"", ""boundary_score"": 2, ""matches"": {""B2_ECONOMICS"": ""市场经济,乡村振兴,共同富裕,boost:市场经济,boost:乡村振兴,boost:共同富裕"", ""B3_POLITICS_RULE_OF_LAW"": ""政治与法治,中国共产党,全面从严治党,全面依法治国,国家治理,政府,boost:政治与法治,boost:中国共产党,boost:全面依法治国,boost:国家治理"", ""B4_PHILOSOPHY_EXCLUDED"": ""实践"", ""XB2_EXCLUDED"": ""物权,boost:物权"", ""B1_EXCLUDED"": ""改革开放""}, ""explicit_target_modules"": {""B3_POLITICS_RULE_OF_LAW"": [""政治与法治""]}, ""explicit_boundary_modules"": {""XB2_EXCLUDED"": [""物权""]}, ""override"": ""manual_subquestion_split_needed""}"
2025_海淀_期末,2,,question,XB3_EXCLUDED,module-boundary-excluded,REMOVED_CONTAMINATED_2025_HAIDIAN_MIXED_SUITE,,旧 2025_海淀_期末 行同时混入 2025 海淀期中与 2025 海淀期末来源，整组移除后按真实文件身份重建。,/Users/wanglifei/Desktop/2025模拟题/2025各区期末/2025海淀期中/试卷/试卷.pdf | /Users/wanglifei/Desktop/2025模拟题/2025各区期末/2025海淀期末/试卷/试卷.docx,paper,"{""target"": ""B4_CULTURE"", ""target_score"": 5, ""boundary"": ""XB3_EXCLUDED"", ""boundary_score"": 4, ""matches"": {""B2_ECONOMICS"": ""消费"", ""B4_CULTURE"": ""文化,文化遗产,中轴线,boost:文化遗产,boost:中轴线"", ""B4_PHILOSOPHY_EXCLUDED"": ""认识"", ""XB3_EXCLUDED"": ""辩证思维,迁移,boost:辩证思维,boost:迁移""}, ""explicit_boundary_modules"": {""XB3_EXCLUDED"": [""辩证思维"", ""迁移""]}, ""override"": ""explicit_boundary_term""}"
2025_海淀_期末,20,,question,UNKNOWN_OR_MIXED,blocked,REMOVED_CONTAMINATED_2025_HAIDIAN_MIXED_SUITE,,旧 2025_海淀_期末 行同时混入 2025 海淀期中与 2025 海淀期末来源，整组移除后按真实文件身份重建。,/Users/wanglifei/Desktop/2025模拟题/2025各区期末/2025海淀期中/试卷/试卷.pdf | /Users/wanglifei/Desktop/2025模拟题/2025各区期末/2025海淀期末/试卷/试卷.docx,paper,"{""target"": ""B2_ECONOMICS"", ""target_score"": 15, ""boundary"": ""XB2_EXCLUDED"", ""boundary_score"": 27, ""matches"": {""B2_ECONOMICS"": ""经济与社会,高质量发展,共同富裕,财政,消费,区域协调,boost:经济与社会,boost:高质量发展,boost:共同富裕,boost:财政"", ""B3_POLITICS_RULE_OF_LAW"": ""政府,法院"", ""B4_PHILOSOPHY_EXCLUDED"": ""实践,人民群众,boost:人民群众"", ""XB2_EXCLUDED"": ""民法典,侵权,民事,侵权责任,赔偿,监护人,boost:民法典,boost:侵权,boost:民事,boost:侵权责任,boost:监护人""}, ""explicit_target_modules"": {""B2_ECONOMICS"": [""经济与社会""]}, ""explicit_boundary_modules"": {""XB2_EXCLUDED"": [""民法典"", ""侵权"", ""民事""]}, ""override"": ""manual_subquestion_split_needed""}"
2025_海淀_期末,21,,question,XB1_EXCLUDED,module-boundary-excluded,REMOVED_CONTAMINATED_2025_HAIDIAN_MIXED_SUITE,,旧 2025_海淀_期末 行同时混入 2025 海淀期中与 2025 海淀期末来源，整组移除后按真实文件身份重建。,/Users/wanglifei/Desktop/2025模拟题/2025各区期末/2025海淀期中/试卷/试卷.pdf | /Users/wanglifei/Desktop/2025模拟题/2025各区期末/2025海淀期末/试卷/试卷.docx,paper,"{""target"": ""B2_ECONOMICS"", ""target_score"": 11, ""boundary"": ""XB1_EXCLUDED"", ""boundary_score"": 28, ""matches"": {""B2_ECONOMICS"": ""劳动者"", ""B3_POLITICS_RULE_OF_LAW"": ""中国共产党,党的领导,法院,boost:中国共产党,boost:党的领导"", ""B4_CULTURE"": ""文化,中华优秀传统文化,优秀传统文化,传统文化,民族精神,博物馆,boost:中华优秀传统文化,boost:优秀传统文化,boost:传统文化,boost:民族精神,boost:博物馆"", ""B4_PHILOSOPHY_EXCLUDED"": ""实践"", ""XB1_EXCLUDED"": ""中国外交,联合国,经济全球化,和平与发展,人类命运共同体,外交,boost:中国外交,boost:联合国,boost:经济全球化,boost:和平与发展,boost:人类命运共同体,boost:外交"", ""XB2_EXCLUDED"": ""法律与生活,民法典,合同,知识产权,劳动合同,赔偿,违约,boost:法律与生活,boost:民法典,boost:合同,boost:知识产权,boost:劳动合同"", ""B1_EXCLUDED"": ""中国梦""}, ""explicit_boundary_modules"": {""XB1_EXCLUDED"": [""经济全球化"", ""联合国"", ""人类命运共同体""], ""XB2_EXCLUDED"": [""法律与生活"", ""民法典"", ""合同"", ""知识产权"", ""劳动合同""]}, ""override"": ""explicit_boundary_term""}"
2025_海淀_期末,3,,question,B4_CULTURE,included,REMOVED_CONTAMINATED_2025_HAIDIAN_MIXED_SUITE,,旧 2025_海淀_期末 行同时混入 2025 海淀期中与 2025 海淀期末来源，整组移除后按真实文件身份重建。,/Users/wanglifei/Desktop/2025模拟题/2025各区期末/2025海淀期中/试卷/试卷.pdf | /Users/wanglifei/Desktop/2025模拟题/2025各区期末/2025海淀期末/试卷/试卷.docx,paper,"{""target"": ""B4_CULTURE"", ""target_score"": 9, ""boundary"": ""B4_PHILOSOPHY_EXCLUDED"", ""boundary_score"": 0, ""matches"": {""B2_ECONOMICS"": ""消费"", ""B3_POLITICS_RULE_OF_LAW"": ""政府"", ""B4_CULTURE"": ""文化,传统文化,非遗,boost:传统文化,boost:非遗""}}"
2025_海淀_期末,4,,question,B2_ECONOMICS,included,REMOVED_CONTAMINATED_2025_HAIDIAN_MIXED_SUITE,,旧 2025_海淀_期末 行同时混入 2025 海淀期中与 2025 海淀期末来源，整组移除后按真实文件身份重建。,/Users/wanglifei/Desktop/2025模拟题/2025各区期末/2025海淀期中/试卷/试卷.pdf | /Users/wanglifei/Desktop/2025模拟题/2025各区期末/2025海淀期末/试卷/试卷.docx,paper,"{""target"": ""B2_ECONOMICS"", ""target_score"": 5, ""boundary"": ""B4_PHILOSOPHY_EXCLUDED"", ""boundary_score"": 3, ""matches"": {""B2_ECONOMICS"": ""公有制,非公有制,消费,boost:公有制,boost:非公有制"", ""B3_POLITICS_RULE_OF_LAW"": ""政府,公共服务"", ""B4_CULTURE"": ""文化"", ""B4_PHILOSOPHY_EXCLUDED"": ""实践,认识,主观能动性""}}"
2025_海淀_期末,5,,question,B2_ECONOMICS,included,REMOVED_CONTAMINATED_2025_HAIDIAN_MIXED_SUITE,,旧 2025_海淀_期末 行同时混入 2025 海淀期中与 2025 海淀期末来源，整组移除后按真实文件身份重建。,/Users/wanglifei/Desktop/2025模拟题/2025各区期末/2025海淀期中/试卷/试卷.pdf | /Users/wanglifei/Desktop/2025模拟题/2025各区期末/2025海淀期末/试卷/试卷.docx,paper,"{""target"": ""B2_ECONOMICS"", ""target_score"": 10, ""boundary"": ""B4_PHILOSOPHY_EXCLUDED"", ""boundary_score"": 1, ""matches"": {""B2_ECONOMICS"": ""社会保障,医保,boost:社会保障,boost:医保"", ""B4_PHILOSOPHY_EXCLUDED"": ""主观能动性""}}"
2025_海淀_期末,6,,question,B2_ECONOMICS,included,REMOVED_CONTAMINATED_2025_HAIDIAN_MIXED_SUITE,,旧 2025_海淀_期末 行同时混入 2025 海淀期中与 2025 海淀期末来源，整组移除后按真实文件身份重建。,/Users/wanglifei/Desktop/2025模拟题/2025各区期末/2025海淀期中/试卷/试卷.pdf | /Users/wanglifei/Desktop/2025模拟题/2025各区期末/2025海淀期末/试卷/试卷.docx,paper,"{""override"": ""strict_prompt_resolution"", ""rule_id"": ""B2_EXPLICIT_ECONOMICS_PROMPT"", ""matched_terms"": ""社会保障,养老"", ""prompt_source"": ""paper"", ""prompt"": ""为实现养老服务高质量发展,海淀区通过政策支持与补贴等措施,吸引优质民营餐饮企业加入养老助餐 队伍,形成多元化养老助餐服务网络,并发布 “海淀食堂”线上地图,打造“海淀食堂”养老助餐服务品 牌。老年人可在地图上获取助餐点位置就近用餐。这一做法( ) 1通过科技赋能,推动养老服务多元化发展 2完善了社会保障体系,推进老年人福利政策全覆盖 3为民营企业提供市场机遇和发展空间,丰富养老供给 4完成了社区养老向居家养老转型,健全了养老产业体系 A. 13 B. 14 C. 23 D. 24"", ""previous_decision"": ""{\""target\"": \""B2_ECONOMICS\"", \""target_score\"": 8, \""boundary\"": \""B4_PHILOSOPHY_EXCLUDED\"", \""boundary_score\"": 8, \""matches\"": {\""B2_ECONOMICS\"": \""民营企业,高质量发展,社会保障,养老服务,boost:高质量发展,boost:社会保障,boost:养老服务\"", \""B4_PHILOSOPHY_EXCLUDED\"": \""实践,认识,真理,矛盾,boost:真理,boost:矛盾\""}}""}"
2025_海淀_期末,7,,question,B2_ECONOMICS,included,REMOVED_CONTAMINATED_2025_HAIDIAN_MIXED_SUITE,,旧 2025_海淀_期末 行同时混入 2025 海淀期中与 2025 海淀期末来源，整组移除后按真实文件身份重建。,/Users/wanglifei/Desktop/2025模拟题/2025各区期末/2025海淀期中/试卷/试卷.pdf | /Users/wanglifei/Desktop/2025模拟题/2025各区期末/2025海淀期末/试卷/试卷.docx,paper,"{""target"": ""B2_ECONOMICS"", ""target_score"": 7, ""boundary"": ""B4_PHILOSOPHY_EXCLUDED"", ""boundary_score"": 2, ""matches"": {""B2_ECONOMICS"": ""就业,区域协调,boost:就业"", ""B3_POLITICS_RULE_OF_LAW"": ""政府,党组织,boost:党组织"", ""B4_PHILOSOPHY_EXCLUDED"": ""人民群众,boost:人民群众""}}"
2025_海淀_期末,8,,question,XB3_EXCLUDED,module-boundary-excluded,REMOVED_CONTAMINATED_2025_HAIDIAN_MIXED_SUITE,,旧 2025_海淀_期末 行同时混入 2025 海淀期中与 2025 海淀期末来源，整组移除后按真实文件身份重建。,/Users/wanglifei/Desktop/2025模拟题/2025各区期末/2025海淀期中/试卷/试卷.pdf | /Users/wanglifei/Desktop/2025模拟题/2025各区期末/2025海淀期末/试卷/试卷.docx,paper,"{""target"": ""B3_POLITICS_RULE_OF_LAW"", ""target_score"": 11, ""boundary"": ""XB3_EXCLUDED"", ""boundary_score"": 7, ""matches"": {""B3_POLITICS_RULE_OF_LAW"": ""宪法,全国人大,全国人大常委会,人大常委会,boost:宪法,boost:全国人大,boost:人大常委会"", ""XB2_EXCLUDED"": ""侵权,侵权责任,boost:侵权,boost:侵权责任"", ""XB3_EXCLUDED"": ""逻辑与思维,推理,充分条件,boost:逻辑与思维,boost:推理,boost:充分条件""}, ""explicit_boundary_modules"": {""XB2_EXCLUDED"": [""侵权""], ""XB3_EXCLUDED"": [""逻辑与思维"", ""推理"", ""假言"", ""充分条件""]}, ""override"": ""explicit_boundary_term""}"
2025_海淀_期末,9,,question,XB2_EXCLUDED,module-boundary-excluded,REMOVED_CONTAMINATED_2025_HAIDIAN_MIXED_SUITE,,旧 2025_海淀_期末 行同时混入 2025 海淀期中与 2025 海淀期末来源，整组移除后按真实文件身份重建。,/Users/wanglifei/Desktop/2025模拟题/2025各区期末/2025海淀期中/试卷/试卷.pdf | /Users/wanglifei/Desktop/2025模拟题/2025各区期末/2025海淀期末/试卷/试卷.docx,paper,"{""target"": ""B2_ECONOMICS"", ""target_score"": 0, ""boundary"": ""XB2_EXCLUDED"", ""boundary_score"": 9, ""matches"": {""XB2_EXCLUDED"": ""民法典,物权,所有权,boost:民法典,boost:物权,boost:所有权""}, ""explicit_boundary_modules"": {""XB2_EXCLUDED"": [""民法典"", ""所有权"", ""物权""]}, ""override"": ""explicit_boundary_term""}"
2025_海淀_期中,1,,question,B2_ECONOMICS,included,MIDTERM_Q1_B2_ANSWER_C,"国有企业,民营企业,产业链,商业航天",答案 C 对应民营企业与产业链协同，知识归入《经济与社会》。,/Users/wanglifei/Desktop/2025模拟题/2025各区期末/2025海淀期中/试卷/试卷.pdf | /Users/wanglifei/Desktop/2025模拟题/2025各区期末/2025海淀期中/细则/细则.docx,paper|rubric,"商业航天是指以市场为主导、具有商业盈利模式的航天活动,其产业链如下图所示。 在火箭制造与发射、航天运载火箭生产方面,中国航天科技集团等国有企业拥有自主知识产权,创新能力 突出,核心竞争力强,引领支撑商业航天发展;在运载火箭设计与制造、商业卫星设计制造、市场开拓等 方面,不少民营企业发挥着重要作用。国有企业与民营企业在航天领域各自发挥作用。这表明( ) 1国有企业是社会主义经济制度的基础,在发展航天事业中占支配地位 2民营企业是推动经济社会发展的重要力量,是商业航天事业技术创新的重要主体 3民营航天企业在国家重大航天任务中发挥主导作用,推动我国向航天强国迈进 4二者携手推动商业航天产业链协同发展,有利于提升中国航天的竞争力和影响力 A. 12 B. 13 C. 24 D. 34 C 2.A 3.C 4.D 5.B"
2025_海淀_期中,2,,question,B2_ECONOMICS,included,MIDTERM_Q2_B2_ANSWER_A,"消费,市场需求,差异化产品",答案 A 对应消费需求与企业经营，归入《经济与社会》。,/Users/wanglifei/Desktop/2025模拟题/2025各区期末/2025海淀期中/试卷/试卷.pdf | /Users/wanglifei/Desktop/2025模拟题/2025各区期末/2025海淀期中/细则/细则.docx,paper|rubric,"今年夏天,大容量的大瓶装饮料走红。某品牌无糖茶饮料 500 毫升一瓶的价格在 4.8 元左右,而 900 毫 升的也只需 6.5 元;大瓶装饮料中,电解质水、无糖茶饮料等健康饮品占比增加。对此经济现象认识正确 的是( ) 1大瓶饮料更实惠,吸引众多追求性价比的消费者 2大瓶饮料分享性强,决定了厂商能够提供更多的产品 3厂商适应市场需求,提供差异化产品从而提高竞争力 4厂商应放弃中小瓶饮料的生产,以提升整体利润率 A. 13 B. 14 C. 23 D. 24"
2025_海淀_期中,3,,question,B2_ECONOMICS,included,MIDTERM_Q3_B2_ANSWER_C,"二次元经济,消费市场,地区经济增长点",答案 C 对应消费新空间和地区经济发展，归入《经济与社会》。,/Users/wanglifei/Desktop/2025模拟题/2025各区期末/2025海淀期中/试卷/试卷.pdf | /Users/wanglifei/Desktop/2025模拟题/2025各区期末/2025海淀期中/细则/细则.docx,paper|rubric,"“为一个漫展奔赴一座城”“谷子(指动漫的周边商品)经济带火老商场 ”“‘跟着悟空游山西’主题 旅行路线”......以动画、漫画、游戏为核心,涵盖内容创作、传播和消费的 “二次元经济”正逐渐向线下 发展。“二次元经济”的繁荣( ) 1发挥了创新对经济发展的基础性作用,不断拓展消费市场发展新空间 2有助于在线上线下融合中提升城市影响力,为地区经济发展提供新的增长点 3需要经营者因地制宜提供特色消费体验,挖掘新的消费潜力 第2页/共10页 4要求政府加大产权保护力度并限定周边商品价格,规范市场秩序 A. 12 B. 14 C. 23 D. 34"
2025_海淀_期中,4,,question,B2_ECONOMICS,included,MIDTERM_Q4_B2_SERVICE_MARKET_ACCESS,"市场准入,服务业,非公有制经济",题干围绕服务业市场准入和非公经济活力，归入《经济与社会》。,/Users/wanglifei/Desktop/2025模拟题/2025各区期末/2025海淀期中/试卷/试卷.pdf | /Users/wanglifei/Desktop/2025模拟题/2025各区期末/2025海淀期中/细则/细则.docx,paper|rubric,"中共中央办公厅、国务院办公厅印发的《关于完善市场准入制度的意见》提出,要有序放宽服务业准入 限制:对不涉及国家安全、社会稳定,可以依靠市场充分竞争提升供给质量的服务业行业领域逐步取消准 入限制;对涉及重要民生领域的教育、卫生、体育等行业,稳妥放宽准入限制,优化养老、托育、助残等 行业准入标准......上述意见( ) A. 体现了政府通过提供公共服务,保障社会公平正义 B. 旨在用事中和事后监管替代事前监管,全面提升监管效能 C. 能为消费者带来更高质量的服务体验,确保公共物品供给 D. 有助于非公有制经济提升投资意愿,增强行业活力"
2025_海淀_期中,5,,question,B2_ECONOMICS,included,MIDTERM_Q5_B2_MEDICAL_INSURANCE,"医保,社会保障,共济账户",题干围绕医保个人账户与社会保障服务，归入《经济与社会》。,/Users/wanglifei/Desktop/2025模拟题/2025各区期末/2025海淀期中/试卷/试卷.pdf | /Users/wanglifei/Desktop/2025模拟题/2025各区期末/2025海淀期中/细则/细则.docx,paper|rubric,"线上买药,医保搞定。2024 年 7 月起,北京市基本医疗保险参保人员可使用医保个人账户线上购买非处 方药,药品费用由医保个人账户支付,线上下单后购药平台即时配送药品。线上购药还支持北京医保已备 案家庭成员之间共济使用医保个人账户内资金。此举有助于( ) 1提高医保服务便利性,增强参保群众的幸福感、获得感 2促进优质医疗资源扩容下沉,推动分级诊疗体系的建设 3鼓励家庭成员间的互助,提高社会保障基金使用效率 4增加居民的财产性收入,减轻家庭医保支出负担 A. 12 B. 13 C. 24 D. 34"
2025_海淀_期中,6,,question,B2_ECONOMICS,included,MIDTERM_Q6_B2_ELDERLY_SERVICE_SUPPLY,"养老服务,民营企业,养老供给",题干围绕养老服务供给和民营企业参与，归入《经济与社会》。,/Users/wanglifei/Desktop/2025模拟题/2025各区期末/2025海淀期中/试卷/试卷.pdf | /Users/wanglifei/Desktop/2025模拟题/2025各区期末/2025海淀期中/细则/细则.docx,paper|rubric,"为实现养老服务高质量发展,海淀区通过政策支持与补贴等措施,吸引优质民营餐饮企业加入养老助餐 队伍,形成多元化养老助餐服务网络,并发布 “海淀食堂”线上地图,打造“海淀食堂”养老助餐服务品 牌。老年人可在地图上获取助餐点位置就近用餐。这一做法( ) 1通过科技赋能,推动养老服务多元化发展 2完善了社会保障体系,推进老年人福利政策全覆盖 3为民营企业提供市场机遇和发展空间,丰富养老供给 4完成了社区养老向居家养老转型,健全了养老产业体系 A. 13 B. 14 C. 23 D. 24 A 7.B 8.D 9.D 10.A"
2025_海淀_期中,7,,question,B3_POLITICS_RULE_OF_LAW,included,MIDTERM_Q7_B3_PARTY_BUILDING_GOVERNANCE,"流动党支部,党员先锋,首都治理",题干主干是党建引领基层治理，归入《政治与法治》。,/Users/wanglifei/Desktop/2025模拟题/2025各区期末/2025海淀期中/试卷/试卷.pdf | /Users/wanglifei/Desktop/2025模拟题/2025各区期末/2025海淀期中/细则/细则.docx,paper|rubric,"一个个流动党支部建在快递外卖站点、物流园、司机车队里, “先锋骑手”“红色速递员”“党员先锋 车队”不断涌现......在党员的带动下,快递员、外卖配送员、网约车司机等新就业群体也化身信息报送员、 文明宣传员、安全防范员、扶老助困员,成为首都治理“新力量”。新就业群体融入首都治理( ) 1突出了党员的先锋模范作用,有助于提高社会综合治理能力 2彰显基层党组织的亲和力、凝聚力、感召力,推动区域协调发展 3可以增强新就业群体的职业认同感与城市归属感 4需要以党的组织建设为统领,不断满足新就业群体的合理需求 A. 12 B. 13 C. 24 D. 34"
2025_海淀_期中,8,,question,B3_POLITICS_RULE_OF_LAW,included,MIDTERM_Q8_B3_NPC_SUPERVISION,"全国人大常委会,执法检查,法律贯彻",题干主干是人大监督和法治实施，归入《政治与法治》。,/Users/wanglifei/Desktop/2025模拟题/2025各区期末/2025海淀期中/试卷/试卷.pdf | /Users/wanglifei/Desktop/2025模拟题/2025各区期末/2025海淀期中/细则/细则.docx,paper|rubric,"执法检查是人大常委会依据宪法和法律所享有的一项重要职权。今年以来,全国人大常委会紧紧抓住关 第3页/共10页 系改革发展稳定大局和群众切身利益以及社会普遍关注的问题,陆续启动了针对黄河保护法、农业法、社 会保险法等法律贯彻情况的执法检查。全国人大常委会开展执法检查( ) 1是国家权力机关完善法律体系的重要体现 2贯彻民主集中制,加强人大对执法机关的领导 3把握了时代脉搏,提高人大监督的实效性 4有助于规范执法行为,推动法律的贯彻落实 A. 12 B. 13 C. 24 D. 34"
2025_海淀_期中,9,,question,B3_POLITICS_RULE_OF_LAW,included,MIDTERM_Q9_B3_ETHNIC_UNITY,"民族团结,铸牢中华民族共同体意识,对口支援",答案 D 对应民族团结和民族政策相关内容，归入《政治与法治》。,/Users/wanglifei/Desktop/2025模拟题/2025各区期末/2025海淀期中/试卷/试卷.pdf | /Users/wanglifei/Desktop/2025模拟题/2025各区期末/2025海淀期中/细则/细则.docx,paper|rubric,"30 载援藏暖雪域,接力筑梦谱新篇。30 年来,共有近1.2 万名干部、人才进藏支援西藏建设;进藏企业 1140 余家,形成特色品牌数百个;184 家支援医院派出 10 批近 2000 名专家支援自治区医疗卫生事业...... 对口支援西藏工作( ) 1体现西藏自治区依法行使自治权,增强自身发展能力 2说明实现西藏经济发展、人民幸福是民族团结的前提 3推动经济社会发展,保障当地人民的生存权和发展权 4促进各民族交往交流交融,有助于铸牢中华民族共同体意识 A. 12 B. 13 C. 24 D. 34"
2025_海淀_期中,10,,question,B3_POLITICS_RULE_OF_LAW,included,MIDTERM_Q10_B3_NETWORK_VIOLENCE_GOVERNANCE,"网络暴力治理,法规,政府,社会公平正义",题干围绕网络暴力信息治理规定和多主体法治治理，归入《政治与法治》。,/Users/wanglifei/Desktop/2025模拟题/2025各区期末/2025海淀期中/试卷/试卷.pdf | /Users/wanglifei/Desktop/2025模拟题/2025各区期末/2025海淀期中/细则/细则.docx,paper|rubric,"2024 年8 月 1 日起, 《网络暴力信息治理规定》开始施行。 《网络暴力信息治理规定》 第二十四条 网络信息服务提供者发现用户面临网络暴力信息风险的,应当及时通 过显著方式提示用户,告知用户可以采取的防护措施。 网络信息服务提供者发现网络暴力信息风险涉及以下情形的,还应当为用户提供网 络暴力信息防护指导和保护救助服务,协助启动防护措施,并向网信、公安等有关部门 报告: (一)网络暴力信息侵害未成年人、老年人、残疾人等用户合法权益的; (二)网络暴力信息侵犯用户个人隐私的; (三)若不及时采取措施,可能造成用户人身、财产损害等严重后果的其他情形。 根据上述条款,可以推断( ) 1整治网络暴力需要政府、网络信息服务提供者等多方主体共同参与 2法规的制定应当关注特殊群体的合法权益,彰显社会公平正义 3用户遭受网络暴力信息侵害时可以向网络信息服务提供者提起诉讼 4用户人身、财产受到严重损害,网络信息服务提供者应当承担责任 A. 12 B. 13 C. 24 D. 34"
2025_海淀_期中,11,,question,B3_POLITICS_RULE_OF_LAW,included,MIDTERM_Q11_B3_GRASSROOTS_RULE_OF_LAW,"法律指引,基层治理法治化,协商民主",题干围绕基层治理法治化与协商民主，归入《政治与法治》。,/Users/wanglifei/Desktop/2025模拟题/2025各区期末/2025海淀期中/试卷/试卷.pdf | /Users/wanglifei/Desktop/2025模拟题/2025各区期末/2025海淀期中/细则/细则.docx,paper|rubric,"“有了‘小蓝本’,商量的事更好办。”海淀区司法局聚焦社会治理中群众关注的急难愁盼问题,编印 了《“大家商量着办 ”法律指引》 ,选取物业收费、小区停车位规划与收费、不文明活动扰民等矛盾纠纷 高发领域的典型案例,以案释法,让居民了解到问题应该如何依法依规解决。海淀区司法局组织编写这一 指引能够( ) 第4页/共10页 1积极回应社会关切,促进纠纷的有效处理 2在定分止争中践行公正司法,促进社会和谐 3更好发挥协商民主作用,提升基层治理法治化水平 4有效拓宽群众诉求表达渠道,弘扬法治精神 A. 12 B. 13 C. 24 D. 34 B 12.B 13.A 14.C 15.D 第二部分 本部分共 6 题,共 55 分。"
2025_海淀_期中,12,,question,B1_EXCLUDED,module-boundary-excluded,MIDTERM_Q12_B1_NATIONAL_SECURITY,"中国梦,国家安全,民族复兴",题干主干为国家安全与中国梦，非本次三条目标线。,/Users/wanglifei/Desktop/2025模拟题/2025各区期末/2025海淀期中/试卷/试卷.pdf | /Users/wanglifei/Desktop/2025模拟题/2025各区期末/2025海淀期中/细则/细则.docx,paper|rubric,"国泰民安是人民群众最基本、最普遍的愿望。实现中国梦,保证人民安居乐业,国家安全是头等大事。 越是接近实现中华民族伟大复兴的目标,越是需要增强忧患意识,努力把保障国家安全各项工作抓实抓牢 抓好。这说明( ) 1国家安全是民族复兴的根基,国家安全利益是国家的最高利益 2坚持总体国家安全观要以人民安全为宗旨,经济安全为根本 3我们要把维护国家安全贯穿党和国家工作各方面全过程 4建设更高水平的平安中国,要以新发展格局保障新安全格局 A. 12 B. 13 C. 24 D. 34"
2025_海淀_期中,13,,question,XB1_EXCLUDED,module-boundary-excluded,MIDTERM_Q13_XB1_PARENT_PUBLIC_DIPLOMACY,"公共外交,外国游客,东方大国形象",第 13 题整题含入境游经济与公共外交，先将外交余项排除，并另抽 B2 组件。,/Users/wanglifei/Desktop/2025模拟题/2025各区期末/2025海淀期中/试卷/试卷.pdf | /Users/wanglifei/Desktop/2025模拟题/2025各区期末/2025海淀期中/细则/细则.docx,paper|rubric,"我国国家移民管理局推出的144 小时过境免签等一系列便利外国人来华政策措施,吸引了更多外国游客 来到中国。越来越多外国游客通过短视频、社交平台分享中国游的体验。下列说法正确的是( ) 1入境游蓬勃发展能够为我国经济增添更大的动能 2积极有为的公共外交政策有助于展现东方大国形象 3我国通过畅通国内大循环吸引国际资本要素有序流入 4免签等便利政策旨在形成我国进出口竞争新优势 A. 12 B. 14 C. 23 D. 34"
2025_海淀_期中,14,,question,XB1_EXCLUDED,module-boundary-excluded,MIDTERM_Q14_XB1_HEAD_OF_STATE_DIPLOMACY,"元首外交,人类命运共同体,上合组织",题干主干为中国特色大国外交，非本次三条目标线。,/Users/wanglifei/Desktop/2025模拟题/2025各区期末/2025海淀期中/试卷/试卷.pdf | /Users/wanglifei/Desktop/2025模拟题/2025各区期末/2025海淀期中/细则/细则.docx,paper|rubric,"今年以来,我国元首外交活动精彩纷呈、成果丰硕,书写出中国特色大国外交的新篇章。某班学生开展 时事播报活动。下列表格中,解读与时事对应恰当的是( ) 序 号 时事 解读 1 习近平主席应约同新任英国首相通电话,指出中英应 该以稳定互惠的中英关系造福两国和世界 英国首相是国家元首,总 揽包括外交在内的行政权 力 第5页/共10页 2 习近平主席与塞尔维亚总统举行会谈,两国元首共同 宣布深化和提升中塞全面战略伙伴关系 中塞两国共商合作、共谋 发展,生动践行人类命运 共同体思想 3 习近平主席同瑙鲁总统举行会谈,指出瑙鲁坚持一个 中国原则、同中国复交的政治决断,是符合历史大 势、顺应时代潮流之举 大 陆 和 台 湾 同 属 一 个 中 国,这是国际社会的普遍 共识 4 在上海合作组织成员国元首理事会第二十四次会议 上,习近平主席倡导要维护各国发展权利,坚持普惠 包容 上合组织作为当今区域一 体化的典范,谋求共同发 展 A. 12 B. 14 C. 23 D. 34"
2025_海淀_期中,15,,question,XB1_EXCLUDED,module-boundary-excluded,MIDTERM_Q15_XB1_APEC_ENERGY,"APEC,国际能源合作",题干主干为国际组织与国际合作，非本次三条目标线。,/Users/wanglifei/Desktop/2025模拟题/2025各区期末/2025海淀期中/试卷/试卷.pdf | /Users/wanglifei/Desktop/2025模拟题/2025各区期末/2025海淀期中/细则/细则.docx,paper|rubric,"亚太经合组织(APEC)是亚太地区层级最高、领域最广、最具影响力的经济合作机制。在 APEC 能源工 作组第68 次会议上,中方提名人成功当选为2025—2026 年度APEC 能源工作组主席。这是中国首次在 APEC 能源合作机制下成功竞选担任负责人。这表明( ) 1APEC 作为实践多边主义的最佳场所,遵循协商一致的原则 2建立区域能源伙伴的结盟关系可以推动区域可持续发展 3中国能源发展成就得到了 APEC 各成员经济体的充分认可 4中国主动融入国际社会,在国际能源合作中发挥重要作用 A. 12 B. 14 C. 23 D. 34 第二部分 本部分共 6 题,共 55 分。 D 本部分共6题,共55分。"
2025_海淀_期中,16(1),16,subquestion,B2_ECONOMICS,included,MIDTERM_Q16_1_B2_COFFEE_MARKET,"经济与社会,市场前景,消费偏好,产品创新",第 16 题第 (1) 问明确要求运用《经济与社会》知识。,/Users/wanglifei/Desktop/2025模拟题/2025各区期末/2025海淀期中/试卷/试卷.pdf | /Users/wanglifei/Desktop/2025模拟题/2025各区期末/2025海淀期中/细则/细则.docx,paper|rubric,"材料一 按照工艺标准、口感风味与保存方式的不同,咖啡主要分为现磨咖啡、速溶咖啡等种类。 速溶咖啡由烘焙后的咖啡豆制成,易于保存,即冲即饮。速溶咖啡存储和运输非常方便,尽管在口感 和香气上无法媲美现磨咖啡,但它保留了咖啡的基本风味,并以其便捷性和经济性成为很多国人初次入口 的咖啡。 现磨咖啡是现场磨制咖啡豆并制作而成的咖啡。现磨现煮可以最大程度地保留咖啡豆的香气和风味, 能够更好地满足消费者对咖啡品质的追求。大部分咖啡店提供的都是现磨咖啡。 中国不同咖啡品类的市场占比 第6页/共10页 材料二 近年来,不少咖啡店利用互联网技术和快速配送服务,大大缩短了消费者获取现磨咖啡的时 间,并通过大力度优惠促销,降低消费门槛,使其逐渐成为大众日常消费的一部分。 与此同时,为改善速溶咖啡的风味和口感,速溶咖啡企业开发出 “喷雾干燥咖啡”“冻干咖啡”“咖 啡浓缩液”等产品。一些品牌还推出低糖、低脂等功能性产品,以迎合大众新的消费偏好。 (1)你更看好速溶咖啡还是现磨咖啡的市场前景?结合材料一和材料二,运用《经济与社会》知识,谈谈 你的看法。 材料三 在国内发展的同时,中国咖啡企业也开启了“出海”试验,以性价比、产品创新和营销为主 打,在东南亚、日韩和北美市场“多点开花”。 中国咖啡企业“出海”之路并非一帆风顺。消费品主要依赖品牌、产品、渠道竞争。不少海外市场已 经培养了成熟的咖啡文化,消费者习惯、口味等方面与国内市场存在一定差异。 “出海”需要提前建设供 应链等底层基础设施,各地咖啡原材料成本难降,中国咖啡企业在成本端和管理端尚不具备优势。此外, 知识产权保护方面也存在风险。近日,中国 L 公司诉泰国某公司侵犯商标权案以败诉落幕,后者甚至提起 反诉,向 L 公司索赔 100 亿泰铢。 (2)结合材料三,从经济角度,为中国咖啡企业“出海”提出建议。 (11 分) (1)可从生产技术、产品质量、消费方式、市场需求等角度回答。 等级水平 等级描述 水平 4 观点鲜明,能明确表达自己的见解;紧扣问题,综合运用所学知识展 开论述;逻辑严密,条理清晰。 水平 3 观点比较明确,能表达自己的见解;能扣住问题展开论述,知识运用 比较准确;逻辑性较强,有条理。 水平 2 观点不明确;论述不能集中指向问题,罗列知识;知识运用不正确; 论述缺乏逻辑,条理性差。 水平 1 应答与试题无关;或重复试题内容;或没有应答。 (2)咖啡企业应 客观看待“出海”的机遇与挑战,制定正确的经营战略,重视对海外市场的考察研究, 在充分了解市场信息的基础上,通过提高自主创新能力形成自己的竞争优势 。政府可以通过税收优惠 等政策鼓励、支持企业积极参与经济全球化,充分利用国际国内两种资源、两个市场,打造稳定供应 链,降低生产成本。面对国际贸易中出现的贸易摩擦,我国政府和企业要共同携手,充分利用国际组 织赋予的权利,积极参与全球经济治理和规则制定,为企业“出海”营造良好的国际环境。 (11分) (1)可从生产技术、产品质量、消费方式、市场需求等角度回答。 (2)咖啡企业应客观看待“出海”的机遇与挑战,制定正确的经营战略,重视对海外市场的考察研究,在充分了解市场信息的基础上,通过提高自主创新能力形成自己的竞争优势。政府可以通过税收优惠等政策鼓励、支持企业积极参与经济全球化,充分利用国际国内两种资源、两个市场,打造稳定"
2025_海淀_期中,16(2),16,subquestion,B2_ECONOMICS,included,MIDTERM_Q16_2_B2_COFFEE_EXPORT,"经济角度,企业经营,供应链,国际国内两个市场",第 16 题第 (2) 问要求从经济角度提出企业出海建议，抽入 B2。,/Users/wanglifei/Desktop/2025模拟题/2025各区期末/2025海淀期中/试卷/试卷.pdf | /Users/wanglifei/Desktop/2025模拟题/2025各区期末/2025海淀期中/细则/细则.docx,paper|rubric,"材料一 按照工艺标准、口感风味与保存方式的不同,咖啡主要分为现磨咖啡、速溶咖啡等种类。 速溶咖啡由烘焙后的咖啡豆制成,易于保存,即冲即饮。速溶咖啡存储和运输非常方便,尽管在口感 和香气上无法媲美现磨咖啡,但它保留了咖啡的基本风味,并以其便捷性和经济性成为很多国人初次入口 的咖啡。 现磨咖啡是现场磨制咖啡豆并制作而成的咖啡。现磨现煮可以最大程度地保留咖啡豆的香气和风味, 能够更好地满足消费者对咖啡品质的追求。大部分咖啡店提供的都是现磨咖啡。 中国不同咖啡品类的市场占比 第6页/共10页 材料二 近年来,不少咖啡店利用互联网技术和快速配送服务,大大缩短了消费者获取现磨咖啡的时 间,并通过大力度优惠促销,降低消费门槛,使其逐渐成为大众日常消费的一部分。 与此同时,为改善速溶咖啡的风味和口感,速溶咖啡企业开发出 “喷雾干燥咖啡”“冻干咖啡”“咖 啡浓缩液”等产品。一些品牌还推出低糖、低脂等功能性产品,以迎合大众新的消费偏好。 (1)你更看好速溶咖啡还是现磨咖啡的市场前景?结合材料一和材料二,运用《经济与社会》知识,谈谈 你的看法。 材料三 在国内发展的同时,中国咖啡企业也开启了“出海”试验,以性价比、产品创新和营销为主 打,在东南亚、日韩和北美市场“多点开花”。 中国咖啡企业“出海”之路并非一帆风顺。消费品主要依赖品牌、产品、渠道竞争。不少海外市场已 经培养了成熟的咖啡文化,消费者习惯、口味等方面与国内市场存在一定差异。 “出海”需要提前建设供 应链等底层基础设施,各地咖啡原材料成本难降,中国咖啡企业在成本端和管理端尚不具备优势。此外, 知识产权保护方面也存在风险。近日,中国 L 公司诉泰国某公司侵犯商标权案以败诉落幕,后者甚至提起 反诉,向 L 公司索赔 100 亿泰铢。 (2)结合材料三,从经济角度,为中国咖啡企业“出海”提出建议。 (11 分) (1)可从生产技术、产品质量、消费方式、市场需求等角度回答。 等级水平 等级描述 水平 4 观点鲜明,能明确表达自己的见解;紧扣问题,综合运用所学知识展 开论述;逻辑严密,条理清晰。 水平 3 观点比较明确,能表达自己的见解;能扣住问题展开论述,知识运用 比较准确;逻辑性较强,有条理。 水平 2 观点不明确;论述不能集中指向问题,罗列知识;知识运用不正确; 论述缺乏逻辑,条理性差。 水平 1 应答与试题无关;或重复试题内容;或没有应答。 (2)咖啡企业应 客观看待“出海”的机遇与挑战,制定正确的经营战略,重视对海外市场的考察研究, 在充分了解市场信息的基础上,通过提高自主创新能力形成自己的竞争优势 。政府可以通过税收优惠 等政策鼓励、支持企业积极参与经济全球化,充分利用国际国内两种资源、两个市场,打造稳定供应 链,降低生产成本。面对国际贸易中出现的贸易摩擦,我国政府和企业要共同携手,充分利用国际组 织赋予的权利,积极参与全球经济治理和规则制定,为企业“出海”营造良好的国际环境。 (11分) (1)可从生产技术、产品质量、消费方式、市场需求等角度回答。 (2)咖啡企业应客观看待“出海”的机遇与挑战,制定正确的经营战略,重视对海外市场的考察研究,在充分了解市场信息的基础上,通过提高自主创新能力形成自己的竞争优势。政府可以通过税收优惠等政策鼓励、支持企业积极参与经济全球化,充分利用国际国内两种资源、两个市场,打造稳定"
2025_海淀_期中,17,,question,B2_ECONOMICS,included,MIDTERM_Q17_B2_GAZELLE_ENTERPRISE,"经济与社会,财政补贴,税收优惠,融资支持",第 17 题明确要求运用《经济与社会》知识说明政策促进企业发展。,/Users/wanglifei/Desktop/2025模拟题/2025各区期末/2025海淀期中/试卷/试卷.pdf | /Users/wanglifei/Desktop/2025模拟题/2025各区期末/2025海淀期中/细则/细则.docx,paper|rubric,"7 月 30 日,中共中央政治局召开会议,指出要有力有效支持发展瞪羚企业。 在我国,对瞪羚企业的政策支持始于北京中关村科技园区。近期,某市推出了一系列政策: ·为瞪羚企业提供一定的财政补贴,用于购买设备、引进技术、开展市场调研等。 ·为瞪羚企业提供一定的税收优惠,如减免企业所得税、增值税等。 ·积极引导金融机构为瞪羚企业提供融资支持,包括贷款、担保等方式。 ·给予瞪羚企业在人才引进方面的支持,包括提供人才公寓、给予人才引进补贴等。 运用《经济与社会》知识,说明上述政策将如何促进瞪羚企业发展。 (6 分) 财政补贴、税收优惠等政策有助于降低瞪羚企业经营成本,增强企业的创新活力和投资积极性。融资 支持政策有助于降低瞪羚企业融资成本,帮助企业解决资金问题,扩大生产规模,推动企业快速发 展。人才引进支持政策有助于瞪羚企业吸纳更多高素质人才,提高生产技术水平和研发能力,不断培 育竞争新优势。 (6分) 财政补贴、税收优惠等政策有助于降低瞪羚企业经营成本,增强企业的创新活力和投资积极性。融资支持政策有助于降低瞪羚企业融资成本,帮助企业解决资金问题,扩大生产规模,推动企业快速发展。人才引进支持政策有助于瞪羚企业吸纳更多高素质人才,提高生产技术水平和研发能力,不断培育竞争新优势。"
2025_海淀_期中,18,,question,B3_POLITICS_RULE_OF_LAW,included,MIDTERM_Q18_B3_GRASSROOTS_DEMOCRACY,"基层民主,居民自治,党的领导,民主协商",第 18 题材料与答案均指向基层民主和社区治理，归入《政治与法治》。,/Users/wanglifei/Desktop/2025模拟题/2025各区期末/2025海淀期中/试卷/试卷.pdf | /Users/wanglifei/Desktop/2025模拟题/2025各区期末/2025海淀期中/细则/细则.docx,paper|rubric,"东城区前门街道草厂地区有一个远近闻名的“小院议事厅”。 “小院议事厅”在社区党委的领导下,组织居民会议、召开恳谈会、举办议事会,探索出协商共治的 “五民工作法”——民事民提、民事民议、民事民决、民事民办、民事民评。街道围着社区转,社区围着 小院转,小院围着居民转,通过多方参与形成合力,有效解决了垃圾分类、院落改善、文明养犬等难点问 题,大大增强了社区居民的获得感和幸福感,促进了居民自治与社区精细治理的有效结合。 从最开始坐在胡同口的小板凳上商量事儿,到现在有了专门议事的空间,很多邻里之间的矛盾事儿、 社区里的治理难题,就这样在 “唠家常”中解决了。经过十年探索, “小院议事厅”已经成为北京社区治 理最具代表性的品牌之一。 第7页/共10页 结合材料,分析“五民工作法”对我国发展基层民主的启示。 (8 分) “五民工作法”启示我们发展基层民主要坚持党的领导,发挥基层党组织的战斗堡垒作用;要依托基 层群众自治组织,开展民主选举、民主协商、民主决策、民主管理、民主监督,保障人民依法行使民 主权利;要推动街道、社区、居民等主体形成合力,积极打造多方参与的社会治理格局。 (8分) “五民工作法”启示我们发展基层民主要坚持党的领导,发挥基层党组织的战斗堡垒作用;要依托基层群众自治组织,开展民主选举、民主协商、民主决策、民主管理、民主监督,保障人民依法行使民主权利;要推动街道、社区、居民等主体形成合力,积极打造多方参与的社会治理格局。"
2025_海淀_期中,19,,question,B3_POLITICS_RULE_OF_LAW,included,MIDTERM_Q19_B3_PARTY_DISCIPLINE,"政治与法治,中国共产党,全面从严治党,全面依法治国",第 19 题明确要求运用《政治与法治》知识分析党纪处分条例修订。,/Users/wanglifei/Desktop/2025模拟题/2025各区期末/2025海淀期中/试卷/试卷.pdf | /Users/wanglifei/Desktop/2025模拟题/2025各区期末/2025海淀期中/细则/细则.docx,paper|rubric,"某中学党支部组织党员教师共同学习修订后的《中国共产党纪律处分条例》 。下面是部分学习内容。 [修改解读] 第三十条是在原有条款上修订而来的,这一条款的修订主要有两个方面。一是针对 实践中多发易发的违法行为,充实规定了党员有其他 “破坏社会主义市场经济秩序、违 反治安管理等”违法行为,损害党、国家和人民利益的,应当视具体情节给予处分。二 是基于当前实际,增加了对违反国家财经纪律行为的党纪处分规定,明确 “违反国家财 经纪律,在公共资金收支、税务管理、国有资产管理、政府采购管理、金融管理、财务 会计管理等财经活动中有违法行为的 ”,视情节给予党纪处分,进一步突出了对违反财 经纪律行为的惩戒。 结合材料,运用《政治与法治》知识,分析上述条款修订的原因。 (7分) 中国共产党坚持解放思想、实事求是、与时俱进、求真务实,始终走在时代前列,针对新问题、新情 况对条款进行修订。上述条款修订有助于规范党员行为,更好发挥党员先锋模范作用,践行初心使 命,全心全意为人民服务;有助于坚持全面从严治党,加强党的执政能力建设,巩固党的执政地位; 第10页/共10页 有助于完善党内法规体系,推进全面依法治国,促进国家治理体系和治理能力现代化。 (7分) 中国共产党坚持解放思想、实事求是、与时俱进、求真务实,始终走在时代前列,针对新问题、新情况对条款进行修订。上述条款修订有助于规范党员行为,更好发挥党员先锋模范作用,践行初心使命,全心全意为人民服务;有助于坚持全面从严治党,加强党的执政能力建设,巩固党的执政地位;有助于完善党内法规体系,推进全面依法治国,促进国家治理体系和治理能力现代化。"
2025_海淀_期中,20,,question,B2_ECONOMICS,included,MIDTERM_Q20_B2_GRAIN_COMPENSATION,"经济与社会,共同富裕,区域协调,乡村振兴",第 20 题明确要求运用《经济与社会》知识说明横向利益补偿机制意义。,/Users/wanglifei/Desktop/2025模拟题/2025各区期末/2025海淀期中/试卷/试卷.pdf | /Users/wanglifei/Desktop/2025模拟题/2025各区期末/2025海淀期中/细则/细则.docx,paper|rubric,"党的二十届三中全会提出要统筹建立粮食产销区省际横向利益补偿机制。 目前我国有 13 个粮食主产区、7 个主销区和 11 个产销平衡区。粮食主产区贡献了全国 75%以上的粮 食。但长期以来,由于种粮收益低、对财政贡献小,主产区往往面临 “产粮多、经济弱、财政穷 ”的困境。 针对这一状况,我国建立了以国家财政转移支付为主的纵向补偿机制。在这一机制下,中央政府是唯一的 补偿主体,目前难以进一步增加财政支持力度。 考虑到多数主销区经济较为发达,我国提出建立横向利益补偿机制。统筹考虑主产区和主销区粮食生 产、流通、消费等相关因素,由主销区给予主产区一定的资金支持,并进一步拓展产业、人才、技术服务 等协作方式,使农民种粮不吃亏、主产区抓粮不吃亏。 结合材料,运用《经济与社会》知识,说明我国建立粮食产销区省际横向利益补偿机制的意义。 (8 分) 建立粮食产销区省际横向利益补偿机制有助于增加主产区农民种粮收入,共享改革发展成果,逐步实 现共同富裕;有助于调动农民种粮积极性,引导全社会更加重视粮食生产,维护我国粮食安全;有助 于提高粮食主产区经济发展动力,促进区域协调发展;有助于推进主产区农业 产业升级,实现乡村振 兴,促进经济高质量发展。 (8分) 建立粮食产销区省际横向利益补偿机制有助于增加主产区农民种粮收入,共享改革发展成果,逐步实现共同富裕;有助于调动农民种粮积极性,引导全社会更加重视粮食生产,维护我国粮食安全;有助于提高粮食主产区经济发展动力,促进区域协调发展;有助于推进主产区农业产业升级,实现乡村振兴,促进经济高质量发展。"
2025_海淀_期中,21(1),21,subquestion,XB2_EXCLUDED,module-boundary-excluded,MIDTERM_Q21_1_XB2_MARRIAGE_LAW,"法治知识,民法典,婚姻家庭",第 21 题第 (1) 问为法律知识余项，非目标线。,/Users/wanglifei/Desktop/2025模拟题/2025各区期末/2025海淀期中/试卷/试卷.pdf | /Users/wanglifei/Desktop/2025模拟题/2025各区期末/2025海淀期中/细则/细则.docx,paper|rubric,"75 年,大国自信而坚定的脚步。 1950 年 5 月 1 日, 《中华人民共和国婚姻法》开始施行。这是新中国成立后颁布的第一部具有基本法 律性质的法律,彻底废除了封建主义家庭制度,确立了以婚姻自由、一夫一妻、保护妇女儿童权益为原则 的社会主义婚姻家庭制度。2021 年1 月1 日, 《中华人民共和国民法典》正式实施。民法典专门设置了“婚 姻家庭编”,包括婚姻法在内的多部法律同时废止。 中华人民共和国婚姻法(1950) 第二十四条 离婚时,原为夫妻共同生活所 负担的债务,以共同生活时所得财产偿还;如无 共同生活时所得财产或共同生活时所得财产不足 清偿时,由 男方清偿。 男女一方单 独所负的债 务,由本人偿还。 中华人民共和国民法典 第一千零八十九条 离婚时, 夫妻共同债务应当共同偿还。共同 财产不足清偿或者财产归各自所有 的 , 由 双 方 协 议 清 偿 ; 协 议 不 成 的,由人民法院判决。 思政课上,大家围绕老师出示的两则法条展开了讨论。小海认为,1950 年婚姻法中“由男方清偿”的 规定并不合理,民法典的规定才符合良法的要求。 (1)运用法治知识,对小海的观点进行评析。 第8页/共10页 回顾历史,新中国外交经历了三个阶段。 第一阶段(1949—1978 年) ,核心问题是中国如何在世界舞台中“站起来”,在世界舞台上赢得生存。 新中国诞生后外交上首要的任务是维护国家安全和主权独立,捍卫革命胜利果实。按照 “一边倒”方针, 先后与苏联以及保加利亚等人民民主国家建交;按照 “另起炉灶”和“打扫干净屋子再请客”的方针,同 印度、缅甸以及瑞典、丹麦等国家建交,在风云激荡的国际环境中展示了东方大国的鲜明形象,站稳了脚 跟,改善了国际处境。 第二阶段(1978—2012 年) ,核心问题是中国如何在世界舞台中“富起来”,成长为一个富强的现代 化国家。党的十一届三中全会之后,中国外交始终坚持把为国内现代化建设营造和平稳定的国际环境作为 头等大事。根据国际形势的变化,中国提出和平与发展是当代世界的主题,与世界上绝大多数国家建立起 了外交关系,积极融入以联合国体系为核心的国际秩序。经过多年努力,中国综合国力持续快速发展。 第三阶段(2012 年以来) ,核心问题是中国如何在世界舞台中“强起来”,获得世界各国的尊重和支 持。中共十八大以来,面对深刻变化的国际形势,党中央深刻把握新时代中国和世界发展大势,在对外工 作上进行一系列重大理论和实践创新,形成了习近平外交思想。中国拓宽与发达国家的合作领域,妥善处 理分歧,与俄罗斯、法国、德国、英国等世界主要国家的关系稳步发展;按照 “亲、诚、惠、容”理念和 “与邻为善、以邻为伴”的外交方针,推出多种新机制和新举措,深化同周边国家的关系;提出 “真实亲 诚”理念,加强与非洲国家之间的团结合作。中国特色大国外交形成了全方位、多层次 (15 分) (1)小海的观点片面。新中国成立初期尚未完全建立夫妻共同财产制度,在家庭生活中男方经济地位更 强,根据权利与义务相对应原则,由男方清偿具有合理性,有利于保护当事各方的利益。随着时代的 发展,夫妻双方的经济状况发生变化,具备了“共同偿还”“协议清偿”的条件。良法应当符合国情 和实际,符合社会发展的需求。婚姻法与民法典的规定都符合良法的要求。 (2)新中国外交的时代背景不断变化,政治多"
2025_海淀_期中,21(2),21,subquestion,XB1_EXCLUDED,module-boundary-excluded,MIDTERM_Q21_2_XB1_CHINA_DIPLOMACY,"中国外交,和平与发展,独立自主",第 21 题第 (2) 问为《当代国际政治与经济》余项，非目标线。,/Users/wanglifei/Desktop/2025模拟题/2025各区期末/2025海淀期中/试卷/试卷.pdf | /Users/wanglifei/Desktop/2025模拟题/2025各区期末/2025海淀期中/细则/细则.docx,paper|rubric,"75 年,大国自信而坚定的脚步。 1950 年 5 月 1 日, 《中华人民共和国婚姻法》开始施行。这是新中国成立后颁布的第一部具有基本法 律性质的法律,彻底废除了封建主义家庭制度,确立了以婚姻自由、一夫一妻、保护妇女儿童权益为原则 的社会主义婚姻家庭制度。2021 年1 月1 日, 《中华人民共和国民法典》正式实施。民法典专门设置了“婚 姻家庭编”,包括婚姻法在内的多部法律同时废止。 中华人民共和国婚姻法(1950) 第二十四条 离婚时,原为夫妻共同生活所 负担的债务,以共同生活时所得财产偿还;如无 共同生活时所得财产或共同生活时所得财产不足 清偿时,由 男方清偿。 男女一方单 独所负的债 务,由本人偿还。 中华人民共和国民法典 第一千零八十九条 离婚时, 夫妻共同债务应当共同偿还。共同 财产不足清偿或者财产归各自所有 的 , 由 双 方 协 议 清 偿 ; 协 议 不 成 的,由人民法院判决。 思政课上,大家围绕老师出示的两则法条展开了讨论。小海认为,1950 年婚姻法中“由男方清偿”的 规定并不合理,民法典的规定才符合良法的要求。 (1)运用法治知识,对小海的观点进行评析。 第8页/共10页 回顾历史,新中国外交经历了三个阶段。 第一阶段(1949—1978 年) ,核心问题是中国如何在世界舞台中“站起来”,在世界舞台上赢得生存。 新中国诞生后外交上首要的任务是维护国家安全和主权独立,捍卫革命胜利果实。按照 “一边倒”方针, 先后与苏联以及保加利亚等人民民主国家建交;按照 “另起炉灶”和“打扫干净屋子再请客”的方针,同 印度、缅甸以及瑞典、丹麦等国家建交,在风云激荡的国际环境中展示了东方大国的鲜明形象,站稳了脚 跟,改善了国际处境。 第二阶段(1978—2012 年) ,核心问题是中国如何在世界舞台中“富起来”,成长为一个富强的现代 化国家。党的十一届三中全会之后,中国外交始终坚持把为国内现代化建设营造和平稳定的国际环境作为 头等大事。根据国际形势的变化,中国提出和平与发展是当代世界的主题,与世界上绝大多数国家建立起 了外交关系,积极融入以联合国体系为核心的国际秩序。经过多年努力,中国综合国力持续快速发展。 第三阶段(2012 年以来) ,核心问题是中国如何在世界舞台中“强起来”,获得世界各国的尊重和支 持。中共十八大以来,面对深刻变化的国际形势,党中央深刻把握新时代中国和世界发展大势,在对外工 作上进行一系列重大理论和实践创新,形成了习近平外交思想。中国拓宽与发达国家的合作领域,妥善处 理分歧,与俄罗斯、法国、德国、英国等世界主要国家的关系稳步发展;按照 “亲、诚、惠、容”理念和 “与邻为善、以邻为伴”的外交方针,推出多种新机制和新举措,深化同周边国家的关系;提出 “真实亲 诚”理念,加强与非洲国家之间的团结合作。中国特色大国外交形成了全方位、多层次 (15 分) (1)小海的观点片面。新中国成立初期尚未完全建立夫妻共同财产制度,在家庭生活中男方经济地位更 强,根据权利与义务相对应原则,由男方清偿具有合理性,有利于保护当事各方的利益。随着时代的 发展,夫妻双方的经济状况发生变化,具备了“共同偿还”“协议清偿”的条件。良法应当符合国情 和实际,符合社会发展的需求。婚姻法与民法典的规定都符合良法的要求。 (2)新中国外交的时代背景不断变化,政治多"
2025_海淀_期末,1,,question,B4_CULTURE,included,FINAL_Q1_B4_CULTURE_CENTRAL_AXIS,"历史文化,中华文明,民族精神,中轴线",答案 A 对应历史文化承载与中华文明连续性；民族精神按文化处理。,/Users/wanglifei/Desktop/2025模拟题/2025各区期末/2025海淀期末/试卷/试卷.docx | /Users/wanglifei/Desktop/2025模拟题/2025各区期末/2025海淀期末/细则/细则.pptx,paper|rubric,"一线中轴,承古通今。从钟鼓楼里的晨钟暮鼓,到古树名木间的鸟叫虫鸣,从古都会馆中的悠悠京韵,再到市井胡同里的吆喝叫卖,中轴线上的声音串联起穿透七百多年的自然之美和人文之美。这些声音( ) 1串联记忆,是北京历史文化的重要承载 2见证古今,展现中华文明突出的连续性 3彰显魅力,增进各国人民对中华文化的认同 4传承民风,引领人民感受民族精神的当代价值 A. 12 B. 14 C. 23 D. 34 一共采3个点。3个点8分,2个点6分,1个点3分。可以纯文化知识+材料分析,也可以纯哲学理论+材料分析,也可以哲学与文化混搭理论+材料分析。理论与材料要匹配 无法识别设问任务要求,将措施类题目答成说明、意义类, 答题过程中大段写“体现”“有利于”等;"
2025_海淀_期末,2,,question,XB3_EXCLUDED,module-boundary-excluded,FINAL_Q2_XB3_SCENE_MIGRATION,"场景迁移,辩证思维整体性",答案 C 对应迁移和辩证思维整体性，文化材料不等于文化采分点。,/Users/wanglifei/Desktop/2025模拟题/2025各区期末/2025海淀期末/试卷/试卷.docx | /Users/wanglifei/Desktop/2025模拟题/2025各区期末/2025海淀期末/细则/细则.pptx,paper|rubric,"申遗成功后,“大美中轴”观光巴士吸引了大量游客。观光巴士复刻百年前行驶在北京街头的电车外观,线路涵盖中轴线沿途15处文化遗产。在车上,乘客可以倾听讲解员京味十足的解说,还可以品尝北京烤鸭、观看曲艺表演,沉浸式体验古都深厚的历史底蕴。对此分析正确的是( ) 1观光巴士复刻百年前的电车外观是对旧事物积极部分的扬弃 2将北京烤鸭、曲艺表演搬上巴士是通过场景迁移获得的新思路 3旅游项目设计关注乘客与环境的关系,把握辩证思维的整体性 4人们可以立足观光巴士成功经验,开发更多沉浸式体验新形式 A. 12 B. 14 C. 23 D. 34 典型的不给分的答案:整体部分、真理和谬误、选必3(分析综合、创新思维发散聚合等)、文化价值和功能、中华文化特点、意义分析 材料结合意识薄弱,仅仅是观点堆砌,或者大段照抄文段而 缺少解读(主张食物与药物之间并无绝对界限,很多食材既可以 入药也可以作为日常饮食的一部分)"
2025_海淀_期末,3,,question,B4_CULTURE,included,FINAL_Q3_B4_GAME_TRADITIONAL_CULTURE,"非遗文化,传统文化,中国故事,中国文化独特魅力",答案 B 对应讲好中国故事和展现传统文化独特魅力，归入文化。,/Users/wanglifei/Desktop/2025模拟题/2025各区期末/2025海淀期末/试卷/试卷.docx | /Users/wanglifei/Desktop/2025模拟题/2025各区期末/2025海淀期末/细则/细则.pptx,paper|rubric,"某款国产游戏火爆出圈。该游戏以《西游记》为背景,融入陕北说书等非遗文化;对山西晋城玉皇庙、重庆大足石刻、浙江丽水时思寺等多处名胜古迹进行实景扫描;翻译时多采用音译,如“悟空”没有如以往般翻译成“MonkeyKing”,而是直接翻译为“Wukong”。这款游戏( ) 1借助现代技术和娱乐形式,讲好中国故事 2通过文化交流融合,适应中外玩家需求 3融入传统文化,展现中国文化独特魅力 4构建中国话语和中国叙事体系:引领世界文化 A. 12 B. 13 C. 24 D. 34 原理不准确该条不给原理分,材料结合浮于表面酌情扣1分 模块运用错误,核心观点再现不准确(矛盾的斗争性与同一 性、发展的实质、对传统文化的态度等)"
2025_海淀_期末,4,,question,B4_PHILOSOPHY_EXCLUDED,module-boundary-excluded,FINAL_Q4_B4P_AI_CULTURE_HARMONY,"主观能动性,科技与文化的和鸣",答案 C 的知识落点是主观能动性；题面文化场景不单独形成文化采分点。,/Users/wanglifei/Desktop/2025模拟题/2025各区期末/2025海淀期末/试卷/试卷.docx | /Users/wanglifei/Desktop/2025模拟题/2025各区期末/2025海淀期末/细则/细则.pptx,paper|rubric,"“脚下的土,藏着千年的根,稻浪起伏,守望每一个晨昏......”,由AI编曲、AI演唱的京西稻主题曲《遇“稻”》,在稻田上回荡,演绎着科技与文化的和鸣。对此认识正确的是( ) A. 借助AI可使艺术创作超越人类生产生活的制约 B. 人们丰富的艺术创作思考是AI创作的源头活水 C. 实现科技与文化的和鸣体现了人类的主观能动性 D. 作为实践的主体,AI与人类共同打造了创作新模式 通篇罗列知识没有结合材料 给2分 答题与书写(分条分点作答、字迹难以辨认) 17题(1) 分三层,注意前后逻辑要自洽"
2025_海淀_期末,5,,question,B4_PHILOSOPHY_EXCLUDED,module-boundary-excluded,FINAL_Q5_B4P_DESERT_CONTROL,"主观能动性,量变质变,革命热情与科学态度",答案 D 的知识落点为哲学方法论，非文化目标线。,/Users/wanglifei/Desktop/2025模拟题/2025各区期末/2025海淀期末/试卷/试卷.docx | /Users/wanglifei/Desktop/2025模拟题/2025各区期末/2025海淀期末/细则/细则.pptx,paper|rubric,"塔克拉玛干沙漠边缘绿色阻沙防护带实现“锁边合龙”。40多年来,新疆各族人民一代接着一代干,与干旱缺水斗,与风沙漫天斗,累计植树7000多万亩,在塔克拉玛干沙漠边缘筑起一道3046公里的绿色阻沙防护带。治沙人采用工程治沙、光伏治沙、生态治沙三种模式,阻止了沙漠扩张,在世界第二大流动沙漠筑起坚不可摧的生态屏障与精神丰碑。这体现出治沙人( ) 1植绿锁沙,根据生态保护和经济发展的需要建立新的联系 2保卫家园,发挥主观能动性创新多种治沙模式和治沙规律 3因地制宜,把高度的革命热情与严谨的科学态度结合起来 4久久为功,正确地把握沙漠治理中渐进性与飞跃性的统一 A. 12 B. 14 C. 23 D. 34 抄材料 0-1分 学生典型问题 不理解设问要求——建议强化审题训练 三、学生问题"
2025_海淀_期末,6,,question,B4_PHILOSOPHY_EXCLUDED,module-boundary-excluded,FINAL_Q6_B4P_HOOKES_LAW,"真理,矛盾,实践与认识",答案 B 的知识落点为认识论和矛盾观，非文化目标线。,/Users/wanglifei/Desktop/2025模拟题/2025各区期末/2025海淀期末/试卷/试卷.docx | /Users/wanglifei/Desktop/2025模拟题/2025各区期末/2025海淀期末/细则/细则.pptx,paper|rubric,"英国科学家罗伯特·胡克发现弹性物体的形变与施加在其上的力成正比,即“胡克定律”。这一定律只有在物体保持弹性的情况下才有效。当力过大时,胡克定律就不再适用。胡克定律常被人们运用到弹簧制造、工程设计、地质力学等领域。对此认识正确的是( ) 1超出弹性限度胡克定律就不再适用,表明真理和谬误往往是相伴而行的 2弹性物体形变与外力间的关系,印证了矛盾中两个方面的力量是平衡的 3弹性物体在形变后具有恢复原状的倾向,说明矛盾同一性寓于斗争性之中 4胡克定律的发现及其在生产中的应用,体现了实践与认识之间的相互作用 A. 12 B. 14 C. 23 D. 34 一般情况下,要“原理+方法论+材料” 具体设问偏向方法论角度还是偏向原理角度要会审度 指导思想: 以习近平新时代中国特色社会主义思想为指导,贯彻党的二十大及历次全会精神和新时代学校思政课建设推进会精神,全面贯彻党的教育方针,落实立德树人根本任务,体现新时代教育评价改革要求,紧扣重大主题,坚持素养评价、精神塑造、价值引领相统一。 命题意图: 检测与评价、激励与发展。对高三学生的学习现状进行定量分析,为改进学科教学、复习备考提供参考。 命题依据:课程标准,部编教材,相关文件要求。 同 一个角度,只能选一个给分 如: 角度1- 新事物特点 新事物发展要经历一个从小到大从不完善到完善的过程,新技术不可避免存在弱点和不完善的地方,人们对新技术的认识也有一个过程; 怎么办 看到技术恐惧具有两面性,怎么办 角度2-认识局限 人们对客观事物的认识要受到具体的实践水平的限制,受不同的立场、观点、方法、知识水平、思维能力等条件的限制; 角度3- 承认矛盾 矛盾就是对立统一,要一分为二辩证看问题,技术恐惧具有两面性。人们对技术的担心、质疑,一方面抵制着技术进步,也从另一方面促使新技术及其配套的政策法规不断完善,推动新事物发展; 或矛盾具有普遍性,面对新技术带来的问题,应坚持问题导向,敢于直面矛盾,积极寻找正确方法解决矛盾,应承认矛盾热情支持和保护新事物,促使其成长壮大; 4-价值选择 价值观具有导向作用/正确价值判断和价值选择要符合客观规律,符合人民的根本利益,科技要以人为本,要关注受技术变革冲击的群体,既要有科学精神又要有人文关怀等。 评阅细则:等级 3-5-7 3分 以上任意一个角度,哲学原理1分,对应分析1分,扣题深入解释1分 哲学原理一点深入3分,有技术恐惧的情境但不能分析解释得2分 5分 以上任意两个角度,至少一点深入,得5分 6-7分 以上任意三个角度,至少一点深入,有逻辑 罗列知识,出现以上原理的,每个原理给1分,不超过3分; 答题写出技术恐惧,情境给1分 如果没有恰当的原理,只写出意识、社会意识的,总分不给0分,给1分原理分"
2025_海淀_期末,7,,question,B4_PHILOSOPHY_EXCLUDED,module-boundary-excluded,FINAL_Q7_B4P_PEOPLE_VALUE,"价值标准,群众路线",答案 A 的知识落点为价值观和群众路线，非文化目标线。,/Users/wanglifei/Desktop/2025模拟题/2025各区期末/2025海淀期末/试卷/试卷.docx | /Users/wanglifei/Desktop/2025模拟题/2025各区期末/2025海淀期末/细则/细则.pptx,paper|rubric,"某地启动2025年民生实事项目征集活动,邀请群众一起“点单”,围绕就业、教育、医疗、养老等民生领域提出意见与建议。群众“点单”、人大“定单”、政府“领单”、群众“验单”的“连环操作”是中国发展民生事业的“独门秘籍”之一,其中蕴含的哲理是( ) 1邀请群众“点单”,坚持把人民群众的利益作为最高的价值标准 2从“点单”到“定单”,体现分析是综合的基础、综合为分析做准备 3从“领单”到“验单”,践行从群众中来到群众中去的工作方法 4各个环节“连环操作”实现部分功能之和大于整体功能的理想效果 A. 13 B. 14 C. 23 D. 24"
2025_海淀_期末,8,,question,XB3_EXCLUDED,module-boundary-excluded,FINAL_Q8_XB3_LOGIC_REASONING,"逻辑与思维,推理,概念关系",题干为《逻辑与思维》客观题，非目标线。,/Users/wanglifei/Desktop/2025模拟题/2025各区期末/2025海淀期末/试卷/试卷.docx | /Users/wanglifei/Desktop/2025模拟题/2025各区期末/2025海淀期末/细则/细则.pptx,paper|rubric,"要想准确鲜明地表达思想,思维必须合乎逻辑。学习《逻辑与思维》时,某学习小组整理了以下内容,其中正确的是( ) A. “饲养动物致人损害,饲养人应承担侵权责任;小王饲养的狗咬伤了小李;因此,小王应承担侵权责任”是充分条件假言推理,推理结构正确,结论也正确 B. “中国是东亚的重要组成部分”,此判断中“中国”和“东亚”两个概念是种属关系 C. 伯乐的儿子对照其父在《相马经》中所说的好马特征,将癫蛤认定为“蹄子不够大”的好马,这犯了“轻率概括”的逻辑错误 D. 如果“要么P要么Q”这个不相容选言判断为真,那么“或者P或者Q”这个相容选言判断也为真"
2025_海淀_期末,9,,question,XB2_EXCLUDED,module-boundary-excluded,FINAL_Q9_XB2_NATURAL_FRUITS,"民法典,天然孳息,所有权,用益物权",题干为法律与生活物权题，非目标线。,/Users/wanglifei/Desktop/2025模拟题/2025各区期末/2025海淀期末/试卷/试卷.docx | /Users/wanglifei/Desktop/2025模拟题/2025各区期末/2025海淀期末/细则/细则.pptx,paper|rubric,"竹山上春笋冒头,村民纷纷上山挖笋。村民们承包的林地界限分明,但笋的生长不受限制。村民甲种植的几十棵春笋因自然生长而越界,长到了村民乙的地里。从法律上讲,竹笋在地里生长,利用了土壤提供的水分和营养,是该土地的天然孳息。下列说法正确的是( ) 中华人民共和国民法典 第三百二十一条 天然孳息,由所有权人取得;既有所有权人又有用益物权人的,由用益物权人取得。当事人另有约定的,按照其约定。 A. “越界春笋”应归林地所有权人即村集体所有 B. “越界春笋”长到了村民乙的地里,应归其所有 C. 村民甲是春笋的种植者,“越界春笋”应归其所有 D. 竹笋的权属划分是基于绿色原则做出的"
2025_海淀_期末,10,,question,XB2_EXCLUDED,module-boundary-excluded,FINAL_Q10_XB2_CONTRACT,"民法典,买卖合同,保证金",题干为法律与生活合同题，非目标线。,/Users/wanglifei/Desktop/2025模拟题/2025各区期末/2025海淀期末/试卷/试卷.docx | /Users/wanglifei/Desktop/2025模拟题/2025各区期末/2025海淀期末/细则/细则.pptx,paper|rubric,"2024年11月11日,幸福石油公司与开心公司签订了汽油买卖合同,部分内容如下。 汽油买卖合同书 甲方:幸福石油公司乙方:开心公司 根据《中华人民共和国民法典》及相关法律规定,甲乙双方协商一致达成如下协议:...... 三、甲方义务 合同签订后的3日内,甲方将货物送达乙方指定地点,在交付时应配合乙方的指挥。 四、乙方义务 乙方需在合同签订后1日内支付10万元保金。货物验收合格后3日内支付剩余货款。...... 甲方:(盖章)乙方:(盖章) 日期:2024年11月11日日期:2024年11月11日 乙方当天支付了10万元保证金。11月13日,甲方股东抢夺公章导致公司管理失控,未能在约定期限内交付汽油。下列说法正确的是 A. 乙方可以要求甲方双倍返还保证金共20万元 B. 甲方可主张不可抗力免责,拒绝赔偿乙方损失 C. 经乙方同意,甲方可以不按合同约定时间交货 D. 若双方没有约定货物质量标准,则该合同不成立"
2025_海淀_期末,11,,question,XB2_EXCLUDED,module-boundary-excluded,FINAL_Q11_XB2_LITIGATION_PASSENGER,"民法典,诉讼,上诉,赔偿责任",题干为法律与生活诉讼和侵权责任题，非目标线。,/Users/wanglifei/Desktop/2025模拟题/2025各区期末/2025海淀期末/试卷/试卷.docx | /Users/wanglifei/Desktop/2025模拟题/2025各区期末/2025海淀期末/细则/细则.pptx,paper|rubric,"赵某乘坐的某客运公司客车在行驶途中发生追尾事故,致使赵某身体多处受伤。赵某希望通过诉讼维护权益。下列说法正确的是( ) 《中华人民共和国民法典》第八百二十三条承运人应当对运输过程中旅客的伤亡承担赔偿责任;但是,伤亡是旅客自身健康原因造成的或者承运人证明伤亡是旅客故意、重大过失造成的除外。 1若客运公司能证明自己对事故发生没有过错,则无需承担赔偿责任 2若赵某因家庭经济困难无法承担诉讼费用,可向法院申请法律援助 3若赵某不服法院一审判决,可以在判决后十五日内提出上诉 4法律给承运人分配了更多注意义务,以平衡各方利益,合理预防损害 A. 12 B. 13 C. 24 D. 34"
2025_海淀_期末,12,,question,XB2_EXCLUDED,module-boundary-excluded,FINAL_Q12_XB2_INHERITANCE,"继承,遗产,法定继承,仲裁",题干为法律与生活继承题，非目标线。,/Users/wanglifei/Desktop/2025模拟题/2025各区期末/2025海淀期末/试卷/试卷.docx | /Users/wanglifei/Desktop/2025模拟题/2025各区期末/2025海淀期末/细则/细则.pptx,paper|rubric,"阅读材料,完成问题。 张大叔和王阿姨是一对再婚夫妻,婚后未生育子女,家中唯一的孩子是王阿姨和前夫生育的儿子小马(已成年,但多年未归家,也未尽赡养义务)。2024年1月,王阿姨因病去世,对王阿姨与张大叔婚后购买的价值200万元的房产、单位给付的8万元抚恤金如何分配,张大叔和小马未达成一致意见。 注:抚恤金是国家或有关单位依法对死者家属或伤残职工提供的一种慰问和生活补贴。 思政课上,老师展示了上述案例。四名同学运用所学,分享了自己的看法。其中正确的是( ) 甲:根据民法典相关规定,本案中房产价值中的100万元属于王阿姨遗产 乙:若王阿姨未留下遗嘱,应适用法定继承分配房产、抚恤金等遗产 丙:按照法定继承,张大叔和小马都属于第一顺位继承人,应平均分配遗产 丁:为求方便快捷,张大叔和小马可选择通过仲裁方式解决争议 A. 甲 B. 乙 C. 丙 D. 丁"
2025_海淀_期末,13,,question,XB2_EXCLUDED,module-boundary-excluded,FINAL_Q13_XB2_LABOR_DISPUTE,"劳动者,劳动法,法院,劳动权益保护",题干主干为劳动争议法律问题，非目标线。,/Users/wanglifei/Desktop/2025模拟题/2025各区期末/2025海淀期末/试卷/试卷.docx | /Users/wanglifei/Desktop/2025模拟题/2025各区期末/2025海淀期末/细则/细则.pptx,paper|rubric,"科技进步使得工作和生活的界限逐渐变得模糊。劳动者在休息时间仍通过微信等软件进行工作沟通,导致个人时间被占用,“隐形加班”对劳动者权益保护提出了新挑战。“隐形加班”劳动争议第一案中,北京市第三中级人民法院在判决书中首次突破传统加班认定模式.创造性地提出“占用时间明显性”等原则作为认定标准,为后续处理类似案件提供了参考与借鉴。该判决( ) 1遵循劳动法的首要原则.维护劳动者取得劳动报酬、休息休假的权利 2以事实为根据,以法律为准绳,筑牢维护社会公平正义第一道防线 3体现公正司法,有力护航用工规范发展,推动构建和谐劳动关系 4为认定“隐形加班”提供标准,完善了劳动权益保护的法律体系 A. 12 B. 13 C. 24 D. 34"
2025_海淀_期末,14,,question,XB2_EXCLUDED,module-boundary-excluded,FINAL_Q14_XB2_COPYRIGHT,"著作权,传统蜡染图案,举证,调解",答案落点为著作权和诉讼程序，传统纹样只是案情材料。,/Users/wanglifei/Desktop/2025模拟题/2025各区期末/2025海淀期末/试卷/试卷.docx | /Users/wanglifei/Desktop/2025模拟题/2025各区期末/2025海淀期末/细则/细则.pptx,paper|rubric,"某食品公司在其产品包装上擅自使用了洪某已发表的画作中具有独创性的蜡染花鸟图案,洪某以著作权受侵害为由向法院提起诉讼。该食品公司辩称,洪某作品中的纹样等均来自古代传统蜡染图案,自己的使用不构成侵权。下列分析正确的是( ) 1洪某对画作的发表权等著作人身权不受保护期限制 2洪某画作借鉴了传统蜡染图案这一事实应由被告举证 3若洪某未到著作权登记机关办理登记,则不能就该画作主张著作权 4以和为贵,双方当事人可在人民法院的主持下达成调解协议 A. 12 B. 13 C. 24 D. 34"
2025_海淀_期末,15,,question,B3_POLITICS_RULE_OF_LAW,included,FINAL_Q15_B3_SOCIAL_GOVERNANCE_SHORT_VIDEO,"行业内容管理公约,社会治理法治化",答案 D 指向平台行业公约和社会治理法治化，抽入《政治与法治》。,/Users/wanglifei/Desktop/2025模拟题/2025各区期末/2025海淀期末/试卷/试卷.docx | /Users/wanglifei/Desktop/2025模拟题/2025各区期末/2025海淀期末/细则/细则.pptx,paper|rubric,"“谁懂这一口糯叽叽的含金量”......打开短视频平台,很多人在不经意间会被形形色色的探店视频所吸引。探店视频以其独特优势带动了餐饮及旅游消费。但是,这些探店视频究竞是发布者的真实体验还是广告营销,消费者往往很难区分。对此分析正确的是( ) A. 打着真实测评幌子进行虚假宣传的探店视频侵犯了消费者自主选择权 B. 发布广告类探店视频是不正当竞争行为,会侵犯其他经营者合法权益 C. 对侵犯消费者权益的探店视频乱象,法院可主动启动诉讼程序进行整治 D. 短视频平台可推动制定行业内容管理公约,提高社会治理法治化水平 第二部分 D 第二部分 本部分共7题,共55分。"
2025_海淀_期末,16,,question,B4_PHILOSOPHY_EXCLUDED,module-boundary-excluded,FINAL_Q16_PARENT_B4P_REMAINDER,"联系观点,发展观点,哲学与文化混合",第 16 题哲学与文化混合；文化组件另行抽出，父项余项按哲学边界排除。,/Users/wanglifei/Desktop/2025模拟题/2025各区期末/2025海淀期末/试卷/试卷.docx | /Users/wanglifei/Desktop/2025模拟题/2025各区期末/2025海淀期末/细则/细则.pptx,paper|rubric,"阅读材料,完成问题。 守正不守旧,尊古不复古。 作为中华文明的重要组成部分,中医药是我们观察中华文明的一个生动视角。 “药食同源”是中医药文化的重要理念。它主张食物与药物之间并无绝对界限,很多食材既可以入药也可以作为日常饮食的一部分。近年来,结合中药元素的烘焙产品悄然兴起,成为中医药新时尚。 北京某老字号品牌针对经常熬夜的人群,推出石斛曲奇、彩椒恰巴塔等招牌食品;天津某医院的烘焙店提供荷叶消暑包、当归罗汉果吐司等多款养生系列面包:河南郑州某药房旗下的烘焙馆以青稞零蔗糖面包、黑枸杞板栗面包等产品吸引大批顾客。此外,浙江杭州、广东深圳、山东济南、福建漳州等地也开设了中药面包店。 结合材料,运用《哲学与文化》知识,谈谈我们是如何打造中医药新时尚的。 (8分) 可从联系的观点、发展的观点、实现中华优秀传统文化创造性转化与创新性发展等角度作答。 等级水平 等级描述 水平4 观点鲜明,能明确表达自己的见解;紧扣问题,综合运用所学知识展开论述;逻辑严密,条理清晰。 水平3 观点比较明确,能表达自己的见解;能扣住问题展开论述,知识运用比较准确;逻辑性较强,有条理。 水平2 观点不明确;论述不能集中指向问题,罗列知识;知识运用不正确;论述缺乏逻辑,条理性差。 水平1 应答与试题无关;或重复试题内容;或没有应答。 (8分)守正不守旧,尊古不复古。 作为中华文明的重要组成部分,中医药是我们观察中华文明的一个生动视角。 “药食同源”是中医药文化的重要理念。它主张食物与药物之间并无绝对界限,很多食材既可以入药也可以作为日常饮食的一部分。近年来,结合中药元素的烘焙产品悄然兴起,成为中医药新时尚。 北京某老字号品牌针对经常熬夜的人群,推出石斛曲奇、彩椒恰巴塔等招牌食品;天津某医院的烘焙店提供荷叶消暑包、当归罗汉果吐司等多款养生系列面包;河南郑州某药房旗下的烘焙馆以青稞零蔗糖面包、黑枸杞板栗面包等产品吸引大批顾客。此外,浙江杭州、广东深圳、山东济南、福建漳州等地也开设了中药面包店。 结合材料,运用《哲学与文化》知识,谈谈我们是如何打造中医药新时尚的。 坚持辩证否定,推动创新 中华优秀传统文化的创造性转化和创新性发展 /传统文化取其精华,去其糟粕/批判继承,古为今用 坚持联系观点/根据固有联系建立新的联系 坚持客观规律和发挥主观能动性相结合 融通不同资源,实现了综合创新 坚持具体问题具体分析/坚持矛盾普遍性和特殊性的辩证统一 立足时代之基,回应时代问题 坚持人民立场 措施后对应的知识 文化创新的途径"
2025_海淀_期末,17(1),17,subquestion,XB3_EXCLUDED,module-boundary-excluded,FINAL_Q17_1_XB3_SCIENTIFIC_THINKING,"科学思维,客观性",第 17 题第 (1) 问明确要求科学思维知识，非目标线。,/Users/wanglifei/Desktop/2025模拟题/2025各区期末/2025海淀期末/试卷/试卷.docx | /Users/wanglifei/Desktop/2025模拟题/2025各区期末/2025海淀期末/细则/细则.pptx,paper|rubric,"阅读材料,完成问题。 在人们的想象中,永动机是可以不停地自动运动的机械装置。 下图是刊登在某杂志上的“永动机”设计图。一盆水,上面漂浮着一个架子。架子下方是一个叶轮。一条毛巾搭在架子上,一端浸入水中,另一端悬挂在叶轮上方。浸入水中的一端吸水,而悬着的另一端必然会滴水。水滴打在叶轮上,叶轮便会运转起来。这样,不需要任何外在能量便能自动运转的“永动机”就制造出来了。 (1)运用科学思维知识,分析这个“永动机”设计图的问题所在。 在历史上,永动机一直被人们讨论和研究,但制造永动机的尝试无一例外都以失败告终。1775年法国科学院宣布“不再审查有关永动机的一切设计”。这使人们的头脑冷静下来,开始在更深层次寻找失败的原因,去研究各种能量形式相互转化的规律。人类对此的科学认识经历了一个由浅入深、由含糊到清晰的过程。从18世纪末到19世纪中叶,焦耳、亥姆霍兹、迈尔等不同领域的科学家从不同角度都提出过能量守恒的思想,最终促成了能量守恒定律的发现。能量守恒定律的发现是科学史上的重大事件。它是自然科学长期发展和进步的结果,是普遍、和谐、可靠的自然规律之一。恩格斯把它与细胞学说、生物进化论一起列为19世纪自然科学的三大发现。 有学者指出,除了要为焦耳、亥姆霍兹和迈尔这些作出杰出贡献的科学家树碑立传外,还应建立一个无名英雄纪念碑,其上最合适的铭文将是“纪念为实现永动机奋斗而失败的人们”。 (2)从哲学角度,谈谈为何要纪念为实现永动机奋斗而失败的人们。 (12分) (1)科学思维追求认识的客观性。科学思维总是从实际出发,力图如实地反映认识对象,努力把握和遵循客观规律。这个设计图违背了物理学基本规律,试图利用毛巾吸水得到连续的“动力”,但是毛巾通过毛细作用吸水的高度是有限的,不可能越过支架而得到设计图所构想的动力。 (2)可从发展的观点、对立统一的观点、追求真理是一个过程等角度作答。 等级水平 等级描述 水平4 观点鲜明,能明确表达自己的见解;紧扣问题,综合运用所学知识展开论述;逻辑严密,条理清晰。 水平3 观点比较明确,能表达自己的见解;能扣住问题展开论述,知识运用比较准确;逻辑性较强,有条理。 水平2 观点不明确;论述不能集中指向问题,罗列知识;知识运用不正确;论述缺乏逻辑,条理性差。 水平1 应答与试题无关;或重复试题内容;或没有应答。"
2025_海淀_期末,17(2),17,subquestion,B4_PHILOSOPHY_EXCLUDED,module-boundary-excluded,FINAL_Q17_2_B4P_PERPETUAL_MOTION,"发展观点,对立统一,追求真理",第 17 题第 (2) 问为哲学角度，非文化目标线。,/Users/wanglifei/Desktop/2025模拟题/2025各区期末/2025海淀期末/试卷/试卷.docx | /Users/wanglifei/Desktop/2025模拟题/2025各区期末/2025海淀期末/细则/细则.pptx,paper|rubric,"阅读材料,完成问题。 在人们的想象中,永动机是可以不停地自动运动的机械装置。 下图是刊登在某杂志上的“永动机”设计图。一盆水,上面漂浮着一个架子。架子下方是一个叶轮。一条毛巾搭在架子上,一端浸入水中,另一端悬挂在叶轮上方。浸入水中的一端吸水,而悬着的另一端必然会滴水。水滴打在叶轮上,叶轮便会运转起来。这样,不需要任何外在能量便能自动运转的“永动机”就制造出来了。 (1)运用科学思维知识,分析这个“永动机”设计图的问题所在。 在历史上,永动机一直被人们讨论和研究,但制造永动机的尝试无一例外都以失败告终。1775年法国科学院宣布“不再审查有关永动机的一切设计”。这使人们的头脑冷静下来,开始在更深层次寻找失败的原因,去研究各种能量形式相互转化的规律。人类对此的科学认识经历了一个由浅入深、由含糊到清晰的过程。从18世纪末到19世纪中叶,焦耳、亥姆霍兹、迈尔等不同领域的科学家从不同角度都提出过能量守恒的思想,最终促成了能量守恒定律的发现。能量守恒定律的发现是科学史上的重大事件。它是自然科学长期发展和进步的结果,是普遍、和谐、可靠的自然规律之一。恩格斯把它与细胞学说、生物进化论一起列为19世纪自然科学的三大发现。 有学者指出,除了要为焦耳、亥姆霍兹和迈尔这些作出杰出贡献的科学家树碑立传外,还应建立一个无名英雄纪念碑,其上最合适的铭文将是“纪念为实现永动机奋斗而失败的人们”。 (2)从哲学角度,谈谈为何要纪念为实现永动机奋斗而失败的人们。 (12分) (1)科学思维追求认识的客观性。科学思维总是从实际出发,力图如实地反映认识对象,努力把握和遵循客观规律。这个设计图违背了物理学基本规律,试图利用毛巾吸水得到连续的“动力”,但是毛巾通过毛细作用吸水的高度是有限的,不可能越过支架而得到设计图所构想的动力。 (2)可从发展的观点、对立统一的观点、追求真理是一个过程等角度作答。 等级水平 等级描述 水平4 观点鲜明,能明确表达自己的见解;紧扣问题,综合运用所学知识展开论述;逻辑严密,条理清晰。 水平3 观点比较明确,能表达自己的见解;能扣住问题展开论述,知识运用比较准确;逻辑性较强,有条理。 水平2 观点不明确;论述不能集中指向问题,罗列知识;知识运用不正确;论述缺乏逻辑,条理性差。 水平1 应答与试题无关;或重复试题内容;或没有应答。"
2025_海淀_期末,18,,question,XB3_EXCLUDED,module-boundary-excluded,FINAL_Q18_XB3_INNOVATIVE_THINKING_LIBRARY,"创新思维,逆向思维,联想思维",第 18 题设问和细则均要求创新思维，公共文化空间为材料场景，不单独形成文化采分点。,/Users/wanglifei/Desktop/2025模拟题/2025各区期末/2025海淀期末/试卷/试卷.docx | /Users/wanglifei/Desktop/2025模拟题/2025各区期末/2025海淀期末/细则/细则.pptx,paper|rubric,"阅读材料,完成问题。 “一个充满活力和吸引力的图书天堂”——北京城市图书馆从多个国家的图书馆中脱颖而出,获得“2024年度公共图书馆奖”,这是中国首次荣获此项世界公共图书馆界最高荣誉。 硬科技:数字文化服务新阵地 依靠“硬核科技”,北京城市图书馆实现从“人找书”转向“书找人”,以数字技术为依托,通过构建更加立体的用户画像,为读者推荐合适的图书与活动,为读者提供座席、文献、设备、活动等全要素预约入口,方便读者规划行程,实城市图书馆现“一览资源,一键预约”。 新顶流:半月迎来18万读者 作为城市副中心“一带、一轴、两环、一心”规划格局的重要组成部分,北京城市副中心三大文化建筑之一的北京城市图书馆设计灵感来自运河文化元素。该馆将中国传统的“赤印”意象和新型公共空间设计有机结合,一经建成即成为许多游客的核心旅游目的地。 巧联动:地标效应辐射京津冀 京津冀三地地缘相接、文脉相连、经济相融,北京城市图书馆作为承担京津冀公共服务功能的新文化地标,为三地文化资源的共建共享创造了得天独厚的条件。该馆构建全天候线上公共文化数字资源服务新模式,充分整合各部门、各行业、各区、各街乡以及各类社会化的文化服务数字资源,构建多层级、多门类的公共文化数字服务网络群。 结合材料,分析北京城市图书馆是如何运用创新思维建设新型公共文化空间的。 (6分) 北京城市图书馆在建设新型公共文化空间的过程中,运用了逆向思维,对事物结构顺序的已有认识进行反向思考,借助科技实现从“人找书”向“书找人”的转换,给读者提供便利;运用了联想思维,将原有的认知经验直接应用到其他工作之中进行同化性迁移,将传统“赤印”意象迁移运用到建筑设计之中,打造富有文化韵味的城市地标。 (7分) 技术恐惧,指的是人们对新技术的不信任、焦虑、担忧甚至恐慌,从而产生排斥、拒 绝和抵制新技术的心理和行为。技术恐惧在人类历史上一直存在,并随着科技进步的加速而变得愈发普遍和强烈。从历史上看,任何重大技术的快速发展都伴随着社会动荡和对快速变化的焦虑——印刷机、机器生产、火车、汽车、飞机、广播和电视、核技术、计算机等都曾遭受不少人的抵制。每一次技术的重大革新和急剧迭代,都会有人发出“狼来了”的呼救。 面对人工智能的迅猛发展和智能时代的到来,尤其是生成式人工智能的迅速迭代,人们再一次感觉到“狼来了”,担心失去工作、担心隐私泄露、担心安全,备感恐慌和不安。 请运用哲学观点说明,该如何看待技术恐惧? 要求从三个维度或从三个原理分析说明(理想答案:为什么-辩证看-怎么办) 2025.1西城期末 北京城市图书馆在建设新型公共文化空间的过程中,运用了逆向思维,对事物结构顺序的已有认识进行反向思考,借助科技 实现从“人找书”向“书找人”的转换,给读者提供便利; 运用了联想思维,将原有的 认知经验直接应用到其他工作之 中进行同化性迁移,将传统“赤印”意象迁移运用到建筑设计之中,打造富有文化韵味的城市地标。 发散思维、聚合思维(1分) 发散思维和聚合思维是创新思维的两翼(1分)替代:“发散-聚合-发散-聚合”“合力” 知识 知识展开 材料 逆向思维(1分) 对事物结构顺序的已有认识进行反向思考。(1分) 替代:事物存在状态;事物功能;事物之间因果关系作交换性思考 借助科技实现从“人找书”向“书找人” 的转换,给读者提供便利。(1分) 联想思维(1分) 将原"
2025_海淀_期末,19,,question,XB2_EXCLUDED,module-boundary-excluded,FINAL_Q19_PARENT_XB2_LAND_RIGHTS,"法治知识,财产权,用益物权,不动产登记",第 19 题设问为法治知识；经济意义组件另抽入 B2。,/Users/wanglifei/Desktop/2025模拟题/2025各区期末/2025海淀期末/试卷/试卷.docx | /Users/wanglifei/Desktop/2025模拟题/2025各区期末/2025海淀期末/细则/细则.pptx,paper|rubric,"阅读材料,完成问题。 我国农村大多数土地承包工作在改革开放初期便已完成。当时没有明确的法律依据和完善的登记制度,造成农村土地纠纷多、利用效率低,阻碍了农村经济发展。 针对这一状况,我国部署了农村土地确权登记工作:一是对承包经营权进行确权登记;二是对宅基地使用权进行地籍调查和摸底排查;三是对林权进行确权颁证;四是对集体建设用地进行登记造册。 2024年8月起,农村启动新一轮确权登记。在承包地方面,主要是做好“王地承包到期后再延长三十年”政策的衔接,在延顺承包期的同时做好不动产登记工作。特别是对变更土地经营权或转让经营权的农户进行重新确权登记,颁发不动产权新证书。 结合材料,运用法治知识,阐释实施农村土地确权登记的现实意义。 (6分) 法律规定财产权,有利于确定财产归属,并以此促进财产的流通使用。土地承包经营权等用益物权是农民重要的财产权。不动产统一登记有利于明确权属,从而定分止争,减少土地纠纷;有利于落实农村土地“三权分置”改革的要求,促进土地经营权有序流转,优化资源配置,增加农民收入,推进乡村振兴,实现共同富裕。 20、21 17(1)、18 22 16-22 必修4 选择性必修2 选择性必修3 综合 合计 客观题分值 15 21 9 45 主观题分值 16 20 10 9 55 合计 31 41 19 9 100 五、反馈试题 2024年海淀期末 综合运用发散思维和聚合思维,街道与设计团队、周边高校院所、居民等多 元主体共同研讨解决方式,墙上博物馆的设计理念应运而生。 运用联想思维,通过 光雕技术激活老地名,进行迁移和想象,创造出 “会说话”的墙上博物馆。 运用逆向思维,使围 墙实现从设施到空间、从 单一功能向复合多元功能的转变,让城市公共空间成为城市文化活态博物馆。 2023海淀期末19(2)题 运用了发散思维的方法。发散思维是根据已知的事物信息,从不同的角度、不同的方向思考,以寻求解决问题的多样性答案的思维方式。《妇女权益保护法》修订过程中多次征求有关部门、地方和单位意见,征求社会公众意见,以期更好保障妇女权益; 运用了聚合思维的方法。聚合思维是利用已有的知识和经验,把众多信息逐步引导到条理化的逻辑思路中,以便得出合乎逻辑的解决问题的方案。全国人大常委会在征求各方意见后,多次集中审议最终表决通过《妇女权益保护法 》; 发散思维和聚合思维是创新思维的两翼,解决复杂问题,往往需要人们的思维结合实际情况,反复地“发散-聚合-发散-聚合”。《妇女权益保护法》修订过程中多次征求意见,集中审议,再征求意见,再审议,最终促进了《妇女权益保护法》的完善。 2024年东城期末18(2)题 2025年顺义期末18题 可综合可单独用必修三和选必二 土地所有权、土地使用权和他项权利的确认、确定 多角度 (8 分) 【案情回放】 “小爱同学,今天天气怎么样?”“小爱同学,讲个故事”......随着 M 公司 2017 年 7月推出的“小爱同学”智能语音设备后,“小爱同学”越来越多的参与到我们的生活中。截至 2020 年 12 月,其月活跃用户数达到 8670 万人,累计唤醒约 495 亿次。陈某于 2017 年 8 月至 2020 年 6 月间,在不同商品类别上抢先大量申请注册相关商标,并向 M 科技关联企业发函,要求停止使用“小爱同学”商标。同时与深圳市 Y 公司合作"
2025_海淀_期末,20,,question,XB2_EXCLUDED,module-boundary-excluded,FINAL_Q20_XB2_TORT_LIABILITY,"民法典,侵权责任,产品责任,危险动物",第 20 题为法律与生活侵权责任题，非目标线。,/Users/wanglifei/Desktop/2025模拟题/2025各区期末/2025海淀期末/试卷/试卷.docx | /Users/wanglifei/Desktop/2025模拟题/2025各区期末/2025海淀期末/细则/细则.pptx,paper|rubric,"阅读材料,完成问题。 最高人民法院围绕民法典实施过程中社会广泛关注、审判实践中亟需解决的重大争议问题,制定了《最高人民法院关于适用<中华人民共和国民法典>侵权责任编的解释(一)》(以下简称《解释》)。 下表列出了《解释》部分条款。参考示例,完成下表。 《解释》条款 分析 第七条未成年子女造成他人损害,被侵权人请求父母共同承担侵权责任的,人民法院依照民法典第二十七条第一款、第一千零六十八条以及第一千一百八十八条的规定予以支持。 示例:父母必须履行对未成年子女的监护职责。未成年子女造成他人损害的,父母应当依法承担民事责任。《解释》明确了监护人职责,支持被侵权人合理诉求。 第十九条因产品存在缺陷造成买受人财产损害,买受人请求产品的生产者或者销售者赔偿缺陷产品本身损害以及其他财产损害的,人民法院依照民法典第一千二百零二条、第一千二百零三条的规定予以支持。 1 第二十三条禁止饲养的烈性犬等危险动物造成他人损害,动物饲养人或者管理人主张不承担责任或者减轻责任的,人民法院不予支持。 2 (6分) 1生产者产品责任是无过错侵权责任,行为人只要损害了他人的民事权益,不论其有无过错,均应当承担侵权责任。《解释》从保护消费者角度作出解释,明确缺陷产品造成的产品自身损害属于产品责任赔偿范围,切实维护消费者合法权益。 2禁止饲养的烈性犬等危险动物造成他人损害的,动物饲养人或者管理人应承担无过错侵权责任,没有任何免责事由和减责事由。《解释》阐明民法典“最严格的无过错责任”立法精神,强化动物饲养人、管理人责任意识,维护动物饲养管理秩序,保障人民群众生命财产安全。"
2025_海淀_期末,21,,question,XB2_EXCLUDED,module-boundary-excluded,FINAL_Q21_PARENT_XB2_NONCOMPETE,"法律与生活,竞业限制,劳动合同,知识产权",第 21 题设问为《法律与生活》；经济效果组件另抽入 B2。,/Users/wanglifei/Desktop/2025模拟题/2025各区期末/2025海淀期末/试卷/试卷.docx | /Users/wanglifei/Desktop/2025模拟题/2025各区期末/2025海淀期末/细则/细则.pptx,paper|rubric,"阅读材料,完成问题。 “竞业限制”是指用人单位与劳动者之间约定,劳动者在离职后不得到生产同类产品或经营同类产业且有竞争关系的其他用人单位任职,也不得自己生产与原单位有竞争关系的同类产品或经营同类业务。 中华人民共和国劳动合同法 第二十三条......对负有保密义务的劳动者,用人单位可以在劳动合同或者保密协议中与劳动者约定竞业限制条款,并约定在解除或者终止劳动合同后,在竞业限制期限内按月给予劳动者经济补偿。劳动者违反竞业限制约定的,应当按照约定向用人单位支付违约金。 第二十四条竞业限制的人员限于用人单位的高级管理人员、高级技术人员和其他负有保密义务的人员。竞业限制的范围、地域、期限由用人单位与劳动者约定,竞业限制的约定不得违反法律、法规的规定。 案例一:李某是A公司自主培养的高级管理人员。在职期间,李某与该公司签订了保密协议和竞业限制协议。两年后,李某离职,次日即入职相同经营范围和业务的B公司,任职相同岗位,负责相同产品生产。该产品生产技术属A公司“不为公众所知悉的技术信息”,A公司将李某诉至法院。法院经审理认为,李某违反了竞业限制义务,判决其向A公司支付赔偿金。 案例二:厨师刘某在某餐饮公司从事拌黄瓜等冷菜制作。公司认为刘某在制作过程中会掌握一些菜品秘方,双方签署了保密及竞业限制协议。刘某从该公司离职后,到其他餐馆从事冷菜制作。原公司以违反竞业限制协议为由起诉刘某,要求赔偿违约金及损失。法院经审理认为,餐饮公司与刘某签订的竞业限制协议应属无效。 结合材料,运用《法律与生活》知识,说明法律规定“竞业限制”并对其加以限制的原因。 22. 阅读材料,完成问题。 国家博物馆西大厅的巨型浮雕《愚公移山》以徐悲鸿1940年所作国画《愚公移山》为原本。“愚公移山”既指古代典籍中的“移山神话”,又指抗战期间各民族团结实现的“移山壮举”,彰显着中华民族的精神品格。 现在也有两座压在中国人民头上的大山,一座叫做帝国主义,一座叫做封建主义。中国共产党早就下了决心,要挖掉这两座山。我们一定要坚持下去,一定要不断地工作,我们也会感动上帝的。这个上帝不是别人,就是全中国的人民大众。全国人民大众一齐起来和我们一道挖这两座山,有什么挖不平呢? ——毛泽东,在中国共产党第七次全国代表大会上的闭幕词(1945年6月11日) 在马克思列宁主义、毛泽东思想的伟大旗帜下,全党、全军、全国各族人民紧密团结在党中央周围,继续发扬愚公移山的精神,同心同德,排除万难,为把我们的国家逐步建设成为现代化的、高度民主的、高度文明的社会主义强国而努力奋斗!我们的目的一定要达到!我们的目的一定能达到! ——关于建国以来党的若干历史问题的决议(1981年6月27日) 中国有个寓言叫“愚公移山”。讲的是几千年前,一个交通不便的山村里有位叫愚公的老人,下决心将挡在家门口的两座大山移开。亲戚和邻居都说不可能,但他力排众议,带 (8分) “竞业限制”是用人单位通过协议的方式对劳动者自由择业的合理限制,有利于保护知识产权,维护市场公平竞争,推动社会创新。李某作为负有保密义务的劳动者,泄露公司商业秘密,违反协议约定,应当承担违约责任。若不对“竞业限制”加以限制则可能侵犯劳动者的基本劳动权利,阻碍人才资源合理配置。刘某作为公司普通员工,并非负有保密义务的人员,餐饮公司与其签订的竞业限制协议违反了相关法律规定,协议无效。法律规"
2025_海淀_期末,22,,question,B4_PHILOSOPHY_EXCLUDED,module-boundary-excluded,FINAL_Q22_PARENT_INTEGRATED_REMAINDER,"质量互变规律,价值观,中国梦,人类命运共同体",第 22 题为综合短文题；B3 与文化目标组件另抽，余项不并入目标线。,/Users/wanglifei/Desktop/2025模拟题/2025各区期末/2025海淀期末/试卷/试卷.docx | /Users/wanglifei/Desktop/2025模拟题/2025各区期末/2025海淀期末/细则/细则.pptx,paper|rubric,"22. 阅读材料,完成问题。 国家博物馆西大厅的巨型浮雕《愚公移山》以徐悲鸿1940年所作国画《愚公移山》为原本。“愚公移山”既指古代典籍中的“移山神话”,又指抗战期间各民族团结实现的“移山壮举”,彰显着中华民族的精神品格。 现在也有两座压在中国人民头上的大山,一座叫做帝国主义,一座叫做封建主义。中国共产党早就下了决心,要挖掉这两座山。我们一定要坚持下去,一定要不断地工作,我们也会感动上帝的。这个上帝不是别人,就是全中国的人民大众。全国人民大众一齐起来和我们一道挖这两座山,有什么挖不平呢? ——毛泽东,在中国共产党第七次全国代表大会上的闭幕词(1945年6月11日) 在马克思列宁主义、毛泽东思想的伟大旗帜下,全党、全军、全国各族人民紧密团结在党中央周围,继续发扬愚公移山的精神,同心同德,排除万难,为把我们的国家逐步建设成为现代化的、高度民主的、高度文明的社会主义强国而努力奋斗!我们的目的一定要达到!我们的目的一定能达到! ——关于建国以来党的若干历史问题的决议(1981年6月27日) 中国有个寓言叫“愚公移山”。讲的是几千年前,一个交通不便的山村里有位叫愚公的老人,下决心将挡在家门口的两座大山移开。亲戚和邻居都说不可能,但他力排众议,带着子孙日复一日挖土移山。他说,山不会加大增高,人却子孙无穷,只要持之以恒,总有一天会把大山搬走。愚公的精神感动了天神,两座山在人和神的共同努力下被移开了,愚公的家乡同外界实现了互联互通。 ——习近平,在“加强互联互通伙伴关系”东道主伙伴对话会上的讲话 (2014年11月8日) 结合材料,综合运用所学,围绕“愚公移山”这一主题,自选角度,自拟题目,撰写一篇短文。 要求:观点鲜明:可以全面论述,也可以就某一点深入分析;知识运用准确、贴切;论述合乎逻辑,条理清晰;200字左右。 22.(9分) 可从中国共产党的领导、中国式现代化、中国梦、中华优秀传统文化、中华民族精神、质量互变规律、人类命运共同体等角度作答。 22.细则 一、短文形式部分(共3分): ·标题:1分 ·分段:1分。注:画圈不给分,分的不清楚不给分。 ·层次:1分。注:愚公精神的内涵、愚公精神的形成、愚公精神的力量/作用、如何坚持/弘扬愚公精神等层次中,至少要写出两个。 二、知识部分(共4分): ·知识1分+材料1分 ·知识1分+材料1分三、其他(共2分) ·综合运用,即至少使用两个模块知识+1分 注:哲学文化是一个模块 ·论述充分,能用准确的知识,充分论述材料+1分 可选用知识:必修一: 中国梦、中华民族伟大复兴、中国式现代化、 两个结合、中国特色社会主义道路 必修三: 坚持党的领导、坚持以人民为中心 必修四: 质量互变规律、人民主体地位、主观能动性、价值观;中华优秀传统文化、中华民族精神 选必一: 人类命运共同体、中国智慧中国方案 (以上都是学生答案中较为常见的,其他知识 言之成理即可得分) 第一类错误: 不符合短文形式 第一类错误: 不符合短文形式 标题的错误示范: 第一类错误: 不符合短文形式: 没有层次 第二类错误示范:只有知识 or 只有材料 第三类错误:没有综合运用 多个模块的知识 第三类错误:论述不充分 优秀示例: 优秀示例: 重视教材、研读教材、用好教材(如探究与分享、综合探究) 把握主干知识,引导学生建构知识体系(如辩证法,民法等) 讲请讲透,引导学生准确理解重点难点问题(如形式逻辑、侵权、违约、法 治经济) 关注学情变化,引导学生形成清晰有条理的表达习惯(如组织答案要点、写短文) 合理使用各区模拟题,处理好复习与练习的关系"
2025_海淀_期中,13#B2_COMPONENT,13,target_component,B2_ECONOMICS,included,MIDTERM_Q13_B2_COMPONENT_INBOUND_TOURISM,"入境游,经济动能,旅游消费",第 13 题答案 A 同时含入境游经济动能与公共外交；经济动能部分抽入 B2。,/Users/wanglifei/Desktop/2025模拟题/2025各区期末/2025海淀期中/试卷/试卷.pdf | /Users/wanglifei/Desktop/2025模拟题/2025各区期末/2025海淀期中/细则/细则.docx,paper|rubric,"我国国家移民管理局推出的144 小时过境免签等一系列便利外国人来华政策措施,吸引了更多外国游客 来到中国。越来越多外国游客通过短视频、社交平台分享中国游的体验。下列说法正确的是( ) 1入境游蓬勃发展能够为我国经济增添更大的动能 2积极有为的公共外交政策有助于展现东方大国形象 3我国通过畅通国内大循环吸引国际资本要素有序流入 4免签等便利政策旨在形成我国进出口竞争新优势 A. 12 B. 14 C. 23 D. 34"
2025_海淀_期末,16#B4_CULTURE_COMPONENT,16,target_component,B4_CULTURE,included,FINAL_Q16_B4_CULTURE_COMPONENT_TCM_FASHION,"中华优秀传统文化,创造性转化,创新性发展,文化创新",第 16 题题干与细则明确中医药文化和传统文化双创，应抽入文化组件。,/Users/wanglifei/Desktop/2025模拟题/2025各区期末/2025海淀期末/试卷/试卷.docx | /Users/wanglifei/Desktop/2025模拟题/2025各区期末/2025海淀期末/细则/细则.pptx,paper|rubric,"阅读材料,完成问题。 守正不守旧,尊古不复古。 作为中华文明的重要组成部分,中医药是我们观察中华文明的一个生动视角。 “药食同源”是中医药文化的重要理念。它主张食物与药物之间并无绝对界限,很多食材既可以入药也可以作为日常饮食的一部分。近年来,结合中药元素的烘焙产品悄然兴起,成为中医药新时尚。 北京某老字号品牌针对经常熬夜的人群,推出石斛曲奇、彩椒恰巴塔等招牌食品;天津某医院的烘焙店提供荷叶消暑包、当归罗汉果吐司等多款养生系列面包:河南郑州某药房旗下的烘焙馆以青稞零蔗糖面包、黑枸杞板栗面包等产品吸引大批顾客。此外,浙江杭州、广东深圳、山东济南、福建漳州等地也开设了中药面包店。 结合材料,运用《哲学与文化》知识,谈谈我们是如何打造中医药新时尚的。 (8分) 可从联系的观点、发展的观点、实现中华优秀传统文化创造性转化与创新性发展等角度作答。 等级水平 等级描述 水平4 观点鲜明,能明确表达自己的见解;紧扣问题,综合运用所学知识展开论述;逻辑严密,条理清晰。 水平3 观点比较明确,能表达自己的见解;能扣住问题展开论述,知识运用比较准确;逻辑性较强,有条理。 水平2 观点不明确;论述不能集中指向问题,罗列知识;知识运用不正确;论述缺乏逻辑,条理性差。 水平1 应答与试题无关;或重复试题内容;或没有应答。 (8分)守正不守旧,尊古不复古。 作为中华文明的重要组成部分,中医药是我们观察中华文明的一个生动视角。 “药食同源”是中医药文化的重要理念。它主张食物与药物之间并无绝对界限,很多食材既可以入药也可以作为日常饮食的一部分。近年来,结合中药元素的烘焙产品悄然兴起,成为中医药新时尚。 北京某老字号品牌针对经常熬夜的人群,推出石斛曲奇、彩椒恰巴塔等招牌食品;天津某医院的烘焙店提供荷叶消暑包、当归罗汉果吐司等多款养生系列面包;河南郑州某药房旗下的烘焙馆以青稞零蔗糖面包、黑枸杞板栗面包等产品吸引大批顾客。此外,浙江杭州、广东深圳、山东济南、福建漳州等地也开设了中药面包店。 结合材料,运用《哲学与文化》知识,谈谈我们是如何打造中医药新时尚的。 坚持辩证否定,推动创新 中华优秀传统文化的创造性转化和创新性发展 /传统文化取其精华,去其糟粕/批判继承,古为今用 坚持联系观点/根据固有联系建立新的联系 坚持客观规律和发挥主观能动性相结合 融通不同资源,实现了综合创新 坚持具体问题具体分析/坚持矛盾普遍性和特殊性的辩证统一 立足时代之基,回应时代问题 坚持人民立场 措施后对应的知识 文化创新的途径"
2025_海淀_期末,19#B2_COMPONENT,19,target_component,B2_ECONOMICS,included,FINAL_Q19_B2_COMPONENT_LAND_RIGHTS_ECONOMIC_EFFECT,"优化资源配置,增加农民收入,乡村振兴,共同富裕",第 19 题虽为法治知识题，但答案/细则明确给出资源配置、农民收入、乡村振兴和共同富裕等 B2 效果。,/Users/wanglifei/Desktop/2025模拟题/2025各区期末/2025海淀期末/试卷/试卷.docx | /Users/wanglifei/Desktop/2025模拟题/2025各区期末/2025海淀期末/细则/细则.pptx,paper|rubric,"阅读材料,完成问题。 我国农村大多数土地承包工作在改革开放初期便已完成。当时没有明确的法律依据和完善的登记制度,造成农村土地纠纷多、利用效率低,阻碍了农村经济发展。 针对这一状况,我国部署了农村土地确权登记工作:一是对承包经营权进行确权登记;二是对宅基地使用权进行地籍调查和摸底排查;三是对林权进行确权颁证;四是对集体建设用地进行登记造册。 2024年8月起,农村启动新一轮确权登记。在承包地方面,主要是做好“王地承包到期后再延长三十年”政策的衔接,在延顺承包期的同时做好不动产登记工作。特别是对变更土地经营权或转让经营权的农户进行重新确权登记,颁发不动产权新证书。 结合材料,运用法治知识,阐释实施农村土地确权登记的现实意义。 (6分) 法律规定财产权,有利于确定财产归属,并以此促进财产的流通使用。土地承包经营权等用益物权是农民重要的财产权。不动产统一登记有利于明确权属,从而定分止争,减少土地纠纷;有利于落实农村土地“三权分置”改革的要求,促进土地经营权有序流转,优化资源配置,增加农民收入,推进乡村振兴,实现共同富裕。 20、21 17(1)、18 22 16-22 必修4 选择性必修2 选择性必修3 综合 合计 客观题分值 15 21 9 45 主观题分值 16 20 10 9 55 合计 31 41 19 9 100 五、反馈试题 2024年海淀期末 综合运用发散思维和聚合思维,街道与设计团队、周边高校院所、居民等多 元主体共同研讨解决方式,墙上博物馆的设计理念应运而生。 运用联想思维,通过 光雕技术激活老地名,进行迁移和想象,创造出 “会说话”的墙上博物馆。 运用逆向思维,使围 墙实现从设施到空间、从 单一功能向复合多元功能的转变,让城市公共空间成为城市文化活态博物馆。 2023海淀期末19(2)题 运用了发散思维的方法。发散思维是根据已知的事物信息,从不同的角度、不同的方向思考,以寻求解决问题的多样性答案的思维方式。《妇女权益保护法》修订过程中多次征求有关部门、地方和单位意见,征求社会公众意见,以期更好保障妇女权益; 运用了聚合思维的方法。聚合思维是利用已有的知识和经验,把众多信息逐步引导到条理化的逻辑思路中,以便得出合乎逻辑的解决问题的方案。全国人大常委会在征求各方意见后,多次集中审议最终表决通过《妇女权益保护法 》; 发散思维和聚合思维是创新思维的两翼,解决复杂问题,往往需要人们的思维结合实际情况,反复地“发散-聚合-发散-聚合”。《妇女权益保护法》修订过程中多次征求意见,集中审议,再征求意见,再审议,最终促进了《妇女权益保护法》的完善。 2024年东城期末18(2)题 2025年顺义期末18题 可综合可单独用必修三和选必二 土地所有权、土地使用权和他项权利的确认、确定 多角度 (8 分) 【案情回放】 “小爱同学,今天天气怎么样?”“小爱同学,讲个故事”......随着 M 公司 2017 年 7月推出的“小爱同学”智能语音设备后,“小爱同学”越来越多的参与到我们的生活中。截至 2020 年 12 月,其月活跃用户数达到 8670 万人,累计唤醒约 495 亿次。陈某于 2017 年 8 月至 2020 年 6 月间,在不同商品类别上抢先大量申请注册相关商标,并向 M 科技关联企业发函,要求停止使用“小爱同学”商标。同时与深圳市 Y 公司合作"
2025_海淀_期末,21#B2_COMPONENT,21,target_component,B2_ECONOMICS,included,FINAL_Q21_B2_COMPONENT_MARKET_FAIRNESS,"市场公平竞争,推动社会创新,人才资源合理配置,公平公正市场环境",第 21 题虽为法律与生活题，但答案明确给出维护市场公平竞争和优化人才资源配置等经济效果。,/Users/wanglifei/Desktop/2025模拟题/2025各区期末/2025海淀期末/试卷/试卷.docx | /Users/wanglifei/Desktop/2025模拟题/2025各区期末/2025海淀期末/细则/细则.pptx,paper|rubric,"阅读材料,完成问题。 “竞业限制”是指用人单位与劳动者之间约定,劳动者在离职后不得到生产同类产品或经营同类产业且有竞争关系的其他用人单位任职,也不得自己生产与原单位有竞争关系的同类产品或经营同类业务。 中华人民共和国劳动合同法 第二十三条......对负有保密义务的劳动者,用人单位可以在劳动合同或者保密协议中与劳动者约定竞业限制条款,并约定在解除或者终止劳动合同后,在竞业限制期限内按月给予劳动者经济补偿。劳动者违反竞业限制约定的,应当按照约定向用人单位支付违约金。 第二十四条竞业限制的人员限于用人单位的高级管理人员、高级技术人员和其他负有保密义务的人员。竞业限制的范围、地域、期限由用人单位与劳动者约定,竞业限制的约定不得违反法律、法规的规定。 案例一:李某是A公司自主培养的高级管理人员。在职期间,李某与该公司签订了保密协议和竞业限制协议。两年后,李某离职,次日即入职相同经营范围和业务的B公司,任职相同岗位,负责相同产品生产。该产品生产技术属A公司“不为公众所知悉的技术信息”,A公司将李某诉至法院。法院经审理认为,李某违反了竞业限制义务,判决其向A公司支付赔偿金。 案例二:厨师刘某在某餐饮公司从事拌黄瓜等冷菜制作。公司认为刘某在制作过程中会掌握一些菜品秘方,双方签署了保密及竞业限制协议。刘某从该公司离职后,到其他餐馆从事冷菜制作。原公司以违反竞业限制协议为由起诉刘某,要求赔偿违约金及损失。法院经审理认为,餐饮公司与刘某签订的竞业限制协议应属无效。 结合材料,运用《法律与生活》知识,说明法律规定“竞业限制”并对其加以限制的原因。 22. 阅读材料,完成问题。 国家博物馆西大厅的巨型浮雕《愚公移山》以徐悲鸿1940年所作国画《愚公移山》为原本。“愚公移山”既指古代典籍中的“移山神话”,又指抗战期间各民族团结实现的“移山壮举”,彰显着中华民族的精神品格。 现在也有两座压在中国人民头上的大山,一座叫做帝国主义,一座叫做封建主义。中国共产党早就下了决心,要挖掉这两座山。我们一定要坚持下去,一定要不断地工作,我们也会感动上帝的。这个上帝不是别人,就是全中国的人民大众。全国人民大众一齐起来和我们一道挖这两座山,有什么挖不平呢? ——毛泽东,在中国共产党第七次全国代表大会上的闭幕词(1945年6月11日) 在马克思列宁主义、毛泽东思想的伟大旗帜下,全党、全军、全国各族人民紧密团结在党中央周围,继续发扬愚公移山的精神,同心同德,排除万难,为把我们的国家逐步建设成为现代化的、高度民主的、高度文明的社会主义强国而努力奋斗!我们的目的一定要达到!我们的目的一定能达到! ——关于建国以来党的若干历史问题的决议(1981年6月27日) 中国有个寓言叫“愚公移山”。讲的是几千年前,一个交通不便的山村里有位叫愚公的老人,下决心将挡在家门口的两座大山移开。亲戚和邻居都说不可能,但他力排众议,带 (8分) “竞业限制”是用人单位通过协议的方式对劳动者自由择业的合理限制,有利于保护知识产权,维护市场公平竞争,推动社会创新。李某作为负有保密义务的劳动者,泄露公司商业秘密,违反协议约定,应当承担违约责任。若不对“竞业限制”加以限制则可能侵犯劳动者的基本劳动权利,阻碍人才资源合理配置。刘某作为公司普通员工,并非负有保密义务的人员,餐饮公司与其签订的竞业限制协议违反了相关法律规定,协议无效。法律规"
2025_海淀_期末,22#B4_CULTURE_COMPONENT,22,target_component,B4_CULTURE,included,FINAL_Q22_B4_CULTURE_COMPONENT_YUGONG_SPIRIT,"中华优秀传统文化,中华民族精神,愚公精神",第 22 题细则明列中华优秀传统文化、中华民族精神；民族精神属于文化，必须抽入文化组件。,/Users/wanglifei/Desktop/2025模拟题/2025各区期末/2025海淀期末/试卷/试卷.docx | /Users/wanglifei/Desktop/2025模拟题/2025各区期末/2025海淀期末/细则/细则.pptx,paper|rubric,"22. 阅读材料,完成问题。 国家博物馆西大厅的巨型浮雕《愚公移山》以徐悲鸿1940年所作国画《愚公移山》为原本。“愚公移山”既指古代典籍中的“移山神话”,又指抗战期间各民族团结实现的“移山壮举”,彰显着中华民族的精神品格。 现在也有两座压在中国人民头上的大山,一座叫做帝国主义,一座叫做封建主义。中国共产党早就下了决心,要挖掉这两座山。我们一定要坚持下去,一定要不断地工作,我们也会感动上帝的。这个上帝不是别人,就是全中国的人民大众。全国人民大众一齐起来和我们一道挖这两座山,有什么挖不平呢? ——毛泽东,在中国共产党第七次全国代表大会上的闭幕词(1945年6月11日) 在马克思列宁主义、毛泽东思想的伟大旗帜下,全党、全军、全国各族人民紧密团结在党中央周围,继续发扬愚公移山的精神,同心同德,排除万难,为把我们的国家逐步建设成为现代化的、高度民主的、高度文明的社会主义强国而努力奋斗!我们的目的一定要达到!我们的目的一定能达到! ——关于建国以来党的若干历史问题的决议(1981年6月27日) 中国有个寓言叫“愚公移山”。讲的是几千年前,一个交通不便的山村里有位叫愚公的老人,下决心将挡在家门口的两座大山移开。亲戚和邻居都说不可能,但他力排众议,带着子孙日复一日挖土移山。他说,山不会加大增高,人却子孙无穷,只要持之以恒,总有一天会把大山搬走。愚公的精神感动了天神,两座山在人和神的共同努力下被移开了,愚公的家乡同外界实现了互联互通。 ——习近平,在“加强互联互通伙伴关系”东道主伙伴对话会上的讲话 (2014年11月8日) 结合材料,综合运用所学,围绕“愚公移山”这一主题,自选角度,自拟题目,撰写一篇短文。 要求:观点鲜明:可以全面论述,也可以就某一点深入分析;知识运用准确、贴切;论述合乎逻辑,条理清晰;200字左右。 22.(9分) 可从中国共产党的领导、中国式现代化、中国梦、中华优秀传统文化、中华民族精神、质量互变规律、人类命运共同体等角度作答。 22.细则 一、短文形式部分(共3分): ·标题:1分 ·分段:1分。注:画圈不给分,分的不清楚不给分。 ·层次:1分。注:愚公精神的内涵、愚公精神的形成、愚公精神的力量/作用、如何坚持/弘扬愚公精神等层次中,至少要写出两个。 二、知识部分(共4分): ·知识1分+材料1分 ·知识1分+材料1分三、其他(共2分) ·综合运用,即至少使用两个模块知识+1分 注:哲学文化是一个模块 ·论述充分,能用准确的知识,充分论述材料+1分 可选用知识:必修一: 中国梦、中华民族伟大复兴、中国式现代化、 两个结合、中国特色社会主义道路 必修三: 坚持党的领导、坚持以人民为中心 必修四: 质量互变规律、人民主体地位、主观能动性、价值观;中华优秀传统文化、中华民族精神 选必一: 人类命运共同体、中国智慧中国方案 (以上都是学生答案中较为常见的,其他知识 言之成理即可得分) 第一类错误: 不符合短文形式 第一类错误: 不符合短文形式 标题的错误示范: 第一类错误: 不符合短文形式: 没有层次 第二类错误示范:只有知识 or 只有材料 第三类错误:没有综合运用 多个模块的知识 第三类错误:论述不充分 优秀示例: 优秀示例: 重视教材、研读教材、用好教材(如探究与分享、综合探究) 把握主干知识,引导学生建构知识体系(如辩证法,民法等) 讲请讲透,引导学生准确理解重点难点问题(如形式逻辑、侵权、违约、法 治经济) 关注学情变化,引导学生形成清晰有条理的表达习惯(如组织答案要点、写短文) 合理使用各区模拟题,处理好复习与练习的关系"
2025_海淀_期末,22#B3_COMPONENT,22,target_component,B3_POLITICS_RULE_OF_LAW,included,FINAL_Q22_B3_COMPONENT_PARTY_PEOPLE,"中国共产党的领导,坚持党的领导,坚持以人民为中心",第 22 题细则可选知识包含党的领导和以人民为中心，抽入必修三组件。,/Users/wanglifei/Desktop/2025模拟题/2025各区期末/2025海淀期末/试卷/试卷.docx | /Users/wanglifei/Desktop/2025模拟题/2025各区期末/2025海淀期末/细则/细则.pptx,paper|rubric,"22. 阅读材料,完成问题。 国家博物馆西大厅的巨型浮雕《愚公移山》以徐悲鸿1940年所作国画《愚公移山》为原本。“愚公移山”既指古代典籍中的“移山神话”,又指抗战期间各民族团结实现的“移山壮举”,彰显着中华民族的精神品格。 现在也有两座压在中国人民头上的大山,一座叫做帝国主义,一座叫做封建主义。中国共产党早就下了决心,要挖掉这两座山。我们一定要坚持下去,一定要不断地工作,我们也会感动上帝的。这个上帝不是别人,就是全中国的人民大众。全国人民大众一齐起来和我们一道挖这两座山,有什么挖不平呢? ——毛泽东,在中国共产党第七次全国代表大会上的闭幕词(1945年6月11日) 在马克思列宁主义、毛泽东思想的伟大旗帜下,全党、全军、全国各族人民紧密团结在党中央周围,继续发扬愚公移山的精神,同心同德,排除万难,为把我们的国家逐步建设成为现代化的、高度民主的、高度文明的社会主义强国而努力奋斗!我们的目的一定要达到!我们的目的一定能达到! ——关于建国以来党的若干历史问题的决议(1981年6月27日) 中国有个寓言叫“愚公移山”。讲的是几千年前,一个交通不便的山村里有位叫愚公的老人,下决心将挡在家门口的两座大山移开。亲戚和邻居都说不可能,但他力排众议,带着子孙日复一日挖土移山。他说,山不会加大增高,人却子孙无穷,只要持之以恒,总有一天会把大山搬走。愚公的精神感动了天神,两座山在人和神的共同努力下被移开了,愚公的家乡同外界实现了互联互通。 ——习近平,在“加强互联互通伙伴关系”东道主伙伴对话会上的讲话 (2014年11月8日) 结合材料,综合运用所学,围绕“愚公移山”这一主题,自选角度,自拟题目,撰写一篇短文。 要求:观点鲜明:可以全面论述,也可以就某一点深入分析;知识运用准确、贴切;论述合乎逻辑,条理清晰;200字左右。 22.(9分) 可从中国共产党的领导、中国式现代化、中国梦、中华优秀传统文化、中华民族精神、质量互变规律、人类命运共同体等角度作答。 22.细则 一、短文形式部分(共3分): ·标题:1分 ·分段:1分。注:画圈不给分,分的不清楚不给分。 ·层次:1分。注:愚公精神的内涵、愚公精神的形成、愚公精神的力量/作用、如何坚持/弘扬愚公精神等层次中,至少要写出两个。 二、知识部分(共4分): ·知识1分+材料1分 ·知识1分+材料1分三、其他(共2分) ·综合运用,即至少使用两个模块知识+1分 注:哲学文化是一个模块 ·论述充分,能用准确的知识,充分论述材料+1分 可选用知识:必修一: 中国梦、中华民族伟大复兴、中国式现代化、 两个结合、中国特色社会主义道路 必修三: 坚持党的领导、坚持以人民为中心 必修四: 质量互变规律、人民主体地位、主观能动性、价值观;中华优秀传统文化、中华民族精神 选必一: 人类命运共同体、中国智慧中国方案 (以上都是学生答案中较为常见的,其他知识 言之成理即可得分) 第一类错误: 不符合短文形式 第一类错误: 不符合短文形式 标题的错误示范: 第一类错误: 不符合短文形式: 没有层次 第二类错误示范:只有知识 or 只有材料 第三类错误:没有综合运用 多个模块的知识 第三类错误:论述不充分 优秀示例: 优秀示例: 重视教材、研读教材、用好教材(如探究与分享、综合探究) 把握主干知识,引导学生建构知识体系(如辩证法,民法等) 讲请讲透,引导学生准确理解重点难点问题(如形式逻辑、侵权、违约、法 治经济) 关注学情变化,引导学生形成清晰有条理的表达习惯(如组织答案要点、写短文) 合理使用各区模拟题,处理好复习与练习的关系"
