suite_id,year,district,stage,source_type,file_path,sha256,handoff_status,extraction_status,text_path,text_char_count,text_sha256,usable_as_rubric,reference_answer_warning,duplicate_source_count
2024_unknown_district_unknown_stage,2024,,,paper,/Users/wanglifei/Desktop/2024模拟题/北京2024各区《经济与社会》考题-wlfwlf.docx,be4202246df34b0cb4949bc07dece974ad1895cf9b729c3ef5ed838c9debad26,ai_readable_text_ready,raw-extracted,/Users/wanglifei/Desktop/北京高考政治/reports/必修二三与必修四文化_题源分类准备_20260617_1301/02_text_cache/texts/be4202246df34b0c.txt,14751,f71bed48de362645277b7942a4f18a311b5f7c56ec93ae44f7420fdb50a21d0d,no,,0
2024_unknown_district_unknown_stage,2024,,,paper,/Users/wanglifei/Desktop/2024模拟题/北京及2024各区《经济与社会》考题-wlf.pdf,9a3f865ff2f0fabe473781a26ada28a934a996b2268a5fb30a8f44803e6926a5,ai_readable_text_ready,raw-extracted,/Users/wanglifei/Desktop/北京高考政治/reports/必修二三与必修四文化_题源分类准备_20260617_1301/02_text_cache/texts/9a3f865ff2f0fabe.txt,16010,a9c50700509eeb309f99fc62dfb4bdd1d87faabe53739470b632b94fcaedb69b,no,,0
2024_unknown_district_一模,2024,,一模,module-classification,/Users/wanglifei/Desktop/2024模拟题/202404各区一模试题分类（按模块）/2024届各区一模试题分类汇编必修1.docx,14501f7fbb96e038af1fe21b95440a26ed02eb944856cc9815ca1e5b867d6a90,ai_readable_text_ready,cache-hit,/Users/wanglifei/Desktop/北京高考政治/reports/必修二三与必修四文化_题源分类准备_20260617_1301/02_text_cache/texts/14501f7fbb96e038.txt,3727,9b42311da2134390f2c85c693c863bf8d368d5bc894d0c5e111b8da291e452ce,no,,1
2024_unknown_district_一模,2024,,一模,module-classification,/Users/wanglifei/Desktop/2024模拟题/202404各区一模试题分类（按模块）/2024届各区一模试题分类汇编必修2 .docx,3965bc306d35c89f6ed5fb4cecb7b71379c7f669fd63ab423ed0cfe9f9174b3b,ai_readable_text_ready,cache-hit,/Users/wanglifei/Desktop/北京高考政治/reports/必修二三与必修四文化_题源分类准备_20260617_1301/02_text_cache/texts/3965bc306d35c89f.txt,10096,5bed4971f058e10165f059a8a457bdb2c2a04a4a5e20039c756956ca77f68707,no,,1
2024_unknown_district_一模,2024,,一模,module-classification,/Users/wanglifei/Desktop/2024模拟题/202404各区一模试题分类（按模块）/2024届各区一模试题分类汇编必修3.docx,b2adb9acbea551522631e403a779ff7ac1afdd1e47127b987f5e13f4a6e2ae9d,ai_readable_text_ready,cache-hit,/Users/wanglifei/Desktop/北京高考政治/reports/必修二三与必修四文化_题源分类准备_20260617_1301/02_text_cache/texts/b2adb9acbea55152.txt,11761,69f8abcaa7df0597f1dfb4fbafe7966fd16c1325d3cffae8b22e936fe36ed5e5,no,,1
2024_unknown_district_一模,2024,,一模,module-classification,/Users/wanglifei/Desktop/2024模拟题/202404各区一模试题分类（按模块）/2024届各区一模试题分类汇编必修4.docx,3423b62eb032b5df1dd18b865bb05d7b34056cae623407b593e36d437bf4b510,ai_readable_text_ready,cache-hit,/Users/wanglifei/Desktop/北京高考政治/reports/必修二三与必修四文化_题源分类准备_20260617_1301/02_text_cache/texts/3423b62eb032b5df.txt,10920,f2d1d2707177610f9f2d8b169845e1ccf0cff92433ebdae46f185cb1aad9d61d,no,,1
2024_unknown_district_一模,2024,,一模,module-classification,/Users/wanglifei/Desktop/2024模拟题/202404各区一模试题分类（按模块）/2024届各区一模试题分类汇编选必1.docx,0f4414a153ba94c0b74d4eb708a13665083b340508ddbc103ff4d9f775620f1d,ai_readable_text_ready,cache-hit,/Users/wanglifei/Desktop/北京高考政治/reports/必修二三与必修四文化_题源分类准备_20260617_1301/02_text_cache/texts/0f4414a153ba94c0.txt,11362,88210c3db69e5f8e657903cb88c6de8536b08641416a74f2635f97d386b6159f,no,,1
2024_unknown_district_一模,2024,,一模,module-classification,/Users/wanglifei/Desktop/2024模拟题/202404各区一模试题分类（按模块）/2024届各区一模试题分类汇编选必2.docx,c22ac0d594c5a7bb0cbb23196f15e2e7fbcfdbbf89dcc221ce9cc83c235269e1,ai_readable_text_ready,cache-hit,/Users/wanglifei/Desktop/北京高考政治/reports/必修二三与必修四文化_题源分类准备_20260617_1301/02_text_cache/texts/c22ac0d594c5a7bb.txt,12300,935a97cce5bb126244146ded75d11e2a70deefcfaa646d457dbe336ed098ced9,no,,1
2024_unknown_district_一模,2024,,一模,module-classification,/Users/wanglifei/Desktop/2024模拟题/202404各区一模试题分类（按模块）/2024届各区一模试题分类汇编选必3.doc,4b25cddd4dc2992de1001f813db329ed483a2c3c3c8d5197bb13f59e61b5218f,ai_readable_text_ready,cache-hit,/Users/wanglifei/Desktop/北京高考政治/reports/必修二三与必修四文化_题源分类准备_20260617_1301/02_text_cache/texts/4b25cddd4dc2992d.txt,9010,fd81e00eaf3c23bccb551fb4bb989ad7793f5135f281204b8375f1880632131f,no,,1
2024_东城_一模,2024,东城,一模,paper,/Users/wanglifei/Desktop/2024模拟题/2024东城一模/试卷/试卷.pdf,74cdfac9253763bf12c9443d036ebbeab12693ba7015a2f335d19ccfcab6d96b,ai_readable_text_ready,cache-hit,/Users/wanglifei/Desktop/北京高考政治/reports/必修二三与必修四文化_题源分类准备_20260617_1301/02_text_cache/texts/74cdfac9253763bf.txt,832,6a1e4dca79d6b24e53ec4b77af0ab334ad6c24fee781151b391023d900343135,no,,1
2024_东城_一模,2024,东城,一模,rubric,/Users/wanglifei/Desktop/2024模拟题/2024东城一模/细则/细则.pptx,4b2073bcc9e26f626b49b66dd6e0c64ec93650292d50719806830d7aea9fa3ce,ai_readable_text_ready,cache-hit,/Users/wanglifei/Desktop/北京高考政治/reports/必修二三与必修四文化_题源分类准备_20260617_1301/02_text_cache/texts/4b2073bcc9e26f62.txt,9089,2d901c95a06e5c3e02ca88d33f186df5a90bed12c00756bd0ea9865bb4a1c5a4,yes,,1
2024_东城_一模,2024,东城,一模,rubric,/Users/wanglifei/Desktop/2024模拟题/2024东城一模/细则/补充材料/北京市东城区2023-2024学年度第二学期高三综合练习（一）思想政治答案(1).pdf,7b4eece2963205d8ac02ef13063307a3dad70cf6542b6169f3ed34276f16e115,ai_readable_text_ready,cache-hit,/Users/wanglifei/Desktop/北京高考政治/reports/必修二三与必修四文化_题源分类准备_20260617_1301/02_text_cache/texts/7b4eece2963205d8.txt,834,5d494ed698c685b0f3b9b4b3ba10338f849854dc7bb9ca95d616c7cafb3e19d0,yes,,1
2024_东城_二模,2024,东城,二模,paper,/Users/wanglifei/Desktop/2024模拟题/东城二模/试卷/试卷.pdf,da9fdcae666d34128190db5418c8c6730e7f002442ec3953c614cc2f568ccb0f,ai_readable_text_ready,cache-hit,/Users/wanglifei/Desktop/北京高考政治/reports/必修二三与必修四文化_题源分类准备_20260617_1301/02_text_cache/texts/da9fdcae666d3412.txt,826,60943e25ac867c940cd17d2d408568dac050ddd1ae45ce2644467ca2e5dcc0b2,no,,1
2024_东城_二模,2024,东城,二模,rubric,/Users/wanglifei/Desktop/2024模拟题/东城二模/细则/分题细则/阅卷总结/16题/16题二模阅卷总结.docx,3fe06deac367805d39bc33669269116e42be7e0e03a8f09f14961f5b37532691,ai_readable_text_ready,cache-hit,/Users/wanglifei/Desktop/北京高考政治/reports/必修二三与必修四文化_题源分类准备_20260617_1301/02_text_cache/texts/3fe06deac367805d.txt,1603,46eb0f39f6c1422adeea2177503c9f494507353b8bc0f8b2885bb4e56d2a6bf6,yes,,1
2024_东城_二模,2024,东城,二模,rubric,/Users/wanglifei/Desktop/2024模拟题/东城二模/细则/分题细则/阅卷总结/16题/16题评分细则.pptx,896b0f378cbdeb1f970df2a3b24e3cd6fdcb261cfd3ad4cd94b167d6d0a98e08,ai_readable_text_ready,cache-hit,/Users/wanglifei/Desktop/北京高考政治/reports/必修二三与必修四文化_题源分类准备_20260617_1301/02_text_cache/texts/896b0f378cbdeb1f.txt,1389,19ad4b0f30371015f92541e6d42d8b45613d6514b7691975b07fac088bf00192,yes,,1
2024_东城_二模,2024,东城,二模,rubric,/Users/wanglifei/Desktop/2024模拟题/东城二模/细则/分题细则/阅卷总结/17题/17(1).docx,47c34e3af056b334dd996f812b5d42727be3702de4feafbae10f229544f7bd08,ai_readable_text_ready,cache-hit,/Users/wanglifei/Desktop/北京高考政治/reports/必修二三与必修四文化_题源分类准备_20260617_1301/02_text_cache/texts/47c34e3af056b334.txt,797,5047dcc81b9a39e73da518e77bb8fe71b14088bf2f4bd310143366e2c1dc1c56,yes,,1
2024_东城_二模,2024,东城,二模,rubric,/Users/wanglifei/Desktop/2024模拟题/东城二模/细则/分题细则/阅卷总结/17题/17-2.docx,72fd64a3dddd2c89bbd06e5e6328db85aeec5424a2831210e2a8e9bc114c1530,ai_readable_text_ready,cache-hit,/Users/wanglifei/Desktop/北京高考政治/reports/必修二三与必修四文化_题源分类准备_20260617_1301/02_text_cache/texts/72fd64a3dddd2c89.txt,1123,c0dd9a68f3fa11f0133eb989929ccdd51e768cf82fa05d387f9319e4747017d1,yes,,1
2024_东城_二模,2024,东城,二模,rubric,/Users/wanglifei/Desktop/2024模拟题/东城二模/细则/分题细则/阅卷总结/18题/18(1).docx,4238b9f0bc92fe5b3f58323b74891534a8d8f75090bde8bdfbe250ad6eb8b270,ai_readable_text_ready,cache-hit,/Users/wanglifei/Desktop/北京高考政治/reports/必修二三与必修四文化_题源分类准备_20260617_1301/02_text_cache/texts/4238b9f0bc92fe5b.txt,1128,bbc0c4f98762be797ba4590f3665b12bdf74bb5bc4d1779efe672a36025956c5,yes,,1
2024_东城_二模,2024,东城,二模,rubric,/Users/wanglifei/Desktop/2024模拟题/东城二模/细则/分题细则/阅卷总结/18题/18（2）.docx,6c445538df98876c8f6403311e9861f6eb6e197842299ee1eaa4b6e128e47774,ai_readable_text_ready,cache-hit,/Users/wanglifei/Desktop/北京高考政治/reports/必修二三与必修四文化_题源分类准备_20260617_1301/02_text_cache/texts/6c445538df98876c.txt,1927,e694b846a2843a3dab341ebbb970beb35ec164aae8bf5969fd75f3de36a6c0a0,yes,,1
2024_东城_二模,2024,东城,二模,rubric,/Users/wanglifei/Desktop/2024模拟题/东城二模/细则/分题细则/阅卷总结/19题/19（1）.docx,d682ecb2695e5e33707dce0cdd1b130fe562eee0beb49bd6a6062cb1e8565394,ai_readable_text_ready,cache-hit,/Users/wanglifei/Desktop/北京高考政治/reports/必修二三与必修四文化_题源分类准备_20260617_1301/02_text_cache/texts/d682ecb2695e5e33.txt,1523,a0132b7bb578017aa8669c52b89dcb55fc56f7ea743b563873a72bb1a21a41b9,yes,,1
2024_东城_二模,2024,东城,二模,rubric,/Users/wanglifei/Desktop/2024模拟题/东城二模/细则/分题细则/阅卷总结/19题/19（2）.docx,5c18cbecb82d97a6baea3a713f8752aa6b823aac2abaa987d8f4667a7dd3e6c8,ai_readable_text_ready,cache-hit,/Users/wanglifei/Desktop/北京高考政治/reports/必修二三与必修四文化_题源分类准备_20260617_1301/02_text_cache/texts/5c18cbecb82d97a6.txt,556,db781a967e190203abd68bda384d1812f41622565c7e283104b8852da56210fa,yes,,1
2024_东城_二模,2024,东城,二模,rubric,/Users/wanglifei/Desktop/2024模拟题/东城二模/细则/分题细则/阅卷总结/21题/20小题二模阅卷总结.docx,4c98484a2246ecdd9e1f7c2d58679a3fe54dbb2e95ea6d588c3220e6ea00bf13,ai_readable_text_ready,cache-hit,/Users/wanglifei/Desktop/北京高考政治/reports/必修二三与必修四文化_题源分类准备_20260617_1301/02_text_cache/texts/4c98484a2246ecdd.txt,716,47983b1d799157c468c41d344c2e8f3ae4630713e8eabd9d1ab9a2434116ebd1,yes,,1
2024_东城_二模,2024,东城,二模,rubric,/Users/wanglifei/Desktop/2024模拟题/东城二模/细则/分题细则/阅卷总结/21题/21.docx,9019906692e8a1e9fc0c653ac39c94544d0e02c717790f7fad5e84f79b68cd11,ai_readable_text_ready,cache-hit,/Users/wanglifei/Desktop/北京高考政治/reports/必修二三与必修四文化_题源分类准备_20260617_1301/02_text_cache/texts/9019906692e8a1e9.txt,1241,30aa27f2ccd1059bd50d6942cba1aa52081b4886a1315c0139ee9dff2cba5c69,yes,,1
2024_东城_二模,2024,东城,二模,rubric,/Users/wanglifei/Desktop/2024模拟题/东城二模/细则/分题细则/阅卷总结/21题/21题(1).pptx,bdc183dc9541edf3ec26e517b9b69ed5e59bc4ae2bb558bf66b766e5842e835d,ai_readable_text_ready,cache-hit,/Users/wanglifei/Desktop/北京高考政治/reports/必修二三与必修四文化_题源分类准备_20260617_1301/02_text_cache/texts/bdc183dc9541edf3.txt,1877,6c6ae3736ca4dc4897434ed31f72206cc0fe05d259c51c6e9a62a020f81279fd,yes,,1
2024_东城_二模,2024,东城,二模,rubric,/Users/wanglifei/Desktop/2024模拟题/东城二模/细则/补充材料/细则.pdf,8db78abe18de23092b76d0e9c9e32751026a31b07b1c3fad790b52daa3dbf842,ai_readable_text_ready,cache-hit,/Users/wanglifei/Desktop/北京高考政治/reports/必修二三与必修四文化_题源分类准备_20260617_1301/02_text_cache/texts/8db78abe18de2309.txt,834,37b24bb5928825e674da1397cb0260999db665a9cb6031eea3f0d755b11de37b,yes,,1
2024_丰台_一模,2024,丰台,一模,paper,/Users/wanglifei/Desktop/2024模拟题/丰台一模/试卷/试卷.pdf,4800d0b858f0ede60439e12a5beb3bc2fc32754fa602054f5f6fd74ce4bb6bc4,ai_readable_text_ready,cache-hit,/Users/wanglifei/Desktop/北京高考政治/reports/必修二三与必修四文化_题源分类准备_20260617_1301/02_text_cache/texts/4800d0b858f0ede6.txt,992,6601b17db01adb17abd6761a2f7be030efa8fb0960809420d82d8002cee953c9,no,,1
2024_丰台_一模,2024,丰台,一模,reference-answer,/Users/wanglifei/Desktop/2024模拟题/丰台一模/试卷/补充材料/2024北京丰台高三一模政治试题及答案.pdf,5f5486bfc3baab2bc1a8e43b06b8aac6377e1402d4402e5d0bb90ad292755521,ai_readable_text_ready,cache-hit,/Users/wanglifei/Desktop/北京高考政治/reports/必修二三与必修四文化_题源分类准备_20260617_1301/02_text_cache/texts/5f5486bfc3baab2b.txt,8588,b7c3cdff1864c9edff4984d4ef9ad2e932ef971a1b94c365bc8fab840a4b0107,no,do_not_use_as_rubric,1
2024_丰台_一模,2024,丰台,一模,rubric,/Users/wanglifei/Desktop/2024模拟题/丰台一模/细则/细则.docx,950d6b2d3cdda441625d9b2a0c2329d7ae34212d804c3fe005a66b23fb369a49,ai_readable_text_ready,cache-hit,/Users/wanglifei/Desktop/北京高考政治/reports/必修二三与必修四文化_题源分类准备_20260617_1301/02_text_cache/texts/950d6b2d3cdda441.txt,4572,430b92fa1fbf399b13659599d71d94b01163b55cbd39f725752234a2d6ea54fc,yes,,1
2024_丰台_二模,2024,丰台,二模,paper,/Users/wanglifei/Desktop/2024模拟题/丰台二模/试卷/试卷.pdf,57ddd500c48eeec9f821b74e2b9676696c1b1ea8f727fb39e33e2e46626f36fc,ai_readable_text_ready,cache-hit,/Users/wanglifei/Desktop/北京高考政治/reports/必修二三与必修四文化_题源分类准备_20260617_1301/02_text_cache/texts/57ddd500c48eeec9.txt,740,df04f06bf420b78b956ca167a4a59e78c5dfe869493daaf2e391565e4c47d243,no,,1
2024_丰台_二模,2024,丰台,二模,rubric,/Users/wanglifei/Desktop/2024模拟题/丰台二模/细则/细则.docx,71fcaa9e66afc5db6c6622c198276a430335b4df2029694dba5100727f1652c6,ai_readable_text_ready,cache-hit,/Users/wanglifei/Desktop/北京高考政治/reports/必修二三与必修四文化_题源分类准备_20260617_1301/02_text_cache/texts/71fcaa9e66afc5db.txt,3777,843f0e1a0646a999d76a30d842e605f0510816751caf3683759b6c1a19fce036,yes,,1
2024_朝阳_一模,2024,朝阳,一模,paper,/Users/wanglifei/Desktop/2024模拟题/2024朝阳一模/试卷/试卷.pdf,25b655e73b7424e7aa7bb467e71553461c8133b8e7e161e6d9de575176b949cc,ai_readable_text_ready,cache-hit,/Users/wanglifei/Desktop/北京高考政治/reports/必修二三与必修四文化_题源分类准备_20260617_1301/02_text_cache/texts/25b655e73b7424e7.txt,6836,037df3560feaa14afd8e48b9deb712a6671f85926fe10f0dafb358ad781c3c43,no,,1
2024_朝阳_一模,2024,朝阳,一模,rubric,/Users/wanglifei/Desktop/2024模拟题/2024朝阳一模/细则/细则.pptx,d64506799887753ee409ebc7e63cf977de6843f62f7ebb327b6cca74477a8272,ai_readable_text_ready,cache-hit,/Users/wanglifei/Desktop/北京高考政治/reports/必修二三与必修四文化_题源分类准备_20260617_1301/02_text_cache/texts/d64506799887753e.txt,10647,710753fcfd62e9e62432d72e367e827a6c4bcd409a47c0272eb80b84f9f843a8,yes,,3
2024_朝阳_一模,2024,朝阳,一模,rubric,/Users/wanglifei/Desktop/2024模拟题/2024朝阳一模/细则/补充材料/细则.docx,f6013d54b52c02dcf40a2ff1f845c124598281324f98545a577914b901e7688c,ai_readable_text_ready,cache-hit,/Users/wanglifei/Desktop/北京高考政治/reports/必修二三与必修四文化_题源分类准备_20260617_1301/02_text_cache/texts/f6013d54b52c02dc.txt,1859,8a35a8b077b32f04419c3737b759989b56d7763a75af602b1f205fde9de5ce4c,yes,,1
2024_朝阳_二模,2024,朝阳,二模,paper,/Users/wanglifei/Desktop/2024模拟题/2024朝阳二模/试卷/试卷.pdf,9223488a4b5e6f80ad8c2b56a1eb09e4c2f5bfed13ce12ac2f0a2cccc7d46dce,ai_readable_text_ready,cache-hit,/Users/wanglifei/Desktop/北京高考政治/reports/必修二三与必修四文化_题源分类准备_20260617_1301/02_text_cache/texts/9223488a4b5e6f80.txt,8752,65c035bc622d60abde5024767226495ceab8d35e0fd5d68286b4dad0e5c30dd1,no,,1
2024_朝阳_二模,2024,朝阳,二模,rubric,/Users/wanglifei/Desktop/2024模拟题/2024朝阳二模/细则/细则.pdf,84218459671af8ac66324584cd608c778703ef44e2eda745694745b53e3de302,ai_readable_text_ready,cache-hit,/Users/wanglifei/Desktop/北京高考政治/reports/必修二三与必修四文化_题源分类准备_20260617_1301/02_text_cache/texts/84218459671af8ac.txt,5865,75c554e53e146248f52ed458d13c63cd7e779fc9435cee9b6f70e55d4dcf6454,yes,,1
2024_朝阳_二模,2024,朝阳,二模,rubric,/Users/wanglifei/Desktop/2024模拟题/2024朝阳二模/细则/补充材料/细则.docx,f7c4cc4ac52ecefd124cb890fb4f0e117c7a9312d2f51a97d6e2d102e3ef4cf1,ai_readable_text_ready,cache-hit,/Users/wanglifei/Desktop/北京高考政治/reports/必修二三与必修四文化_题源分类准备_20260617_1301/02_text_cache/texts/f7c4cc4ac52ecefd.txt,1747,064b67691e8d15454d4ea27cc5f0a459c309c1184b689f01270739d5bc2e53e8,yes,,1
2024_朝阳_期中,2024,朝阳,期中,paper,/Users/wanglifei/Desktop/2024模拟题/2024朝阳期中/试卷/试卷.pdf,0a50f76fd1e1c50fc92b340a7d9f874bab34cd33def4aae1c4bb4ad9681a405e,ai_readable_text_ready,cache-hit,/Users/wanglifei/Desktop/北京高考政治/reports/必修二三与必修四文化_题源分类准备_20260617_1301/02_text_cache/texts/0a50f76fd1e1c50f.txt,7806,b19d985572a0da1d6fc023e76c2b626ea26db1b6a6cc41f2268f73e6b1fa3575,no,,3
2024_朝阳_期中,2024,朝阳,期中,rubric,/Users/wanglifei/Desktop/2024模拟题/2024朝阳期中/细则/细则.docx,0f8ea3bbe2629d2f6b750e3d95a3505f2d664078ff4b03f2ca7845c70fb057d3,ai_readable_text_ready,cache-hit,/Users/wanglifei/Desktop/北京高考政治/reports/必修二三与必修四文化_题源分类准备_20260617_1301/02_text_cache/texts/0f8ea3bbe2629d2f.txt,4977,c1bc93f75445877849776c161cfa8c2bc3d91ca69e3a9f2a698bd91ea54677ae,yes,,1
2024_朝阳_期中,2024,朝阳,期中,rubric,/Users/wanglifei/Desktop/2024模拟题/2024朝阳期中/细则/补充材料/2024.11期中政治朝阳评标2.docx,92a268ce852f69446644c8427066cccff0fd143bdc9ff70a4d813f1c3b82d261,ai_readable_text_ready,cache-hit,/Users/wanglifei/Desktop/北京高考政治/reports/必修二三与必修四文化_题源分类准备_20260617_1301/02_text_cache/texts/92a268ce852f6944.txt,14604,97860479b8a308b3707767d08b26285dae0da91388eb4e1b107e6e6b745ca0ec,yes,,1
2024_海淀_一模,2024,海淀,一模,paper,/Users/wanglifei/Desktop/2024模拟题/2024海淀一模/试卷/试卷.pdf,4bc0edec2a08a90ef83b813fd06a431d5ee7a1fc68cf77bd65b2c98d553d2eaa,ai_readable_text_ready,cache-hit,/Users/wanglifei/Desktop/北京高考政治/reports/必修二三与必修四文化_题源分类准备_20260617_1301/02_text_cache/texts/4bc0edec2a08a90e.txt,8195,73e4973311a461fe161ce5de383ad6711d921b5fd24a1db91439520ff3ae7144,no,,1
2024_海淀_一模,2024,海淀,一模,rubric,/Users/wanglifei/Desktop/2024模拟题/2024海淀一模/细则/细则.docx,b692254ceb1b81747ef1b03d5e5f42daeb261dab7b8951bcbb992980e56ad378,ai_readable_text_ready,cache-hit,/Users/wanglifei/Desktop/北京高考政治/reports/必修二三与必修四文化_题源分类准备_20260617_1301/02_text_cache/texts/b692254ceb1b8174.txt,2976,e275319f04959869cbd160392a15a478779bdbe575d9dc9a792dc91e4f8072e3,yes,,1
2024_海淀_一模,2024,海淀,一模,rubric,/Users/wanglifei/Desktop/2024模拟题/2024海淀一模/细则/补充材料/一模政治-答案.docx,98d1d762f302004f8166a9f61d972313912724efef27025c64f909cc1b585c65,ai_readable_text_ready,cache-hit,/Users/wanglifei/Desktop/北京高考政治/reports/必修二三与必修四文化_题源分类准备_20260617_1301/02_text_cache/texts/98d1d762f302004f.txt,1497,706fa68af77ce56ed3756337dd12a0669d0c0449eac8f2df2c4a10f39b23e390,yes,,1
2024_海淀_二模,2024,海淀,二模,paper,/Users/wanglifei/Desktop/2024模拟题/海淀二模/试卷/补充材料/高三二模：政治试题（以PDF为准）(1).docx,13d454fdd813a0391d5dae21dbec99376ac2068d752173587130d5f266037572,ai_readable_text_ready,cache-hit,/Users/wanglifei/Desktop/北京高考政治/reports/必修二三与必修四文化_题源分类准备_20260617_1301/02_text_cache/texts/13d454fdd813a039.txt,7717,cc181def080f7598d42d17142fac40329438babae88eb3abedff94df58bbfae6,no,,1
2024_海淀_二模,2024,海淀,二模,paper,/Users/wanglifei/Desktop/2024模拟题/海淀二模/试卷/试卷.pdf,5355283f436e322953d1c6cb1f07663915a738594d8733a379aaf1109b31385c,ai_readable_text_ready,cache-hit,/Users/wanglifei/Desktop/北京高考政治/reports/必修二三与必修四文化_题源分类准备_20260617_1301/02_text_cache/texts/5355283f436e3229.txt,7627,9fdf7cf05b15803c0d295cddc71cf93136b77239374eb3ca8f4593c032a01016,no,,1
2024_海淀_二模,2024,海淀,二模,rubric,/Users/wanglifei/Desktop/2024模拟题/海淀二模/细则/细则.docx,227192d22e10241b73c445e7ab168c6f7317999c99d908aa84621a38b0b544e7,ai_readable_text_ready,cache-hit,/Users/wanglifei/Desktop/北京高考政治/reports/必修二三与必修四文化_题源分类准备_20260617_1301/02_text_cache/texts/227192d22e10241b.txt,2654,0ccdd96db5dae285d8d4636ce947b4af8823073d958ce050dad3ac09cc17b823,yes,,1
2024_海淀_二模,2024,海淀,二模,rubric,/Users/wanglifei/Desktop/2024模拟题/海淀二模/细则/补充材料/高三二模：政治答案(2).docx,8f109fb09efc0c6ae1ffbad76a5ad99bf071a766b0e8c512247d468dc37fc6b3,ai_readable_text_ready,cache-hit,/Users/wanglifei/Desktop/北京高考政治/reports/必修二三与必修四文化_题源分类准备_20260617_1301/02_text_cache/texts/8f109fb09efc0c6a.txt,1574,f9f50426798f35fb0a44a7e7deb8a206d24c3612b5d690608d7cb79e4f38bcea,yes,,1
2024_海淀_期中,2024,海淀,期中,paper,/Users/wanglifei/Desktop/2024模拟题/2024海淀期中/试卷/试卷.pdf,16c75dff224a222c0e7ba19eb0e6a147560e92549376e7859b830b2f1449f512,ai_readable_text_ready,cache-hit,/Users/wanglifei/Desktop/北京高考政治/reports/必修二三与必修四文化_题源分类准备_20260617_1301/02_text_cache/texts/16c75dff224a222c.txt,470,f1e981dc8a551b1bbdb529f38adfb6efa54cd502e52c09491dad2ebac993dd1a,no,,1
2024_海淀_期中,2024,海淀,期中,rubric,/Users/wanglifei/Desktop/2024模拟题/2024海淀期中/细则/细则.pdf,fee5258a9b7359d59a4bc6ed5cd3524d055ca156768bc04de81227f6397c3cee,ai_readable_text_ready,cache-hit,/Users/wanglifei/Desktop/北京高考政治/reports/必修二三与必修四文化_题源分类准备_20260617_1301/02_text_cache/texts/fee5258a9b7359d5.txt,14272,fbb948d836faadbeafe54cade944288efb88fc09d932446e572ea73d6c687a37,yes,,1
2024_石景山_一模,2024,石景山,一模,paper,/Users/wanglifei/Desktop/2024模拟题/石景山一模/试卷/试卷.docx,f581620be44a4c2cae69e737697ee15d754603627ddd385dd6be1c207c5e43f6,ai_readable_text_ready,cache-hit,/Users/wanglifei/Desktop/北京高考政治/reports/必修二三与必修四文化_题源分类准备_20260617_1301/02_text_cache/texts/f581620be44a4c2c.txt,8656,a393e483a22478ef32e5d8548651052bf694818dddea480de177f8b669c1ce97,no,,1
2024_石景山_一模,2024,石景山,一模,rubric,/Users/wanglifei/Desktop/2024模拟题/石景山一模/细则/细则.pptx,935b8ea1e01b3ba5839af0dcf7680952bcfce7b3d5f389c487f2d4c2b5581e83,ai_readable_text_ready,cache-hit,/Users/wanglifei/Desktop/北京高考政治/reports/必修二三与必修四文化_题源分类准备_20260617_1301/02_text_cache/texts/935b8ea1e01b3ba5.txt,11875,21761ac7fc220159a3a8a8b44dc77fdf8faea2aa9054b55a2fc3f1d8baf47e6c,yes,,1
2024_西城_一模,2024,西城,一模,paper,/Users/wanglifei/Desktop/2024模拟题/西城一模/试卷/试卷.docx,2aa2ee045f75ecd86ef7f244b034451ef8d587c96ea3805c41189bcb09b43e74,ai_readable_text_ready,cache-hit,/Users/wanglifei/Desktop/北京高考政治/reports/必修二三与必修四文化_题源分类准备_20260617_1301/02_text_cache/texts/2aa2ee045f75ecd8.txt,7099,97437a0ca0118c4cc0a53cb53303a456b5b59d3c7b738853c6b14ebef1960316,no,,1
2024_西城_一模,2024,西城,一模,rubric,/Users/wanglifei/Desktop/2024模拟题/西城一模/细则/细则.docx,f7bcf000f212cc694cabd0e1acf8ba29e5aa99810d2d5d25e839024388f97271,ai_readable_text_ready,cache-hit,/Users/wanglifei/Desktop/北京高考政治/reports/必修二三与必修四文化_题源分类准备_20260617_1301/02_text_cache/texts/f7bcf000f212cc69.txt,3081,de3632d03ecc73241ca51cce866c8b016ae2d08148653a5d9d9acedf21057d94,yes,,1
2024_西城_一模,2024,西城,一模,rubric,/Users/wanglifei/Desktop/2024模拟题/西城一模/细则/补充材料/2024.4高三统一测试思想政治答案.docx,91e28443e7a1bb0e34bca296c1123a8f31b6e7ed15bdb682f73f9dd8f5a8a0a2,ai_readable_text_ready,cache-hit,/Users/wanglifei/Desktop/北京高考政治/reports/必修二三与必修四文化_题源分类准备_20260617_1301/02_text_cache/texts/91e28443e7a1bb0e.txt,1695,1780918e300fa7dc38d31b7e54566b55df5a728a813cad375ed55def8bf694f8,yes,,1
2024_西城_二模,2024,西城,二模,marking-report,/Users/wanglifei/Desktop/2024模拟题/西城二模/其他材料/西城东城二模选择题讲评.pdf,0699487fb81048378f398686c741991c5716a610de8c25fb0da487e45cf9856b,ai_readable_text_ready,cache-hit,/Users/wanglifei/Desktop/北京高考政治/reports/必修二三与必修四文化_题源分类准备_20260617_1301/02_text_cache/texts/0699487fb8104837.txt,357,4179639b54a1a7017d5420989cc5e89b1f59448445acfef04a25c527c1b8d21b,yes,,1
2024_西城_二模,2024,西城,二模,marking-report,/Users/wanglifei/Desktop/2024模拟题/西城二模/其他材料/西城东城二模选择题讲评.pptx,5253381d5b61a9ecb068a7d70c91a358c07a3a368ba142ffc1bc20e44be07bfd,ai_readable_text_ready,cache-hit,/Users/wanglifei/Desktop/北京高考政治/reports/必修二三与必修四文化_题源分类准备_20260617_1301/02_text_cache/texts/5253381d5b61a9ec.txt,370,f363070374ec88441ba068cc99e974ed593899b841dc38555bce487455bf0796,yes,,1
2024_西城_二模,2024,西城,二模,paper,/Users/wanglifei/Desktop/2024模拟题/西城二模/试卷/试卷.docx,0dbd7271f7bf108d41417b2ffdd3f36dcd86ac93c99fe18a42b1bfee5565c0fc,ai_readable_text_ready,cache-hit,/Users/wanglifei/Desktop/北京高考政治/reports/必修二三与必修四文化_题源分类准备_20260617_1301/02_text_cache/texts/0dbd7271f7bf108d.txt,7204,bb64236589fa0608247094d0b63ae7c1c08631f3952b01bb3d39a979fced86a3,no,,1
2024_西城_二模,2024,西城,二模,rubric,/Users/wanglifei/Desktop/2024模拟题/西城二模/细则/细则.docx,f2e1772f20ed20857c70e184b124244b55717f04354f46c8f6d2ec91206a2f50,ai_readable_text_ready,cache-hit,/Users/wanglifei/Desktop/北京高考政治/reports/必修二三与必修四文化_题源分类准备_20260617_1301/02_text_cache/texts/f2e1772f20ed2085.txt,3568,e523314a79176ded14e0596e8a860762cb17aec853a6dbb0a562948e64e7beec,yes,,1
2024_西城_二模,2024,西城,二模,rubric,/Users/wanglifei/Desktop/2024模拟题/西城二模/细则/补充材料/高三模拟测试思想政治答案.docx,85ebe0578ce81b181f9de0a1de0850bdd12c651609b8c9f8232c9aead56d3fd8,ai_readable_text_ready,cache-hit,/Users/wanglifei/Desktop/北京高考政治/reports/必修二三与必修四文化_题源分类准备_20260617_1301/02_text_cache/texts/85ebe0578ce81b18.txt,1924,a3bf8fd75b764df598bca8aeee6c61e23cb088d01b9767967450a2807dbdc9f5,yes,,1
2024_顺义_二模,2024,顺义,二模,paper,/Users/wanglifei/Desktop/2024模拟题/顺义思政二模/试卷/试卷.docx,33010f3bed39e2759cf1ca3d22d4526f77e22833c208efb1aaf3611a8dd67df7,ai_readable_text_ready,cache-hit,/Users/wanglifei/Desktop/北京高考政治/reports/必修二三与必修四文化_题源分类准备_20260617_1301/02_text_cache/texts/33010f3bed39e275.txt,7738,62422ce262a309ff3f90f7637526c3fd4c4a175edf05ed0fb33be3392c8aeb64,no,,1
2024_顺义_二模,2024,顺义,二模,rubric,/Users/wanglifei/Desktop/2024模拟题/顺义思政二模/细则/细则.docx,f986728ea555a6edc1669835ceef949b8129895ba54cc64f0de67968ea29527f,ai_readable_text_ready,cache-hit,/Users/wanglifei/Desktop/北京高考政治/reports/必修二三与必修四文化_题源分类准备_20260617_1301/02_text_cache/texts/f986728ea555a6ed.txt,2084,13750fe2dd7aa0f67e7188f131715f396c94c90f77a8cd6509ecdffb8491f51c,yes,,1
2025_东城_一模,2025,东城,一模,paper,/Users/wanglifei/Desktop/2025模拟题/2025各区一模/2025东城一模/试卷/试卷.pdf,46c444a91d491a4fc02f2497e24eb79f6639652c8b8f962b60a562f89c25a9d0,ai_readable_text_ready,cache-hit,/Users/wanglifei/Desktop/北京高考政治/reports/必修二三与必修四文化_题源分类准备_20260617_1301/02_text_cache/texts/46c444a91d491a4f.txt,7638,fe168fd6577f93bdaeff89f1d60458f8bf825c3c8709e424aafee099c081828d,no,,1
2025_东城_一模,2025,东城,一模,rubric,/Users/wanglifei/Desktop/2025模拟题/2025各区一模/2025东城一模/细则/细则.pdf,c254bbee61da4abda65388bd2bd144b0e7efc781e9890208535e7882fbf278da,ai_readable_text_ready,cache-hit,/Users/wanglifei/Desktop/北京高考政治/reports/必修二三与必修四文化_题源分类准备_20260617_1301/02_text_cache/texts/c254bbee61da4abd.txt,5571,4487d5454e8c5bca79b66ef6d5e6bcdacc424a23d1d7c77908e79bc5a73410a0,yes,,1
2025_东城_二模,2025,东城,二模,paper,/Users/wanglifei/Desktop/2025模拟题/2025各区二模/2025东城二模/试卷/试卷.pdf,9b287871f660f23de9593be4c16952103c1c6873d6bd52d25ddd57ddd1a8d268,ai_readable_text_ready,cache-hit,/Users/wanglifei/Desktop/北京高考政治/reports/必修二三与必修四文化_题源分类准备_20260617_1301/02_text_cache/texts/9b287871f660f23d.txt,7725,4866ea63d4e202427dd22b227f621b9f60860e976fb96d8ba5178f88acafcb97,no,,1
2025_东城_二模,2025,东城,二模,rubric,/Users/wanglifei/Desktop/2025模拟题/2025各区二模/2025东城二模/细则/细则.pdf,606dbae1d5ce3e59c8daef227c8b797cfbda2b7f90b8c9e07f47654af13e1cc2,ai_readable_text_ready,cache-hit,/Users/wanglifei/Desktop/北京高考政治/reports/必修二三与必修四文化_题源分类准备_20260617_1301/02_text_cache/texts/606dbae1d5ce3e59.txt,5389,e1fa3ca72220fa1289fb8d55bde09f33f605b6a61bc9ad49fca110c713b6ee46,yes,,1
2025_东城_期末,2025,东城,期末,paper,/Users/wanglifei/Desktop/2025模拟题/2025各区期末/2025东城期末/试卷/试卷.pdf,8eda36bd87dba1947b49352c5f2451852bf9c57a58f896f907c8adfd35c12fa9,ai_readable_text_ready,cache-hit,/Users/wanglifei/Desktop/北京高考政治/reports/必修二三与必修四文化_题源分类准备_20260617_1301/02_text_cache/texts/8eda36bd87dba194.txt,21283,e84432b1bf9d59673675c54916125a8bfb13f410d26279bd6a379b6e07a27976,no,,1
2025_东城_期末,2025,东城,期末,rubric,/Users/wanglifei/Desktop/2025模拟题/2025各区期末/2025东城期末/细则/细则.pdf,5b78436dd863858bc3d3d587daf89ed6bcef61f9a5796608fc598bd2931b0029,ai_readable_text_ready,cache-hit,/Users/wanglifei/Desktop/北京高考政治/reports/必修二三与必修四文化_题源分类准备_20260617_1301/02_text_cache/texts/5b78436dd863858b.txt,3215,b5092e8305caec58bcddd34d286bdd7ada6cfc2637c392e865566b421ebd3a02,yes,,1
2025_东城_期末,2025,东城,期末,rubric,/Users/wanglifei/Desktop/2025模拟题/2025各区期末/2025东城期末/细则/补充材料/东城期末.pptx,26b1173765262a2f34fc48932fa71fb8f6c77085cdc57aa27a5b597eb3caa2ec,ai_readable_text_ready,cache-hit,/Users/wanglifei/Desktop/北京高考政治/reports/必修二三与必修四文化_题源分类准备_20260617_1301/02_text_cache/texts/26b1173765262a2f.txt,3598,aef9e0c73a922f948425f9d14ae7f09da8098cec94f769e03657832c09f470e2,yes,,1
2025_丰台_一模,2025,丰台,一模,paper,/Users/wanglifei/Desktop/2025模拟题/2025各区一模/2025丰台一模/试卷/试卷.pdf,e8823e6dc1a71cac6fefaa93e8ec2ab6e91459e0ff590a0d5b6c253428f790be,ai_readable_text_ready,cache-hit,/Users/wanglifei/Desktop/北京高考政治/reports/必修二三与必修四文化_题源分类准备_20260617_1301/02_text_cache/texts/e8823e6dc1a71cac.txt,8507,19020946ad0c9a564896e6e96bbcbbaa26aee04ef8d760cc7f99d41d0b24d3e0,no,,1
2025_丰台_一模,2025,丰台,一模,rubric,/Users/wanglifei/Desktop/2025模拟题/2025各区一模/2025丰台一模/细则/细则.docx,c143f0d3215c3417f3d92a9257422f5507ed541c417298f7d25b9e92986b4390,ai_readable_text_ready,cache-hit,/Users/wanglifei/Desktop/北京高考政治/reports/必修二三与必修四文化_题源分类准备_20260617_1301/02_text_cache/texts/c143f0d3215c3417.txt,6046,51308798f1984ee9a7d177077da15b54e934f2d58e3245e744ff6eb2cc4b5844,yes,,1
2025_丰台_二模,2025,丰台,二模,paper,/Users/wanglifei/Desktop/2025模拟题/2025各区二模/2025丰台二模/试卷/试卷.pdf,9f3b486088840b526e13f216898462df05e33de9567fe75145c7491cd5a0e11b,ai_readable_text_ready,cache-hit,/Users/wanglifei/Desktop/北京高考政治/reports/必修二三与必修四文化_题源分类准备_20260617_1301/02_text_cache/texts/9f3b486088840b52.txt,8985,9ec117c12cd075e6446c268489e71bb2877f16bd4002b47b05cb2a51093395b3,no,,1
2025_丰台_二模,2025,丰台,二模,rubric,/Users/wanglifei/Desktop/2025模拟题/2025各区二模/2025丰台二模/细则/分题细则/2025丰台二模评标细则/2025丰台二模评标细则/16.(1).doc,2f596046ed6d0ce5594043cdd14f103d0a758e43bd82cf79133ce456734a09b3,ai_readable_text_ready,cache-hit,/Users/wanglifei/Desktop/北京高考政治/reports/必修二三与必修四文化_题源分类准备_20260617_1301/02_text_cache/texts/2f596046ed6d0ce5.txt,5514,d2c80251743e4cba13f846acae59784ebb5da8ed30da4bdab0c7b38bd2a87021,yes,,1
2025_丰台_二模,2025,丰台,二模,rubric,/Users/wanglifei/Desktop/2025模拟题/2025各区二模/2025丰台二模/细则/分题细则/2025丰台二模评标细则/2025丰台二模评标细则/16.(2).docx,e3e9942211ec52f96c2c74e685e28ec811bfe87ccd9d97b08fde3864f6c2bf0a,ai_readable_text_ready,cache-hit,/Users/wanglifei/Desktop/北京高考政治/reports/必修二三与必修四文化_题源分类准备_20260617_1301/02_text_cache/texts/e3e9942211ec52f9.txt,864,3a4587c8ec0d34b83af6eb3a6757e288a1326f161123737d717b47b14f0b3e4f,yes,,1
2025_丰台_二模,2025,丰台,二模,rubric,/Users/wanglifei/Desktop/2025模拟题/2025各区二模/2025丰台二模/细则/分题细则/2025丰台二模评标细则/2025丰台二模评标细则/17题.docx,71d970ada83cbd28a7efb16aa888c15ee8396de35b1e47f2bc08825b4b98aadb,ai_readable_text_ready,cache-hit,/Users/wanglifei/Desktop/北京高考政治/reports/必修二三与必修四文化_题源分类准备_20260617_1301/02_text_cache/texts/71d970ada83cbd28.txt,2017,abd65236bd820b414f8e402d19a7b5e01addadbdd1b61e70599e8feb5eb6d6cb,yes,,1
2025_丰台_二模,2025,丰台,二模,rubric,/Users/wanglifei/Desktop/2025模拟题/2025各区二模/2025丰台二模/细则/分题细则/2025丰台二模评标细则/2025丰台二模评标细则/18题 .docx,56b5533477c242dc3b3a476869ddb64b4d3714c82fb86f6bae6e70dbf9444d66,ai_readable_text_ready,cache-hit,/Users/wanglifei/Desktop/北京高考政治/reports/必修二三与必修四文化_题源分类准备_20260617_1301/02_text_cache/texts/56b5533477c242dc.txt,7569,d6d1706f1b5e5fbd7a10116c0b684026dca4a87fb08ae23035013020e30c888c,yes,,1
2025_丰台_二模,2025,丰台,二模,rubric,/Users/wanglifei/Desktop/2025模拟题/2025各区二模/2025丰台二模/细则/分题细则/2025丰台二模评标细则/2025丰台二模评标细则/19.(1).docx,0e0ec077bf92033604024f22d3de9236ae281cf070249362feb41ea8254e29fc,ai_readable_text_ready,cache-hit,/Users/wanglifei/Desktop/北京高考政治/reports/必修二三与必修四文化_题源分类准备_20260617_1301/02_text_cache/texts/0e0ec077bf920336.txt,1381,d7e42a7157f47e4e5312fb018f12c4a5d5baaaaf91f2f83947bb4f3a4f739b89,yes,,1
2025_丰台_二模,2025,丰台,二模,rubric,/Users/wanglifei/Desktop/2025模拟题/2025各区二模/2025丰台二模/细则/分题细则/2025丰台二模评标细则/2025丰台二模评标细则/19.(2).docx,a85076fc73d8e53eaa3013c21f6968715c0af0df7aace713e41c1b6c89b25683,ai_readable_text_ready,cache-hit,/Users/wanglifei/Desktop/北京高考政治/reports/必修二三与必修四文化_题源分类准备_20260617_1301/02_text_cache/texts/a85076fc73d8e53e.txt,2404,563f9f0d6049ed190ff9489f3ca0bbf2b2fc1aa5ff816fb478daae70517fba32,yes,,1
2025_丰台_二模,2025,丰台,二模,rubric,/Users/wanglifei/Desktop/2025模拟题/2025各区二模/2025丰台二模/细则/分题细则/2025丰台二模评标细则/2025丰台二模评标细则/20题.docx,17616554d57330bb3b0b4858d658c94d4a95f840bd83916e5695d63bf82f548d,ai_readable_text_ready,cache-hit,/Users/wanglifei/Desktop/北京高考政治/reports/必修二三与必修四文化_题源分类准备_20260617_1301/02_text_cache/texts/17616554d57330bb.txt,2508,91ed8d85687ac30efaa7113f138b505505569ab6f5392a7e1bcdc124c4360469,yes,,1
2025_丰台_二模,2025,丰台,二模,rubric,/Users/wanglifei/Desktop/2025模拟题/2025各区二模/2025丰台二模/细则/分题细则/2025丰台二模评标细则/2025丰台二模评标细则/21题.docx,11303432404cb656cc27829621d2b3531ecabcadf74eb04d9736cf5a117adb3a,ai_readable_text_ready,cache-hit,/Users/wanglifei/Desktop/北京高考政治/reports/必修二三与必修四文化_题源分类准备_20260617_1301/02_text_cache/texts/11303432404cb656.txt,1298,ac56735da90141647c103e36ba9f5e4791c320bf9d41e7933a8729f2355d7fa2,yes,,1
2025_丰台_期末,2025,丰台,期末,paper,/Users/wanglifei/Desktop/2025模拟题/2025各区期末/2025丰台期末/试卷/试卷.pdf,89765092a6f26242da94c2aca30992e3b2a42cf803733f8b63641227d1780e70,ai_readable_text_ready,cache-hit,/Users/wanglifei/Desktop/北京高考政治/reports/必修二三与必修四文化_题源分类准备_20260617_1301/02_text_cache/texts/89765092a6f26242.txt,17186,c7004f1555b7a7817fed7ea564ae9a9fa29ab16cb5f2cc5eb9d53bb31594d014,no,,1
2025_丰台_期末,2025,丰台,期末,rubric,/Users/wanglifei/Desktop/2025模拟题/2025各区期末/2025丰台期末/细则/细则.pptx,360d57a4b250de8126e5f775fae9d9a024b4d8b284c6450e9532daf50fffb691,ai_readable_text_ready,cache-hit,/Users/wanglifei/Desktop/北京高考政治/reports/必修二三与必修四文化_题源分类准备_20260617_1301/02_text_cache/texts/360d57a4b250de81.txt,9679,f90e638c1f06940b73e21604f1dc0e53f7c59d916902942ea26de5775acb17b3,yes,,1
2025_延庆_一模,2025,延庆,一模,paper,/Users/wanglifei/Desktop/2025模拟题/2025各区一模/2025延庆一模/试卷/试卷.pdf,94785525e6452e6fd5e8d4ca2abd0f858cc1e7dfdf02bdd97a1a7b90bee3bdc5,ai_readable_text_ready,cache-hit,/Users/wanglifei/Desktop/北京高考政治/reports/必修二三与必修四文化_题源分类准备_20260617_1301/02_text_cache/texts/94785525e6452e6f.txt,9362,fc5cbf9351cdc0da46777d859162f79d17fd425c8fe0a22d7231b3810343a5a6,no,,1
2025_延庆_一模,2025,延庆,一模,rubric,/Users/wanglifei/Desktop/2025模拟题/2025各区一模/2025延庆一模/细则/细则.docx,c0a3990e95796ddd4cd3b26a92bc9b30a041d503605e53322d2f26528c51bb4c,ai_readable_text_ready,cache-hit,/Users/wanglifei/Desktop/北京高考政治/reports/必修二三与必修四文化_题源分类准备_20260617_1301/02_text_cache/texts/c0a3990e95796ddd.txt,2585,8efe548bb4a600270ef85b778e658eec0729babb811b0accf87a0ea6b48a4fc6,yes,,1
2025_房山_一模,2025,房山,一模,paper,/Users/wanglifei/Desktop/2025模拟题/2025各区一模/2025房山一模/试卷/试卷.pdf,3227fd51f2020c047e93984cd14d604177ce97094364e17f2dac099fabac1d69,ai_readable_text_ready,cache-hit,/Users/wanglifei/Desktop/北京高考政治/reports/必修二三与必修四文化_题源分类准备_20260617_1301/02_text_cache/texts/3227fd51f2020c04.txt,15864,b104cb2b4303d19c71c1a63b514785585869a9128c4a519c151248344861fc90,no,,1
2025_房山_一模,2025,房山,一模,rubric,/Users/wanglifei/Desktop/2025模拟题/2025各区一模/2025房山一模/细则/细则.pdf,17cdecfbd774ee7902feb4494c59cdd2f944a217046b51205283bcf1c9ed0ca3,ai_readable_text_ready,cache-hit,/Users/wanglifei/Desktop/北京高考政治/reports/必修二三与必修四文化_题源分类准备_20260617_1301/02_text_cache/texts/17cdecfbd774ee79.txt,3353,a7cff5dfcfde67e29b39a4b9cadb25e5bd30b1f70965fff87d9eee876bf217c9,yes,,1
2025_昌平_二模,2025,昌平,二模,paper,/Users/wanglifei/Desktop/2025模拟题/2025各区二模/2025昌平二模/试卷/试卷.pdf,6e5080fb116ab8fc4c0672da05e0a326e7f5b012c0f0a283d5f05a5155a7352d,ai_readable_text_ready,cache-hit,/Users/wanglifei/Desktop/北京高考政治/reports/必修二三与必修四文化_题源分类准备_20260617_1301/02_text_cache/texts/6e5080fb116ab8fc.txt,9229,9faa874a29ad9d151d9f4c89fd64f1445b86ca9f6c865282b171daf74e154637,no,,1
2025_昌平_二模,2025,昌平,二模,rubric,/Users/wanglifei/Desktop/2025模拟题/2025各区二模/2025昌平二模/细则/细则.pptx,af3875177855a6115e7e1ce0c5ff702139c737a7995b08fd56d1878f2dd208af,ai_readable_text_ready,cache-hit,/Users/wanglifei/Desktop/北京高考政治/reports/必修二三与必修四文化_题源分类准备_20260617_1301/02_text_cache/texts/af3875177855a611.txt,7777,6aad23d887121f342780ae605cdca360bae303640287c81d7765d0e10d43b331,yes,,1
2025_朝阳_一模,2025,朝阳,一模,marking-report,/Users/wanglifei/Desktop/2025模拟题/2025各区一模/2025朝阳一模/其他材料/高三政治一模试卷讲评.pptx,ba64c66630749a52d240668723d17f45f94c7aa3627c86bfa38e3fca843babfc,ai_readable_text_ready,cache-hit,/Users/wanglifei/Desktop/北京高考政治/reports/必修二三与必修四文化_题源分类准备_20260617_1301/02_text_cache/texts/ba64c66630749a52.txt,12424,9d7bb9ebcff288a7b4d54acd155757983452eda54fb45528743d81c0ba19cec6,yes,,1
2025_朝阳_一模,2025,朝阳,一模,paper,/Users/wanglifei/Desktop/2025模拟题/2025各区一模/2025朝阳一模/试卷/试卷.pdf,e051761a7fc68fef22be094a9ea823b1ed1e2b56fc4b9cfd6a382f7c7c00011b,ai_readable_text_ready,cache-hit,/Users/wanglifei/Desktop/北京高考政治/reports/必修二三与必修四文化_题源分类准备_20260617_1301/02_text_cache/texts/e051761a7fc68fef.txt,9500,f8cf9b52222236aab38f50107477097f17820116d140b133d980ee78bb56965e,no,,1
2025_朝阳_一模,2025,朝阳,一模,rubric,/Users/wanglifei/Desktop/2025模拟题/2025各区一模/2025朝阳一模/细则/细则.pdf,f5f683a900508fd228d6591418f9ef75d8a95ae09cf1b16d3b0427017234468b,ai_readable_text_ready,cache-hit,/Users/wanglifei/Desktop/北京高考政治/reports/必修二三与必修四文化_题源分类准备_20260617_1301/02_text_cache/texts/f5f683a900508fd2.txt,740,3ce57a0ee3d22f88b3edf49ffeee2ead56c00b110ea2eb4d904771c5a17534ab,yes,,1
2025_朝阳_一模,2025,朝阳,一模,rubric,/Users/wanglifei/Desktop/2025模拟题/2025各区一模/2025朝阳一模/细则/补充材料/20250329高3阅卷总结17 1题 具身智能 任会波组 阐释论证.doc,f0b3ab889aa0b17b72b6627f65ee642a1808be1522ce2a0be585dffb67a320f6,ai_readable_text_ready,cache-hit,/Users/wanglifei/Desktop/北京高考政治/reports/必修二三与必修四文化_题源分类准备_20260617_1301/02_text_cache/texts/f0b3ab889aa0b17b.txt,1504,737659e0e7ce89f128bfc37427469423730d5fd02b8edd15eb4e8b075e7cf35f,yes,,1
2025_朝阳_一模,2025,朝阳,一模,rubric,/Users/wanglifei/Desktop/2025模拟题/2025各区一模/2025朝阳一模/细则/补充材料/20250329高3阅卷总结18题 社区治理 汤桃玲组 探究建构.doc,f7bfc3e53261b659a664e7213813d7d0e34535e0a397d6421b873a5b81c509c5,ai_readable_text_ready,cache-hit,/Users/wanglifei/Desktop/北京高考政治/reports/必修二三与必修四文化_题源分类准备_20260617_1301/02_text_cache/texts/f7bfc3e53261b659.txt,3064,90adf45fc98ca07c629df1dfd9fcc1975af6b53b7bdc5027602cee388d6ce79b,yes,,1
2025_朝阳_一模,2025,朝阳,一模,rubric,/Users/wanglifei/Desktop/2025模拟题/2025各区一模/2025朝阳一模/细则/补充材料/20250329高3阅卷总结19题 合同欺诈  阐释论证.doc,b51916fe7b59403aa767088ddd506ce037140c2be45dd55106efd9e8e4686ecc,ai_readable_text_ready,cache-hit,/Users/wanglifei/Desktop/北京高考政治/reports/必修二三与必修四文化_题源分类准备_20260617_1301/02_text_cache/texts/b51916fe7b59403a.txt,2675,94c36452d61f26dd8990cdeb8e629e443adaa1f0e6a0bcaba4fc43cec08312f8,yes,,1
2025_朝阳_二模,2025,朝阳,二模,paper,/Users/wanglifei/Desktop/2025模拟题/2025各区二模/2025朝阳二模/试卷/补充材料/扫描全能王 2025-05-13 21.42.pdf,613f35ecb7c41e670656f980cc718cc30ef26ea1733cf32e523b9cb7b59bad04,ai_readable_text_ready,cache-hit,/Users/wanglifei/Desktop/北京高考政治/reports/必修二三与必修四文化_题源分类准备_20260617_1301/02_text_cache/texts/613f35ecb7c41e67.txt,780,2249a9ef47466b55a116b5f3bc1aa5ba52288a0d10ce607d79fb80d62ec8e655,no,,1
2025_朝阳_二模,2025,朝阳,二模,paper,/Users/wanglifei/Desktop/2025模拟题/2025各区二模/2025朝阳二模/试卷/试卷.pdf,6009b3f19a33a729602d7a5bc5b6c8ca2b59ed1392c6c753df7d14695ce84d5e,ai_readable_text_ready,cache-hit,/Users/wanglifei/Desktop/北京高考政治/reports/必修二三与必修四文化_题源分类准备_20260617_1301/02_text_cache/texts/6009b3f19a33a729.txt,9495,e67598e00f92deb627a04d40accd635d8489db627b7b4b43ec7a887a9179e789,no,,1
2025_朝阳_二模,2025,朝阳,二模,rubric,/Users/wanglifei/Desktop/2025模拟题/2025各区二模/2025朝阳二模/细则/细则.docx,73c36c3077dced724eb48b81aec7492e8e5ac59a7f72d7fb729d3581ea3fb5e8,ai_readable_text_ready,cache-hit,/Users/wanglifei/Desktop/北京高考政治/reports/必修二三与必修四文化_题源分类准备_20260617_1301/02_text_cache/texts/73c36c3077dced72.txt,7881,81583a6e2d2da689f52ff9e2c3495e17494cb59f1dd5ccc478075b2575d1befc,yes,,1
2025_朝阳_期末,2025,朝阳,期末,paper,/Users/wanglifei/Desktop/2025模拟题/2025各区期末/2025朝阳期末/其他材料/朝阳高三期末2025.pptx,195324f05d7e2feaa6b932a640fc6fd4c28d2b5b2a7e0e07630096369af21bc6,ai_readable_text_ready,cache-hit,/Users/wanglifei/Desktop/北京高考政治/reports/必修二三与必修四文化_题源分类准备_20260617_1301/02_text_cache/texts/195324f05d7e2fea.txt,12388,7b329d7c455c62070cabc8bdb9e973ce6102a88b9a2de4c3e2bce40befaf5f3a,no,,1
2025_朝阳_期末,2025,朝阳,期末,paper,/Users/wanglifei/Desktop/2025模拟题/2025各区期末/2025朝阳期末/试卷/试卷.pdf,ec82917288aa877415f3102533002f8eb7e891afee82b498d3df253e01833bbe,ai_readable_text_ready,cache-hit,/Users/wanglifei/Desktop/北京高考政治/reports/必修二三与必修四文化_题源分类准备_20260617_1301/02_text_cache/texts/ec82917288aa8774.txt,9400,bc076745e6cc15def9ef2dc54b7c46236241e0d5495c0100f6647070804d8947,no,,1
2025_朝阳_期末,2025,朝阳,期末,rubric,/Users/wanglifei/Desktop/2025模拟题/2025各区期末/2025朝阳期末/细则/细则.pdf,953eaee3f98d8598c4fb28ddc0c3a2196d78fb03b0f83b5682ab995ada697ab1,ai_readable_text_ready,cache-hit,/Users/wanglifei/Desktop/北京高考政治/reports/必修二三与必修四文化_题源分类准备_20260617_1301/02_text_cache/texts/953eaee3f98d8598.txt,740,1e155ce3a8cc8733858d2166184bbc8dacf416f4a2e7ffff2e9a286be4c03f58,yes,,1
2025_海淀_一模,2025,海淀,一模,paper,/Users/wanglifei/Desktop/2025模拟题/2025各区一模/2025海淀一模/试卷/补充材料/EDU_1500334100000021014_61af1789-0742-472d-86cd-e6cb420b0ecb.pdf,be30611f2f07a1374caa94169907a379ab23b6d6ef390647ca58b64e577b833a,ai_readable_text_ready,cache-hit,/Users/wanglifei/Desktop/北京高考政治/reports/必修二三与必修四文化_题源分类准备_20260617_1301/02_text_cache/texts/be30611f2f07a137.txt,2640,57df2651d32cf398a71e3a2801052c01a8d4faf7502eb1e22e09da605d0763f0,no,,1
2025_海淀_一模,2025,海淀,一模,paper,/Users/wanglifei/Desktop/2025模拟题/2025各区一模/2025海淀一模/试卷/试卷.pdf,7ebce670784d805ee092db689d2bca675ca5ef4f7394a3229530a1423341fbd9,ai_readable_text_ready,cache-hit,/Users/wanglifei/Desktop/北京高考政治/reports/必修二三与必修四文化_题源分类准备_20260617_1301/02_text_cache/texts/7ebce670784d805e.txt,8982,d1837f5fd7b51dfe1f683a6f4c4d9d1965b06226c8bb28888043756edbc67445,no,,1
2025_海淀_一模,2025,海淀,一模,rubric,/Users/wanglifei/Desktop/2025模拟题/2025各区一模/2025海淀一模/细则/细则.docx,506347bd4a7061dd62d9c39a7d0a86036d7beb2e3bd6bdabfb69482595771036,ai_readable_text_ready,cache-hit,/Users/wanglifei/Desktop/北京高考政治/reports/必修二三与必修四文化_题源分类准备_20260617_1301/02_text_cache/texts/506347bd4a7061dd.txt,1757,72c6e968f19dacaac8ef4431cbafa2a97b545b5c9ab77c922724d83c96db949a,yes,,1
2025_海淀_二模,2025,海淀,二模,marking-report,/Users/wanglifei/Desktop/2025模拟题/2025各区二模/2025海淀二模/其他材料/2025届二模考试讲评0510.pdf,086cafc0d843cdfd93b0cbd53734ccbf74326a488ee0fb678af270ed4961625e,ai_readable_text_ready,cache-hit,/Users/wanglifei/Desktop/北京高考政治/reports/必修二三与必修四文化_题源分类准备_20260617_1301/02_text_cache/texts/086cafc0d843cdfd.txt,11693,f2d8fbf46bb72556c3d691e5f8cfdeb4eea7060369b9637e55e48a08ed6562a2,yes,,1
2025_海淀_二模,2025,海淀,二模,paper,/Users/wanglifei/Desktop/2025模拟题/2025各区二模/2025海淀二模/试卷/试卷.pdf,7ff16fecb25f793fecbf8e37570a1cf8e2b281b61696a6cc3e27a9ee6c03da1c,ai_readable_text_ready,cache-hit,/Users/wanglifei/Desktop/北京高考政治/reports/必修二三与必修四文化_题源分类准备_20260617_1301/02_text_cache/texts/7ff16fecb25f793f.txt,752,cbdfee06d87102bd346661eb5033c3c057838951a1380302652b058715072984,no,,1
2025_海淀_二模,2025,海淀,二模,rubric,/Users/wanglifei/Desktop/2025模拟题/2025各区二模/2025海淀二模/细则/细则.docx,fc56fdd304fde11818aaa71317163fea8de97571d25365dc322452ca95db0b43,ai_readable_text_ready,cache-hit,/Users/wanglifei/Desktop/北京高考政治/reports/必修二三与必修四文化_题源分类准备_20260617_1301/02_text_cache/texts/fc56fdd304fde118.txt,2512,589532f59fdb342c682b8cc4dd9fc3755578a80e4a878120addd07b444df8c76,yes,,1
2025_海淀_二模,2025,海淀,二模,rubric,/Users/wanglifei/Desktop/2025模拟题/2025各区二模/2025海淀二模/细则/补充材料/2025年海淀二模评标实录.docx,10b5fafe8824526452c8653a8ed509c30d50060286161282e41753bc05d8728d,ai_readable_text_ready,cache-hit,/Users/wanglifei/Desktop/北京高考政治/reports/必修二三与必修四文化_题源分类准备_20260617_1301/02_text_cache/texts/10b5fafe88245264.txt,2126,d20e7d9d1a0f36a29019fc503d743ee63d3bc126d20792096d0b83d472f27173,yes,,1
2025_海淀_期中,2025,海淀,期中,paper,/Users/wanglifei/Desktop/2025模拟题/2025各区期末/2025海淀期中/试卷/试卷.pdf,b452d8b4e21b94beafb2a30a187501771e1c2df3f00495b7b613f90ecc409012,ai_readable_text_ready,cache-hit,/Users/wanglifei/Desktop/北京高考政治/reports/必修二三与必修四文化_题源分类准备_20260617_1301/02_text_cache/texts/b452d8b4e21b94be.txt,9510,af87a383bd6db0c9b6003998b31483cdb7b040c1d0e3916ac9add29ee9e530a8,no,,1
2025_海淀_期末,2025,海淀,期末,paper,/Users/wanglifei/Desktop/2025模拟题/2025各区期末/2025海淀期末/试卷/试卷.docx,b960993a71bd93cae7549bc5ccb0b114fdaee6675e64a1d1934b2b9ed5a83542,ai_readable_text_ready,cache-hit,/Users/wanglifei/Desktop/北京高考政治/reports/必修二三与必修四文化_题源分类准备_20260617_1301/02_text_cache/texts/b960993a71bd93ca.txt,9987,3775c96a9be1981ded217ca8bfb54f232158ecb0540287283cf4ca7c4e0d8b64,no,,1
2025_海淀_期中,2025,海淀,期中,rubric,/Users/wanglifei/Desktop/2025模拟题/2025各区期末/2025海淀期中/细则/细则.docx,7bbd92bd3b93e5312173bf19e5608398a262811d7ccd866583a72a8ff2c9f999,ai_readable_text_ready,cache-hit,/Users/wanglifei/Desktop/北京高考政治/reports/必修二三与必修四文化_题源分类准备_20260617_1301/02_text_cache/texts/7bbd92bd3b93e531.txt,1459,e19a7e99e068f3cdff29d426cc67004d6713f6a7077db289138e4323e90b7433,yes,,1
2025_海淀_期末,2025,海淀,期末,rubric,/Users/wanglifei/Desktop/2025模拟题/2025各区期末/2025海淀期末/细则/细则.pptx,4b22b6c78aaddb3eee446f8030c05abd52c67ca1ba6172e0075474206444e532,ai_readable_text_ready,cache-hit,/Users/wanglifei/Desktop/北京高考政治/reports/必修二三与必修四文化_题源分类准备_20260617_1301/02_text_cache/texts/4b22b6c78aaddb3e.txt,12368,ec4df33f5926a4174e987e69d5349d69db62b9aa62516c74982c2b50867be212,yes,,1
2025_石景山_一模,2025,石景山,一模,paper,/Users/wanglifei/Desktop/2025模拟题/2025各区一模/2025石景山一模/试卷/试卷.pdf,fb8717be46dabe77b9b92db5b9fac854bee5c11c7cac53704bcdd1abca2676f5,ai_readable_text_ready,cache-hit,/Users/wanglifei/Desktop/北京高考政治/reports/必修二三与必修四文化_题源分类准备_20260617_1301/02_text_cache/texts/fb8717be46dabe77.txt,9772,d04239860d8656b5b8d751283f899a7cd33735bca1dcc536bc5fb7c2d31b22b8,no,,1
2025_石景山_一模,2025,石景山,一模,rubric,/Users/wanglifei/Desktop/2025模拟题/2025各区一模/2025石景山一模/细则/细则.doc,0b97375f2f69e53d9d17a16ce32d06d76fc069edba4884aae8d0750ec88e1288,ai_readable_text_ready,cache-hit,/Users/wanglifei/Desktop/北京高考政治/reports/必修二三与必修四文化_题源分类准备_20260617_1301/02_text_cache/texts/0b97375f2f69e53d.txt,2822,1d5c223b465ebd85bb7f1297a49aead97232c8c1e691993b26bf82228537d767,yes,,1
2025_西城_一模,2025,西城,一模,paper,/Users/wanglifei/Desktop/2025模拟题/2025各区一模/2025西城一模/试卷/试卷.pdf,2542f29bb04e2ae014d6d61f553b812926c2a998785ce44cb815ef347d5deca5,ai_readable_text_ready,cache-hit,/Users/wanglifei/Desktop/北京高考政治/reports/必修二三与必修四文化_题源分类准备_20260617_1301/02_text_cache/texts/2542f29bb04e2ae0.txt,9232,b12a2bec19c2df7bf7507ef33ff1272a9ad214eb5bd19817d35cb3b35888ec87,no,,1
2025_西城_一模,2025,西城,一模,rubric,/Users/wanglifei/Desktop/2025模拟题/2025各区一模/2025西城一模/细则/细则.docx,af675a5d751f41db34d996ea71aeb9dfcb9ac0e86ef2acf40e2f7fd03ca99939,ai_readable_text_ready,cache-hit,/Users/wanglifei/Desktop/北京高考政治/reports/必修二三与必修四文化_题源分类准备_20260617_1301/02_text_cache/texts/af675a5d751f41db.txt,4087,edd04cd5f5da9f3819ba4465dc4742a0eddbb3502a96393e030ea22c2c40f072,yes,,1
2025_西城_二模,2025,西城,二模,paper,/Users/wanglifei/Desktop/2025模拟题/2025各区二模/2025西城二模/试卷/试卷.pdf,06c08602a2f5c20b87d80e19d16f44954ffac7f4c0442ae03fcb35d5153064f3,ai_readable_text_ready,cache-hit,/Users/wanglifei/Desktop/北京高考政治/reports/必修二三与必修四文化_题源分类准备_20260617_1301/02_text_cache/texts/06c08602a2f5c20b.txt,8793,945c81e7630082514d1d06e8665673c96b1b518a8f9fa158ca4dadb89bb37844,no,,1
2025_西城_二模,2025,西城,二模,rubric,/Users/wanglifei/Desktop/2025模拟题/2025各区二模/2025西城二模/细则/细则.docx,cfb0f19ef38aafd7b6376a003734f11398ff25ed6be60e6a22ffc145d4aad78e,ai_readable_text_ready,cache-hit,/Users/wanglifei/Desktop/北京高考政治/reports/必修二三与必修四文化_题源分类准备_20260617_1301/02_text_cache/texts/cfb0f19ef38aafd7.txt,4305,2090e4e54d7e8d6a1276109b530a0c5815db73c3699b47207f2503ebb942d6a6,yes,,1
2025_西城_期末,2025,西城,期末,paper,/Users/wanglifei/Desktop/2025模拟题/2025各区期末/2025西城期末/试卷/试卷.pdf,6662da1c2772cc380bf8a297d9a8a6e179867e78344a4263fc97eb1c3b609f9d,ai_readable_text_ready,cache-hit,/Users/wanglifei/Desktop/北京高考政治/reports/必修二三与必修四文化_题源分类准备_20260617_1301/02_text_cache/texts/6662da1c2772cc38.txt,7951,57294fe3862fc7e4e6f45919cd504269a0a6b6fab1e820ef7b341c6ae49e4ec4,no,,1
2025_西城_期末,2025,西城,期末,rubric,/Users/wanglifei/Desktop/2025模拟题/2025各区期末/2025西城期末/细则/细则.pdf,89d264a31e348be6b411fcef6c8c5dd3979dc666dfc1f2c95c244cebdae6d0cd,ai_readable_text_ready,cache-hit,/Users/wanglifei/Desktop/北京高考政治/reports/必修二三与必修四文化_题源分类准备_20260617_1301/02_text_cache/texts/89d264a31e348be6.txt,3862,9d3b49b36f020ac316dc4afa7f3818df85b4b8983974b30552f84d27287fd754,yes,,1
2025_门头沟_一模,2025,门头沟,一模,paper,/Users/wanglifei/Desktop/2025模拟题/2025各区一模/2025门头沟一模/试卷/试卷.pdf,1d8a23fe11f59810bcbe7bb7bfd3ecdd9ff89e3bfd5e422559ca6200e18cc009,ai_readable_text_ready,cache-hit,/Users/wanglifei/Desktop/北京高考政治/reports/必修二三与必修四文化_题源分类准备_20260617_1301/02_text_cache/texts/1d8a23fe11f59810.txt,9990,54594c8c483236bc8a4ba9f36b9d0c7d1b23b0e84e099a62d4ddacde3e59ad53,no,,1
2025_门头沟_一模,2025,门头沟,一模,rubric,/Users/wanglifei/Desktop/2025模拟题/2025各区一模/2025门头沟一模/细则/细则.doc,26d9b228064053c19109fc9d3462d2e4cc561009b2d2229d4ec60055a2229973,ai_readable_text_ready,cache-hit,/Users/wanglifei/Desktop/北京高考政治/reports/必修二三与必修四文化_题源分类准备_20260617_1301/02_text_cache/texts/26d9b228064053c1.txt,3426,7da31773a317386489439f0e1eb1a401c180b3ab3f40909d5bba147a506a2543,yes,,1
2025_顺义_一模,2025,顺义,一模,paper,/Users/wanglifei/Desktop/2025模拟题/2025各区一模/2025顺义一模/试卷/试卷.pdf,9dd43cae443f853c0799034210e45b3e1040c48facb2cdf3d42dbba195ee4b16,ai_readable_text_ready,cache-hit,/Users/wanglifei/Desktop/北京高考政治/reports/必修二三与必修四文化_题源分类准备_20260617_1301/02_text_cache/texts/9dd43cae443f853c.txt,18478,7fb2a290393b57e8e22c889593bb8299fcd52f60f71f15872b8d4772e56c4dfb,no,,1
2025_顺义_一模,2025,顺义,一模,rubric,/Users/wanglifei/Desktop/2025模拟题/2025各区一模/2025顺义一模/细则/细则.docx,bef8332e23ce30ac4e04eef21ff030c777eb4088111eb581c4b5257ae37a8fcc,ai_readable_text_ready,cache-hit,/Users/wanglifei/Desktop/北京高考政治/reports/必修二三与必修四文化_题源分类准备_20260617_1301/02_text_cache/texts/bef8332e23ce30ac.txt,3812,31785cfbadccd4ff946ab20b34e50580b265725683d21306cb72d0235a949a24,yes,,1
2026_东城_一模,2026,东城,一模,paper,/Users/wanglifei/Desktop/2026模拟题/2026各区一模/2026东城一模/试卷/补充材料/2026东城一模 原卷扫描版.pdf,34b21a3a804e567c86b3805158e9209c44bd9b8b4ee891f79145f19e889de472,ai_readable_text_ready,cache-hit,/Users/wanglifei/Desktop/北京高考政治/reports/必修二三与必修四文化_题源分类准备_20260617_1301/02_text_cache/texts/34b21a3a804e567c.txt,754,102ed219ef4f39ea890a0472374e655f2b4050c85413b67581b5aa66a4258d18,no,,1
2026_东城_一模,2026,东城,一模,paper,/Users/wanglifei/Desktop/2026模拟题/2026各区一模/2026东城一模/试卷/试卷.pdf,0dafc181e82eb031dae6bc668d9e0f91cb614dfbc09cb48711d5c97a93b7a195,ai_readable_text_ready,cache-hit,/Users/wanglifei/Desktop/北京高考政治/reports/必修二三与必修四文化_题源分类准备_20260617_1301/02_text_cache/texts/0dafc181e82eb031.txt,7940,981a7e197c44a1b6ea3aaebfd7ce06ba07cf2e5f484ecebe6832b3fcde70ffa2,no,,1
2026_东城_一模,2026,东城,一模,rubric,/Users/wanglifei/Desktop/2026模拟题/2026各区一模/2026东城一模/细则/分题细则/东城一模评标细则（勿传）/16.pptx,bbcb45c7197fffbb20ac6b8343a9a44ffd05f04d3b7d37965d11892a35b63ed5,ai_readable_text_ready,cache-hit,/Users/wanglifei/Desktop/北京高考政治/reports/必修二三与必修四文化_题源分类准备_20260617_1301/02_text_cache/texts/bbcb45c7197fffbb.txt,1734,61a113f522b109a2c8df52f96c67f930793050d93a9501cde75a27ca28953a90,yes,,1
2026_东城_一模,2026,东城,一模,rubric,/Users/wanglifei/Desktop/2026模拟题/2026各区一模/2026东城一模/细则/分题细则/东城一模评标细则（勿传）/17.pptx,3566266405cdbdddbf6a4aaf2d96630aaee0eb8884a608e6c49f86a15b66e08d,ai_readable_text_ready,cache-hit,/Users/wanglifei/Desktop/北京高考政治/reports/必修二三与必修四文化_题源分类准备_20260617_1301/02_text_cache/texts/3566266405cdbddd.txt,1081,d2034bd624ca1df2a4a246b1475ce26dca912d45fbaf69a7010be05a517d8874,yes,,1
2026_东城_一模,2026,东城,一模,rubric,/Users/wanglifei/Desktop/2026模拟题/2026各区一模/2026东城一模/细则/分题细则/东城一模评标细则（勿传）/18+选择7、13.pptx,5a07157a05d12bcf3b87917c8c398ade6ae7c38718f386de1ec25a6a7ed62b49,ai_readable_text_ready,cache-hit,/Users/wanglifei/Desktop/北京高考政治/reports/必修二三与必修四文化_题源分类准备_20260617_1301/02_text_cache/texts/5a07157a05d12bcf.txt,1106,df77c401fb9d3e628af22c042d0472b30547335f288e2025d4d53644500788f5,yes,,1
2026_东城_一模,2026,东城,一模,rubric,/Users/wanglifei/Desktop/2026模拟题/2026各区一模/2026东城一模/细则/分题细则/东城一模评标细则（勿传）/19（1）.pptx,88c00449e9f02504757db9cab62d5956f249e4a336475b1efaea5f7860bad042,ai_readable_text_ready,cache-hit,/Users/wanglifei/Desktop/北京高考政治/reports/必修二三与必修四文化_题源分类准备_20260617_1301/02_text_cache/texts/88c00449e9f02504.txt,118,688e18f9dc46874dceb90f085147799b6f750d1cdc665964ea0df8a3fe9cfd86,yes,,1
2026_东城_一模,2026,东城,一模,rubric,/Users/wanglifei/Desktop/2026模拟题/2026各区一模/2026东城一模/细则/分题细则/东城一模评标细则（勿传）/19（2）.pptx,4e0ae5b46ae638b90102f9875d5b9de13d8495695693bf8e080e4732d8ecb006,ai_readable_text_ready,cache-hit,/Users/wanglifei/Desktop/北京高考政治/reports/必修二三与必修四文化_题源分类准备_20260617_1301/02_text_cache/texts/4e0ae5b46ae638b9.txt,1208,0a32b93d6b3671ac234308ea350bc6e91046c49ea00f012185975af3625711e1,yes,,1
2026_东城_一模,2026,东城,一模,rubric,/Users/wanglifei/Desktop/2026模拟题/2026各区一模/2026东城一模/细则/分题细则/东城一模评标细则（勿传）/19（3）.pptx,aa63045ae37602583ef2bf7afc1560f16cef636850303c9db9d8b92e35a7c4f6,ai_readable_text_ready,cache-hit,/Users/wanglifei/Desktop/北京高考政治/reports/必修二三与必修四文化_题源分类准备_20260617_1301/02_text_cache/texts/aa63045ae3760258.txt,1126,433a1da0185fcec31613e6e46ef6340c24dc5d0c75316cc672497c672d728a2f,yes,,1
2026_东城_一模,2026,东城,一模,rubric,/Users/wanglifei/Desktop/2026模拟题/2026各区一模/2026东城一模/细则/分题细则/东城一模评标细则（勿传）/19（4）.pptx,04de6654b5f867015500adb7e573ee9868caf213c7bb6180d5b4c8458271ef3f,ai_readable_text_ready,cache-hit,/Users/wanglifei/Desktop/北京高考政治/reports/必修二三与必修四文化_题源分类准备_20260617_1301/02_text_cache/texts/04de6654b5f86701.txt,1044,58fd11a5947ace9ce004f3290ba302ff335a430c418eeaf7c027db85efb3360c,yes,,1
2026_东城_一模,2026,东城,一模,rubric,/Users/wanglifei/Desktop/2026模拟题/2026各区一模/2026东城一模/细则/分题细则/东城一模评标细则（勿传）/20.pptx,16fa597a98fe48b9ede4725233a6971ce13b172dafc4b4997201dd4d1293b299,ai_readable_text_ready,cache-hit,/Users/wanglifei/Desktop/北京高考政治/reports/必修二三与必修四文化_题源分类准备_20260617_1301/02_text_cache/texts/16fa597a98fe48b9.txt,831,c67864c9d8540db2e13bcb05ba833661e5a7e3645b4a99e629203a41babcbc6d,yes,,1
2026_东城_一模,2026,东城,一模,rubric,/Users/wanglifei/Desktop/2026模拟题/2026各区一模/2026东城一模/细则/细则.pdf,eaae525d6ec9cabbbfc2786669579e5cd251178accc5ed4432223c6196d28929,ai_readable_text_ready,cache-hit,/Users/wanglifei/Desktop/北京高考政治/reports/必修二三与必修四文化_题源分类准备_20260617_1301/02_text_cache/texts/eaae525d6ec9cabb.txt,734,96175bd92a0eaf5ec14c95a553feb3118f0b1f550e83642406cbbcd89cdedf4b,yes,,1
2026_东城_一模,2026,东城,一模,rubric,/Users/wanglifei/Desktop/2026模拟题/2026各区一模/2026东城一模/细则/补充材料/26东城一模细则.pdf,99e851c9338f0983927c8f90551e5d7f7a5b6a1806599448ab4e8fd12fe9251f,ai_readable_text_ready,cache-hit,/Users/wanglifei/Desktop/北京高考政治/reports/必修二三与必修四文化_题源分类准备_20260617_1301/02_text_cache/texts/99e851c9338f0983.txt,5281,9662e19d01ad31634de5367f88dd8aed2f0524bc53e33f0a4a4ea3b9894da4bc,yes,,1
2026_东城_二模,2026,东城,二模,paper,/Users/wanglifei/Desktop/2026模拟题/2026各区二模/2026东城二模/试卷/2026北京东城高三二模政治（教师版）.docx,c751cfa77650b9c3456aa333252513108d352756ad8426974305963145e62647,ai_readable_text_ready,raw-extracted,/Users/wanglifei/Desktop/北京高考政治/reports/必修二三与必修四文化_题源分类准备_20260617_1301/02_text_cache/texts/c751cfa77650b9c3.txt,7303,51e848ef0f279a4f838cceda6cc62a21d72a210227207db21936f52375670645,no,,0
2026_东城_二模,2026,东城,二模,rubric,/Users/wanglifei/Desktop/2026模拟题/2026各区二模/2026东城二模/细则/16.pdf,c4b3300418aef3c016660d764b9ce2daec79d5626840f534a44adb2433717738,ai_readable_text_ready,raw-extracted,/Users/wanglifei/Desktop/北京高考政治/reports/必修二三与必修四文化_题源分类准备_20260617_1301/02_text_cache/texts/c4b3300418aef3c0.txt,1454,c036a36ff6046a74f0c54cb96da06bbc82d5c4ee44e606e8a9916e8020e63213,yes,,0
2026_东城_二模,2026,东城,二模,rubric,/Users/wanglifei/Desktop/2026模拟题/2026各区二模/2026东城二模/细则/17题评标.pdf,e90ac6d5f3ee246fd74870d44cfe1b2a12cb2fd261a8ab236418cf60fca30a20,ai_readable_text_ready,raw-extracted,/Users/wanglifei/Desktop/北京高考政治/reports/必修二三与必修四文化_题源分类准备_20260617_1301/02_text_cache/texts/e90ac6d5f3ee246f.txt,1119,8d36228f7a9e8088444cb4be2264cc7a19e2754bb06dfaf4e1e69baffa1bf6e0,yes,,0
2026_东城_二模,2026,东城,二模,rubric,/Users/wanglifei/Desktop/2026模拟题/2026各区二模/2026东城二模/细则/18题阅卷细则(5.9).pdf,d007267f6e1c8f6225cba4547e5ccbd8108f1f15a0505dd3d8edb304aeb1ceda,ai_readable_text_ready,raw-extracted,/Users/wanglifei/Desktop/北京高考政治/reports/必修二三与必修四文化_题源分类准备_20260617_1301/02_text_cache/texts/d007267f6e1c8f62.txt,990,a57636a3d8c48c01715eb8f4052f36695f846270fffb2abbfb58765c8d046204,yes,,0
2026_东城_二模,2026,东城,二模,rubric,/Users/wanglifei/Desktop/2026模拟题/2026各区二模/2026东城二模/细则/20题（1+2）.pdf,db4b22917a3fd5dfa271e59795a7f3ddefa7870930903cb834163a297f75980e,ai_readable_text_ready,raw-extracted,/Users/wanglifei/Desktop/北京高考政治/reports/必修二三与必修四文化_题源分类准备_20260617_1301/02_text_cache/texts/db4b22917a3fd5df.txt,606,8e560adcf06b869a50bc3109096132fef138f77e9f76c02c27efdb62935d435f,yes,,0
2026_东城_二模,2026,东城,二模,rubric,/Users/wanglifei/Desktop/2026模拟题/2026各区二模/2026东城二模/细则/26年东城二模20（3）.pdf,34f69bdaf40f8c5372ccd2cad7a68574f2e3395463492739cf3518a69817d87e,ai_readable_text_ready,raw-extracted,/Users/wanglifei/Desktop/北京高考政治/reports/必修二三与必修四文化_题源分类准备_20260617_1301/02_text_cache/texts/34f69bdaf40f8c53.txt,1174,a6f97b546e4acf7903be7556604204cd6b3f412579d142d964e4c6e8324ccf99,yes,,0
2026_东城_二模,2026,东城,二模,rubric,/Users/wanglifei/Desktop/2026模拟题/2026各区二模/2026东城二模/细则/东城二模 19题阅卷细则.pdf,c6d95d8dc9451bf8eeba2bf4830da0fc364de00b80a36337cc4d34e4ecdb8ed6,ai_readable_text_ready,raw-extracted,/Users/wanglifei/Desktop/北京高考政治/reports/必修二三与必修四文化_题源分类准备_20260617_1301/02_text_cache/texts/c6d95d8dc9451bf8.txt,537,df8fe34d540c580ddedf08916eac62a0ed17c63c164bc942f23a88fdc19e78a0,yes,,0
2026_东城_二模,2026,东城,二模,rubric,/Users/wanglifei/Desktop/2026模拟题/2026各区二模/2026东城二模/细则/二模21题细则模版.pdf,05524582484d814f84d34e2e0984504bcb436251968af9485901c3d7cc4870bc,ai_readable_text_ready,raw-extracted,/Users/wanglifei/Desktop/北京高考政治/reports/必修二三与必修四文化_题源分类准备_20260617_1301/02_text_cache/texts/05524582484d814f.txt,1266,d86bf19f7da875e9be8fe03f9e541c45f40f57fc335374ab485d7b6bdecd8cde,yes,,0
2026_东城_期末,2026,东城,期末,paper,/Users/wanglifei/Desktop/2026模拟题/2026各区期末和期中/2026东城期末/试卷/试卷.pdf,15664381470d8300c72773a332ddb60167ba1ee9511ba96df0f5e3f703c1731f,ai_readable_text_ready,cache-hit,/Users/wanglifei/Desktop/北京高考政治/reports/必修二三与必修四文化_题源分类准备_20260617_1301/02_text_cache/texts/15664381470d8300.txt,7656,5d161fe2c62fb7af102c5035bf87df60a468dce1853e11dccf41e7f778c9bd2d,no,,1
2026_东城_期末,2026,东城,期末,rubric,/Users/wanglifei/Desktop/2026模拟题/2026各区期末和期中/2026东城期末/细则/细则.pptx,e4d67789c91d1b92bfe400927f2ea389a7b4fb3a0ce70f4bc162aac6f7c9e832,ai_readable_text_ready,cache-hit,/Users/wanglifei/Desktop/北京高考政治/reports/必修二三与必修四文化_题源分类准备_20260617_1301/02_text_cache/texts/e4d67789c91d1b92.txt,17401,502d92a40fabe9478d23d3c8d1c165ca1302c9ef53bd5e88588a5b419ab0dfd7,yes,,1
2026_丰台_一模,2026,丰台,一模,paper,/Users/wanglifei/Desktop/2026模拟题/2026各区一模/2026丰台一模/试卷/试卷.pdf,6e8f2df5ef86ff9e362187a1d36fce5a516ea1729d49807243da9a9b0fa73847,ai_readable_text_ready,cache-hit,/Users/wanglifei/Desktop/北京高考政治/reports/必修二三与必修四文化_题源分类准备_20260617_1301/02_text_cache/texts/6e8f2df5ef86ff9e.txt,724,7ffa6637bb885664495263c0194ec30ca5e3c09d1041a36572f021fb8d1f0a34,no,,1
2026_丰台_一模,2026,丰台,一模,rubric,/Users/wanglifei/Desktop/2026模拟题/2026各区一模/2026丰台一模/细则/细则.pptx,26649804f1de31f52829752b234da32ee8eb8e383501b558ab6c598dd3f9155d,ai_readable_text_ready,cache-hit,/Users/wanglifei/Desktop/北京高考政治/reports/必修二三与必修四文化_题源分类准备_20260617_1301/02_text_cache/texts/26649804f1de31f5.txt,9036,b19f8d8df9ecb8184d3113ec6c0c927750518087c949bf7901e5002096c17e6b,yes,,1
2026_丰台_二模,2026,丰台,二模,paper,/Users/wanglifei/Desktop/2026模拟题/2026各区二模/2026丰台二模/试卷/2026北京丰台高三二模政治（教师版）.pdf,f7b3a73c9296b17889cada79c5a5256bda639d2bec8a2f0091d21a15541253b0,ai_readable_text_ready,raw-extracted,/Users/wanglifei/Desktop/北京高考政治/reports/必修二三与必修四文化_题源分类准备_20260617_1301/02_text_cache/texts/f7b3a73c9296b178.txt,9987,69636c3092f58f260effcb68262f59d6480add517f0e12d3e31ce6d596c5e069,no,,0
2026_丰台_二模,2026,丰台,二模,rubric,/Users/wanglifei/Desktop/2026模拟题/2026各区二模/2026丰台二模/细则/2026丰台区二模主观题阅卷细则(1).pptx,10275a1dafa3a824edbd50b523b8ef31dca9b7d6c2f34964b4740f4f45cbf044,ai_readable_text_ready,raw-extracted,/Users/wanglifei/Desktop/北京高考政治/reports/必修二三与必修四文化_题源分类准备_20260617_1301/02_text_cache/texts/10275a1dafa3a824.txt,14489,5fc029a316e08c7a3d4016f4ecf185cc4235fca1826a5bdbfc0316f2cb0c14d2,yes,,0
2026_丰台_期末,2026,丰台,期末,paper,/Users/wanglifei/Desktop/2026模拟题/2026各区期末和期中/2026丰台期末/试卷/试卷.pdf,6553ff85e09d299a059ed4720fe324d83ec1da37418ea11f7d4a2d8beeec37b0,ai_readable_text_ready,cache-hit,/Users/wanglifei/Desktop/北京高考政治/reports/必修二三与必修四文化_题源分类准备_20260617_1301/02_text_cache/texts/6553ff85e09d299a.txt,767,ee376c389108b0d1c9d4c9d672cd80e3c5c02f7d44715d8c773718f4435dd76a,no,,1
2026_丰台_期末,2026,丰台,期末,rubric,/Users/wanglifei/Desktop/2026模拟题/2026各区期末和期中/2026丰台期末/细则/细则.pdf,dbc93cbfd3a93eff18a74e571039c91200fc062aa0d4465449a94a8a469d09fa,ai_readable_text_ready,cache-hit,/Users/wanglifei/Desktop/北京高考政治/reports/必修二三与必修四文化_题源分类准备_20260617_1301/02_text_cache/texts/dbc93cbfd3a93eff.txt,8916,fe807718aeac967c652d12b33fc84f5a1cef0eed55a75958171a42a85c6179f7,yes,,1
2026_延庆_一模,2026,延庆,一模,paper,/Users/wanglifei/Desktop/2026模拟题/2026各区一模/2026延庆一模/试卷/试卷.pdf,cc91930411716013bd6f2388cdd62ec95ccd6409a6328abd732df10553726e41,ai_readable_text_ready,cache-hit,/Users/wanglifei/Desktop/北京高考政治/reports/必修二三与必修四文化_题源分类准备_20260617_1301/02_text_cache/texts/cc91930411716013.txt,9307,87d634da3674f59d0fb6eaf63e93e418765763f2c795addce91b2904788cf555,no,,1
2026_延庆_一模,2026,延庆,一模,rubric,/Users/wanglifei/Desktop/2026模拟题/2026各区一模/2026延庆一模/细则/细则.docx,2e0f67df1ab78a60dccde6bec64faee10f32e14f8feed1c53959d700e5c8afcb,ai_readable_text_ready,cache-hit,/Users/wanglifei/Desktop/北京高考政治/reports/必修二三与必修四文化_题源分类准备_20260617_1301/02_text_cache/texts/2e0f67df1ab78a60.txt,2336,29c496a2e793e64e3461b934c4ffb0fd6dcef6413d0b3f14c0cbf308ea70779a,yes,,1
2026_房山_一模,2026,房山,一模,paper,/Users/wanglifei/Desktop/2026模拟题/2026各区一模/2026房山一模/试卷/试卷.pdf,e37482eff39f36180903a44c78d4f80464c817cd0ceeca5c35c51f5c4a7b5bf9,ai_readable_text_ready,cache-hit,/Users/wanglifei/Desktop/北京高考政治/reports/必修二三与必修四文化_题源分类准备_20260617_1301/02_text_cache/texts/e37482eff39f3618.txt,754,2b6b0da82e199caa164c44397b65f3c81f4591500d39a19783116fdde397d04d,no,,1
2026_房山_一模,2026,房山,一模,rubric,/Users/wanglifei/Desktop/2026模拟题/2026各区一模/2026房山一模/细则/细则.docx,0ca482adfc64b0d7023d9f1012005aa3ebd02abee75eb9451c97ad8d281c0d96,ai_readable_text_ready,cache-hit,/Users/wanglifei/Desktop/北京高考政治/reports/必修二三与必修四文化_题源分类准备_20260617_1301/02_text_cache/texts/0ca482adfc64b0d7.txt,3712,e6be003db04dc5d79e5e3430f44dbe71399c0e00b032e6af95b0645981330252,yes,,1
2026_房山_二模,2026,房山,二模,paper,/Users/wanglifei/Desktop/2026模拟题/2026各区二模/2026房山二模/试卷/2026北京房山高三二模政治（教师版）.pdf,ffe050fd8f7eb7b0cd6c43cd9c1724c3defbbc45509204254aee80060b42e82b,ai_readable_text_ready,raw-extracted,/Users/wanglifei/Desktop/北京高考政治/reports/必修二三与必修四文化_题源分类准备_20260617_1301/02_text_cache/texts/ffe050fd8f7eb7b0.txt,3388,7821da78e2f71d7624a48fae0c699c4a0a4c592ba0f89929d514623ec1e46379,no,,0
2026_房山_二模,2026,房山,二模,rubric,/Users/wanglifei/Desktop/2026模拟题/2026各区二模/2026房山二模/细则/26房山评标.docx,51621a4abaad70789a89e04e7096655e76cd19620a4086762db4d45f5c407876,ai_readable_text_ready,raw-extracted,/Users/wanglifei/Desktop/北京高考政治/reports/必修二三与必修四文化_题源分类准备_20260617_1301/02_text_cache/texts/51621a4abaad7078.txt,4041,8e8f9de75ed5d287a208b659f821c0c6dae59ba53ccaf48ee06a430701bee8bf,yes,,1
2026_朝阳_一模,2026,朝阳,一模,paper,/Users/wanglifei/Desktop/2026模拟题/2026各区一模/2026朝阳一模/试卷/试卷.pdf,585b15124610aff7afffd93a3c4753f4b89eb9cd2dc1060a17022cecb4d8a8d9,ai_readable_text_ready,cache-hit,/Users/wanglifei/Desktop/北京高考政治/reports/必修二三与必修四文化_题源分类准备_20260617_1301/02_text_cache/texts/585b15124610aff7.txt,13852,92a5bb99fc07806ff05f2c054afe7b8d275e0827e0315a27bef14b16fb2d00d9,no,,1
2026_朝阳_一模,2026,朝阳,一模,rubric,/Users/wanglifei/Desktop/2026模拟题/2026各区一模/2026朝阳一模/细则/细则.docx,3a11db4bade216d1f174fab8e1b27f29e9b12e1a6b309296103b20e7c67c230d,ai_readable_text_ready,cache-hit,/Users/wanglifei/Desktop/北京高考政治/reports/必修二三与必修四文化_题源分类准备_20260617_1301/02_text_cache/texts/3a11db4bade216d1.txt,4507,13890f7daff1405906873ac7ff30c4a9ee6d51b0dc2234fa2947bf55e745f4cc,yes,,1
2026_朝阳_二模,2026,朝阳,二模,paper,/Users/wanglifei/Desktop/2026模拟题/2026各区二模/2026朝阳二模/试卷/2026北京朝阳高三二模政治（教师版）.docx,c8856680a9a67b604d7939c72dd0b3b0d749a80f7d9ee4c5d35d6cdc98b4c396,ai_readable_text_ready,raw-extracted,/Users/wanglifei/Desktop/北京高考政治/reports/必修二三与必修四文化_题源分类准备_20260617_1301/02_text_cache/texts/c8856680a9a67b60.txt,14840,67b7d6ebee7442e9a4d28fcb280062e914aa30b95d9b2c9103847ffcf1a6c0b0,no,,0
2026_朝阳_二模,2026,朝阳,二模,rubric,/Users/wanglifei/Desktop/2026模拟题/2026各区二模/2026朝阳二模/细则/202605朝阳高三政治二模阅卷细则(1).docx,8cb07a7f650e041c062b0f1a96ee53c20964ebc71c1a30af8697809adc4bb62c,ai_readable_text_ready,raw-extracted,/Users/wanglifei/Desktop/北京高考政治/reports/必修二三与必修四文化_题源分类准备_20260617_1301/02_text_cache/texts/8cb07a7f650e041c.txt,5277,e8278a7fba9c8a6e76977898668df58bca558f0f313f34c29bc65916f1986d3e,yes,,0
2026_朝阳_期中,2026,朝阳,期中,paper,/Users/wanglifei/Desktop/2026模拟题/2026各区期末和期中/2026朝阳期中/试卷/试卷.pdf,5a53b5c6863d7f952d732bef6b21013438957929a6748c575ed46331be9cd5a0,ai_readable_text_ready,cache-hit,/Users/wanglifei/Desktop/北京高考政治/reports/必修二三与必修四文化_题源分类准备_20260617_1301/02_text_cache/texts/5a53b5c6863d7f95.txt,8027,77a0cbf8e5c4bbe08b1e1fc5792e62925a26a4a3786cf2af7b95d0babd9fc6ee,no,,1
2026_朝阳_期末,2026,朝阳,期末,paper,/Users/wanglifei/Desktop/2026模拟题/2026各区期末和期中/2026朝阳期末/试卷/试卷.pdf,e1a49527cb4c175f3de69c5cb429216b35938f336f1417fd9df9d955c3e98399,ai_readable_text_ready,raw-extracted,/Users/wanglifei/Desktop/北京高考政治/reports/必修二三与必修四文化_题源分类准备_20260617_1301/02_text_cache/texts/e1a49527cb4c175f.txt,8167,abff3fc1ca54683ab5e230a3d1a50e0391fd855616628827ad9ac7105db2175a,no,,1
2026_朝阳_期中,2026,朝阳,期中,rubric,/Users/wanglifei/Desktop/2026模拟题/2026各区期末和期中/2026朝阳期中/细则/细则.docx,885e694cf464c22b3e899be93e422de46ccefd2efe8d66fd03fefc93d186f965,ai_readable_text_ready,cache-hit,/Users/wanglifei/Desktop/北京高考政治/reports/必修二三与必修四文化_题源分类准备_20260617_1301/02_text_cache/texts/885e694cf464c22b.txt,4785,9f0296bc75a647ea697e07a3aca28610bfd64c4d2a347fd6c9d4cb60bc9da921,yes,,3
2026_朝阳_期末,2026,朝阳,期末,rubric,/Users/wanglifei/Desktop/2026模拟题/2026各区期末和期中/2026朝阳期末/细则/细则.pdf,487b2d15b3a3ac2b14567989edfb4195dd3f776437ec0853a7bd39a5a700859a,ai_readable_text_ready,raw-extracted,/Users/wanglifei/Desktop/北京高考政治/reports/必修二三与必修四文化_题源分类准备_20260617_1301/02_text_cache/texts/487b2d15b3a3ac2b.txt,4685,57bf273963f9e1f19ef1605fb4b94c6a42acbf7b4ffe78563fece7877f93c7a8,yes,,1
2026_海淀_一模,2026,海淀,一模,paper,/Users/wanglifei/Desktop/2026模拟题/2026各区一模/2026海淀一模/试卷/试卷.pdf,03e0412bb80579d817c36d81a80cbe3caaf6ba114b5ff7272a9ec5582696b547,ai_readable_text_ready,cache-hit,/Users/wanglifei/Desktop/北京高考政治/reports/必修二三与必修四文化_题源分类准备_20260617_1301/02_text_cache/texts/03e0412bb80579d8.txt,764,de70d9d1349ed31c60b0ade2d15954bdbf957d407205de90315e1b0256cdc7b8,no,,1
2026_海淀_一模,2026,海淀,一模,rubric,/Users/wanglifei/Desktop/2026模拟题/2026各区一模/2026海淀一模/细则/细则.pdf,9b5ac8fd0cfe59cb5dd47ea200078c3342a8cfc212be1cbe8a8f13044a540111,ai_readable_text_ready,cache-hit,/Users/wanglifei/Desktop/北京高考政治/reports/必修二三与必修四文化_题源分类准备_20260617_1301/02_text_cache/texts/9b5ac8fd0cfe59cb.txt,2143,a1344b8be64a67b5e8a7d5d0ae7d414350a65c05827034e23cc4cd41b5a4d2a8,yes,,1
2026_海淀_二模,2026,海淀,二模,paper,/Users/wanglifei/Desktop/2026模拟题/2026各区二模/2026海淀二模/试卷/2026北京海淀高三二模政治（教师版）.docx,e7b70a05645843b69ea049c64c2e691591a489107d1c2b67992112035ee0b862,ai_readable_text_ready,raw-extracted,/Users/wanglifei/Desktop/北京高考政治/reports/必修二三与必修四文化_题源分类准备_20260617_1301/02_text_cache/texts/e7b70a05645843b6.txt,10162,c6dd5c0bc9f7b8dbd7877f7043a6d4b353a0e727c42292d2cea3059444a265b3,no,,0
2026_海淀_二模,2026,海淀,二模,rubric,/Users/wanglifei/Desktop/2026模拟题/2026各区二模/2026海淀二模/细则/26海淀高三政治二模讲评.pdf,c2f6013f0e13fcbe848bf114d1df7e06c12b48542597cd6a357840137638daa3,ai_readable_text_ready,raw-extracted,/Users/wanglifei/Desktop/北京高考政治/reports/必修二三与必修四文化_题源分类准备_20260617_1301/02_text_cache/texts/c2f6013f0e13fcbe.txt,18682,accb11c3fe793d7bd05d26202d2d044cf150a55ca0417438c2b3cb46fcbe5748,yes,,0
2026_海淀_期中,2026,海淀,期中,marking-report,/Users/wanglifei/Desktop/2026模拟题/2026各区期末和期中/2026海淀期中/其他材料/期中讲评20251106.pdf,e65381bd22912637421c0d9922f3617428c82204555954e7b760cea9c7fe6cb9,ai_readable_text_ready,cache-hit,/Users/wanglifei/Desktop/北京高考政治/reports/必修二三与必修四文化_题源分类准备_20260617_1301/02_text_cache/texts/e65381bd22912637.txt,750,86496ab2e07b47740d3e3e17f9884a9961d241f726c7fbc924fd85238d027604,yes,,1
2026_海淀_期中,2026,海淀,期中,paper,/Users/wanglifei/Desktop/2026模拟题/2026各区期末和期中/2026海淀期中/试卷/试卷.docx,11cac42f979196cd879bb2d88efd7984e64cc0c19cdb57cbe1b0a6121ae13e3c,ai_readable_text_ready,cache-hit,/Users/wanglifei/Desktop/北京高考政治/reports/必修二三与必修四文化_题源分类准备_20260617_1301/02_text_cache/texts/11cac42f979196cd.txt,8945,48826fe09e7a0177dac7014f9417aa0fc13b63e9961338c25c0864d968be715c,no,,1
2026_海淀_期末,2026,海淀,期末,paper,/Users/wanglifei/Desktop/2026模拟题/2026各区期末和期中/2026海淀期末/试卷/试卷.pdf,ac3124113aec7062dd70042a1dbd88724d31175c797b380025c53b1fe1ff25e8,ai_readable_text_ready,raw-extracted,/Users/wanglifei/Desktop/北京高考政治/reports/必修二三与必修四文化_题源分类准备_20260617_1301/02_text_cache/texts/ac3124113aec7062.txt,9008,74a7e3f11e2da7db8a95f125fc780900892fe567972a8b7d75ead26220695241,no,,1
2026_海淀_期末,2026,海淀,期末,rubric,/Users/wanglifei/Desktop/2026模拟题/2026各区期末和期中/2026海淀期末/细则/细则.pdf,7832041a93d37e1f1c235dd25d2204090a8616c93d855e2e3a1b1f266f96d1ca,ai_readable_text_ready,raw-extracted,/Users/wanglifei/Desktop/北京高考政治/reports/必修二三与必修四文化_题源分类准备_20260617_1301/02_text_cache/texts/7832041a93d37e1f.txt,1615,c35b5ad612387c69781a9442b81391dc3d412d05a0a18219c2c2b752f284544b,yes,,1
2026_石景山_二模,2026,石景山,二模,paper,/Users/wanglifei/Desktop/2026模拟题/2026各区二模/2026石景山二模/试卷/2026北京石景山高三二模政治（教师版）.docx,00b61bbb2c75b4bed90f34f4d93bcc91168d2b05a597a20a0fc3964bacbe5c6c,ai_readable_text_ready,raw-extracted,/Users/wanglifei/Desktop/北京高考政治/reports/必修二三与必修四文化_题源分类准备_20260617_1301/02_text_cache/texts/00b61bbb2c75b4be.txt,8477,96256924be6fbef94a60ec6d532aaaf1637134a2a9f313da2dfc08a7e5e492c2,no,,0
2026_石景山_一模,2026,石景山,一模,paper,/Users/wanglifei/Desktop/2026模拟题/2026各区一模/2026石景山一模/试卷/试卷.pdf,0d4a5cd29c2e69615b523f3c9a7d0170dcc7a1e3362e8e1e1f68ab6c2cd7a2de,ai_readable_text_ready,raw-extracted,/Users/wanglifei/Desktop/北京高考政治/reports/必修二三与必修四文化_题源分类准备_20260617_1301/02_text_cache/texts/0d4a5cd29c2e6961.txt,9555,c2185fe3d863ee0c5b87c6a018ccb4c873dc0cea0b1e6b57f2ea9bfe5209f3f2,no,,1
2026_西城_二模,2026,西城,二模,paper,/Users/wanglifei/Desktop/2026模拟题/2026各区二模/2026西城二模/试卷/2026北京西城高三二模政治（教师版）.docx,21ae4c2f7aee5465aaab52ff719c252f035ce39bbf34927bcacb1d15e0e695d5,ai_readable_text_ready,raw-extracted,/Users/wanglifei/Desktop/北京高考政治/reports/必修二三与必修四文化_题源分类准备_20260617_1301/02_text_cache/texts/21ae4c2f7aee5465.txt,8103,15fe397a7604fb5f7be87ceec4180948cc6710bc825f9666c2819fa66f8bbf38,no,,0
2026_西城_一模,2026,西城,一模,rubric,/Users/wanglifei/Desktop/2026模拟题/2026各区一模/2026西城一模/细则/细则.docx,22206a780a1503a6d8a61a86f8f18a8c5cfac2d7cb1851a84e668d8dd356eae0,ai_readable_text_ready,raw-extracted,/Users/wanglifei/Desktop/北京高考政治/reports/必修二三与必修四文化_题源分类准备_20260617_1301/02_text_cache/texts/22206a780a1503a6.txt,2551,484d6dd2a319d2e8380602f18c421cec8c32c84057f0d0d367ff85482ff0142c,yes,,1
2026_石景山_期末,2026,石景山,期末,paper,/Users/wanglifei/GaokaoPolitics/2026各区模拟题/2026各区期末和期中/2026石景山期末/2026北京石景山高三（上）期末政治.pdf,22c2a9a9dc00eb284d39bc932bcdffe8565f0511c856c6deb1bdf422c77c38a8,excluded_by_hard_rule,skipped-excluded,,0,,no,,1
2026_石景山_二模,2026,石景山,二模,rubric,/Users/wanglifei/Desktop/2026模拟题/2026各区二模/2026石景山二模/细则/石景山区高三政治第二次模拟考试答案评分细则(1).doc,404f493eede90c04cb04d90cdfa97d468d7df5885b1848699d3d24c53cd32173,ai_readable_text_ready,raw-extracted,/Users/wanglifei/Desktop/北京高考政治/reports/必修二三与必修四文化_题源分类准备_20260617_1301/02_text_cache/texts/404f493eede90c04.txt,2734,8e4c7e976e8ddff9b119f4aeb03fb0e2cfabd9e0070e3631e3c59a4375a657bc,yes,,0
2026_通州_期末,2026,通州,期末,rubric,/Users/wanglifei/Desktop/2026模拟题/2026各区期末和期中/2026通州期末/细则/细则.pptx,44537714bd68a7c15d4311b1317c0cc0c321158c93eae8092ae7f8db161b5317,ai_readable_text_ready,raw-extracted,/Users/wanglifei/Desktop/北京高考政治/reports/必修二三与必修四文化_题源分类准备_20260617_1301/02_text_cache/texts/44537714bd68a7c1.txt,6709,94ec5a4431a5465761083e06bad7cdd4808afdd4586a4eadaa5e22eef6b3dc3d,yes,,1
2026_西城_期末,2026,西城,期末,rubric,/Users/wanglifei/Desktop/2026模拟题/2026各区期末和期中/2026西城期末/细则/细则.pdf,54715a1e650d940e1470d8348f9c4cfaaa4a92cb983965a022b2fae5049ca1a4,ai_readable_text_ready,raw-extracted,/Users/wanglifei/Desktop/北京高考政治/reports/必修二三与必修四文化_题源分类准备_20260617_1301/02_text_cache/texts/54715a1e650d940e.txt,4731,a7611fdca81f1cc2df0b10585737bfa200db261c15d0660b62eb948da6f07d48,yes,,1
2026_西城_一模,2026,西城,一模,paper,/Users/wanglifei/Desktop/2026模拟题/2026各区一模/2026西城一模/试卷/补充材料/2026北京西城高三一模政治.pdf,5581e0237e861511efb8400525d43aa042ca59a4fa0878e1e249617f4397ecc2,ai_readable_text_ready,raw-extracted,/Users/wanglifei/Desktop/北京高考政治/reports/必修二三与必修四文化_题源分类准备_20260617_1301/02_text_cache/texts/5581e0237e861511.txt,9800,0e251a8cebec9f43225250edf2449bf05d59093dcfcaea707ea9ff724d317dd8,no,,1
2026_顺义_二模,2026,顺义,二模,rubric,/Users/wanglifei/Desktop/2026模拟题/2026各区二模/2026顺义二模/细则/26顺义二模评标.doc,643322688930483cce2aebff33fca339c45d22d7a0f6b9f98970c353fe8ee961,ai_readable_text_ready,raw-extracted,/Users/wanglifei/Desktop/北京高考政治/reports/必修二三与必修四文化_题源分类准备_20260617_1301/02_text_cache/texts/643322688930483c.txt,6431,f2dad0966abdccd4895cca71a287ff0150e601ccdfd0f28dd65b4325f80ec188,yes,,0
2026_通州_一模,2026,通州,一模,rubric,/Users/wanglifei/Desktop/2026模拟题/2026各区一模/2026通州一模/细则/26 通州一模评标.pdf,7100a8d418c6747d2d80d4cc83813f8622589640882ebd92f5e09fbb29fb3e5e,ai_readable_text_ready,raw-extracted,/Users/wanglifei/Desktop/北京高考政治/reports/必修二三与必修四文化_题源分类准备_20260617_1301/02_text_cache/texts/7100a8d418c6747d.txt,4718,2dda68bce00624b85c27b9969603af70084115b7693081604ad7970da3544e14,yes,,0
2026_石景山_一模,2026,石景山,一模,rubric,/Users/wanglifei/Desktop/2026模拟题/2026各区一模/2026石景山一模/细则/细则.doc,78d97b669465d8a5bf5290a80e0c500f202c2ee8aa2e7bf6ed082a1be6a57ef3,ai_readable_text_ready,raw-extracted,/Users/wanglifei/Desktop/北京高考政治/reports/必修二三与必修四文化_题源分类准备_20260617_1301/02_text_cache/texts/78d97b669465d8a5.txt,2922,7a7115031b4a21cb5c8eb0000a6a5d645519c279293a2a16487163845bb93017,yes,,1
2026_西城_一模,2026,西城,一模,paper,/Users/wanglifei/Desktop/2026模拟题/2026各区一模/2026西城一模/试卷/试卷.docx,795b221243cdf7b62b7199bf41649f11c1e749c2c9199b3afbe13b6489e1dc61,ai_readable_text_ready,raw-extracted,/Users/wanglifei/Desktop/北京高考政治/reports/必修二三与必修四文化_题源分类准备_20260617_1301/02_text_cache/texts/795b221243cdf7b6.txt,7756,91d528badec80d3155db2253e82e467376cf9c5b61bd358651fa8229d3aab10d,no,,1
2026_通州_期末,2026,通州,期末,paper,/Users/wanglifei/Desktop/2026模拟题/2026各区期末和期中/2026通州期末/试卷/试卷.pdf,7f3083ea306ea1e92b3d368942a6bbd22124af6563a3bca0886f800b2b1af857,ai_readable_text_ready,raw-extracted,/Users/wanglifei/Desktop/北京高考政治/reports/必修二三与必修四文化_题源分类准备_20260617_1301/02_text_cache/texts/7f3083ea306ea1e9.txt,8246,d56d62042bde29260117a09eb6d9fe369dff4a1d856e32934fb18166b4218b3e,no,,1
2026_门头沟_一模,2026,门头沟,一模,rubric,/Users/wanglifei/Desktop/2026模拟题/2026各区一模/2026门头沟一模/细则/细则.docx,89313bd871502cf49c53f220152183ae2ba55a2dd906afe5e8553f1a91d1f155,ai_readable_text_ready,raw-extracted,/Users/wanglifei/Desktop/北京高考政治/reports/必修二三与必修四文化_题源分类准备_20260617_1301/02_text_cache/texts/89313bd871502cf4.txt,4760,b5bf91bdb01837afeb6365ffe63a9021da089a64abd4646b1c3b668766c01532,yes,,1
2026_顺义_一模,2026,顺义,一模,paper,/Users/wanglifei/Desktop/2026模拟题/2026各区一模/2026顺义一模/试卷/试卷.pdf,8d19592ca0679f21b03f2934dabb0ae46fae9c5b58dbb8e8b79607e35bd9fa06,ai_readable_text_ready,raw-extracted,/Users/wanglifei/Desktop/北京高考政治/reports/必修二三与必修四文化_题源分类准备_20260617_1301/02_text_cache/texts/8d19592ca0679f21.txt,9462,9b9d21e4274196f164e3262f2743ee71f88ec2637925f64546d941fcd9b82fc0,no,,1
2026_西城_期末,2026,西城,期末,rubric,/Users/wanglifei/Desktop/2026模拟题/2026各区期末和期中/2026西城期末/细则/补充材料/西城高三期末评标.pptx,9aecfff2e370dc980e0ceb4805b28f66ebfbbeffa7ccdbd4b909dc96b01a3cbe,ai_readable_text_ready,raw-extracted,/Users/wanglifei/Desktop/北京高考政治/reports/必修二三与必修四文化_题源分类准备_20260617_1301/02_text_cache/texts/9aecfff2e370dc98.txt,798,86579f3979b949816be4759a2b76214c5ceacac098c70885bc5dcfec47f953f8,yes,,1
2026_通州_一模,2026,通州,一模,paper,/Users/wanglifei/Desktop/2026模拟题/2026各区一模/2026通州一模/试卷/2026北京通州高三一模政治.pdf,dced3f3054457ebcf15b8217e10703e359761f0c131ea57678cfea5dbada1c34,ai_readable_text_ready,raw-extracted,/Users/wanglifei/Desktop/北京高考政治/reports/必修二三与必修四文化_题源分类准备_20260617_1301/02_text_cache/texts/dced3f3054457ebc.txt,9401,38380934ae9b9694df47d010f651e001844fed13b47053f6aaeab3109843aad5,no,,0
2026_顺义_一模,2026,顺义,一模,rubric,/Users/wanglifei/Desktop/2026模拟题/2026各区一模/2026顺义一模/细则/细则.pptx,de758e5e79500dd06e08fd5c9bb4ddc1a7dfcd46546912d0b3a0c989fda7e724,ai_readable_text_ready,raw-extracted,/Users/wanglifei/Desktop/北京高考政治/reports/必修二三与必修四文化_题源分类准备_20260617_1301/02_text_cache/texts/de758e5e79500dd0.txt,4025,67e24e133d02845b12ee7aa2aa6a1be9d985a4756c2991fc470245f92725fff4,yes,,1
2026_门头沟_一模,2026,门头沟,一模,paper,/Users/wanglifei/Desktop/2026模拟题/2026各区一模/2026门头沟一模/试卷/试卷.pdf,e84e6bbdd89889788d65b9e10336673c02fbe30f450617204af1a41d5136b711,ai_readable_text_ready,raw-extracted,/Users/wanglifei/Desktop/北京高考政治/reports/必修二三与必修四文化_题源分类准备_20260617_1301/02_text_cache/texts/e84e6bbdd8988978.txt,8129,4f3fd4b4e18004fedf6794de84d1ae4b783c507a18332ca7926b82dacbb876bf,no,,1
2026_西城_期末,2026,西城,期末,rubric,/Users/wanglifei/Desktop/2026模拟题/2026各区期末和期中/2026西城期末/细则/补充材料/高三思想政治参考答案.pdf,efbc5507a38dbd4f41a57acd1dfe4877df191813555b2318d451a1b3a855f230,ai_readable_text_ready,raw-extracted,/Users/wanglifei/Desktop/北京高考政治/reports/必修二三与必修四文化_题源分类准备_20260617_1301/02_text_cache/texts/efbc5507a38dbd4f.txt,2842,f3b7f952aaa4e17685ab7411163b331d44e43178131bc40c1f077facfab23292,yes,,2
2026_西城_二模,2026,西城,二模,rubric,/Users/wanglifei/Desktop/2026模拟题/2026各区二模/2026西城二模/细则/西城二模评标.pdf,f414cf7940ad820265da0a6b31d1a822b0fbe5f21a89bfea71b42be598f32cdc,ai_readable_text_ready,raw-extracted,/Users/wanglifei/Desktop/北京高考政治/reports/必修二三与必修四文化_题源分类准备_20260617_1301/02_text_cache/texts/f414cf7940ad8202.txt,6228,3db9678da0fe7b9eee6cc39b15f4347806595dc47ae97d7f39999b9140914d98,yes,,0
2026_顺义_二模,2026,顺义,二模,paper,/Users/wanglifei/Desktop/2026模拟题/2026各区二模/2026顺义二模/试卷/26顺义二模(1).pdf,fb15943f37f694ac19837e8c5e75fb0272b38eae27ec5529bb037fa163c2a403,ai_readable_text_ready,raw-extracted,/Users/wanglifei/Desktop/北京高考政治/reports/必修二三与必修四文化_题源分类准备_20260617_1301/02_text_cache/texts/fb15943f37f694ac.txt,9103,aaa9ffa4067e09e67b1b5d63516b88adf14099a6984a54d526ef49646937bfb3,no,,0
